Date,Close,High,Low,Open,Volume
2010-01-04,84.57850646972656,84.623282820346,83.22023546049228,83.86205639062004,118944600
2010-01-05,84.80236053466797,84.8396779413871,84.22024543040534,84.52623222275905,111579900
2010-01-06,84.86209869384766,85.07106258650583,84.6531348011895,84.72029932647003,116074400
2010-01-07,85.22028350830078,85.3247654018269,84.46651639600287,84.70533296603915,131091100
2010-01-08,85.50389862060547,85.54121603248998,84.82476613624083,84.99641256569927,126402800
2010-01-11,85.623291015625,85.92180746991816,85.257598679594,85.88449576004972,106375700
2010-01-12,84.82476043701172,85.23522347097492,84.49638545477134,85.0561124324062,163333500
2010-01-13,85.54122161865234,85.78003826633102,84.60834319899531,85.04119445839929,161822000
2010-01-14,85.77256774902344,85.92929062949273,85.39195178569081,85.44419274584723,115718800
2010-01-15,84.80985260009766,85.70541371280088,84.48147753498175,85.62332564036059,212283100
2010-01-19,85.86959075927734,85.92183172290824,84.77252482919043,84.79491869403624,139172700
2010-01-20,84.99642181396484,85.41434954212454,84.31728925570533,85.28747943805296,216490200
2010-01-21,83.36201477050781,85.28001260733325,83.25753284117398,85.01880778399868,344859600
2010-01-22,81.50370025634766,83.39184478418747,81.41414190116632,82.9888407266263,345942400
2010-01-25,81.92163848876953,82.39927741787325,81.6529747760398,82.25001347320418,186937500
2010-01-26,81.57831573486328,82.44402927538762,81.37681658668502,81.6007038964569,211168800
2010-01-27,81.9664077758789,82.1529834073306,80.84695398716873,81.47384537580496,271863600
2010-01-28,81.02608489990234,82.2798736789542,80.53352807268794,82.23509733843593,316104000
2010-01-29,80.14543914794922,81.94403122305579,80.0185690671046,81.37683962879416,310677600
2010-02-01,81.39176940917969,81.39923403034138,80.22753903681306,80.71263692324504,187865000
2010-02-02,82.37689208984375,82.53361497760442,81.25743801112081,81.54103668845353,216327900
2010-02-03,81.9664077758789,82.45150555642059,81.72759119537419,82.00371948586739,172730700
2010-02-04,79.43643951416016,81.36936024619418,79.42151027568853,81.33204853768748,356715700
2010-02-05,79.60063934326172,79.76482113510808,78.04832854350197,79.52600452697867,493585800
2010-02-08,79.02599334716797,80.10067106943076,78.96628776396719,79.66034951062228,224166900
2010-02-09,80.01856994628906,80.71263162902116,79.30957902221286,79.9513997479151,337820500
2010-02-10,79.86187744140625,80.30219343324704,79.1902036714598,79.89173024160826,240511500
2010-02-11,80.69770050048828,80.78725886494672,79.29465362032877,79.75736329594172,223591600
2010-02-12,80.63053131103516,80.67530764374328,79.48868927628364,79.84691132562222,304622100
2010-02-16,81.89927673339844,81.9813705059827,80.46637656548268,81.2425322465635,159317500
2010-02-17,82.28734588623047,82.39929244168408,81.89926525316969,82.29480481444592,168845100
2010-02-18,82.77241516113281,82.94406155204943,82.12312991946244,82.15298270349933,193708600
2010-02-19,82.94407653808594,83.2649869071679,82.36196137878318,82.55600166316323,222684900
2010-02-22,82.95901489257812,83.2724606752744,82.71273362310049,83.25007250420153,132346900
2010-02-23,81.9515151977539,82.98887571718075,81.73508668519047,82.73513547793745,207497000
2010-02-24,82.70525360107422,82.83958829633526,81.98880379096094,82.19776760718104,176350700
2010-02-25,82.59330749511719,82.65301306972455,81.30220718379572,81.52609454781783,259634700
2010-02-26,82.64558410644531,82.92918286126898,82.17541531469371,82.66797228312309,173589300
2010-03-01,83.50382232666016,83.58591609261536,82.96648338362202,82.98887155727549,147709700
2010-03-02,83.73517608642578,84.1381803019194,83.5859177964676,83.86205189611289,160992400
2010-03-03,83.8097915649414,84.30981298401758,83.60082203589822,83.9515851994953,150785000
2010-03-04,84.06356048583984,84.182971686129,83.60831524895643,83.92176110895633,135770400
2010-03-05,85.26508331298828,85.33224782281854,84.40683407085149,84.60833898801774,176118800
2010-03-08,85.28001403808594,85.46658972843198,85.13075576334437,85.2725551100356,114631200
2010-03-09,85.42179107666016,85.81733052588356,84.98147529547539,85.02625162743676,154556700
2010-03-10,85.80245208740234,86.03380418261013,85.3845242524877,85.4591534096025,186088800
2010-03-11,86.16062927246094,86.18302313234314,85.33969758571945,85.60090234597764,160791100
2010-03-12,86.16809844970703,86.5487143741201,85.92928184286369,86.53378513340905,162074800
2010-03-15,86.19050598144531,86.25021157002952,85.52629696650133,86.01885953156359,146816800
2010-03-16,86.8770980834961,86.95918614031667,86.19049528764229,86.42931191851042,168673000
2010-03-17,87.39203643798828,87.67563508015823,86.88455042413578,87.13829627798061,177468100
2010-03-18,87.34724426269531,87.51889064714152,86.99648118077982,87.39948520933147,196509100
2010-03-19,86.90512084960938,87.8942967726296,86.56789827660991,86.90512084960938,226641100
2010-03-22,87.36975860595703,87.5271326215032,86.3581019929785,86.41055809239855,184477800
2010-03-23,87.9842300415039,88.0591664904984,87.21236803673527,87.49713454711278,182941600
2010-03-24,87.55707550048828,87.99921024482515,86.61286600354346,87.65449802442373,196072600
2010-03-25,87.41470336914062,88.55375226702051,87.30979119633398,88.14908857878717,223396300
2010-03-26,87.36226654052734,87.9917397161258,87.01755422284926,87.57958629418468,205808500
2010-03-29,87.91678619384766,88.07415445721718,87.44468140373912,87.80437865793093,134513500
2010-03-30,87.97671508789062,88.29894689235799,87.6095225674968,88.02167580381709,145772500
2010-03-31,87.67699432373047,88.06666733845262,87.38473813336752,87.63952323582329,161078700
2010-04-01,88.2764892578125,88.61370614863122,87.75192266207975,88.2764892578125,161215200
2010-04-05,88.99591064453125,89.0558563896893,88.36643172343955,88.61372721805722,105847600
2010-04-06,89.20572662353516,89.36309490962878,88.64369458007837,88.74111140938807,110384200
2010-04-07,88.69612121582031,89.44549702486422,88.28396223393268,89.02584840133042,184576300
2010-04-08,89.00340270996094,89.1532813701476,88.1266339876926,88.38891449641137,158704000
2010-04-09,89.58789825439453,89.6253636220025,89.02586628471147,89.19072419329923,133006500
2010-04-12,89.73027801513672,89.96258845609707,89.5953901103899,89.7003022899391,110279000
2010-04-13,89.7977066040039,89.95507484139384,89.17572329626002,89.64033836661397,125043600
2010-04-14,90.81688690185547,90.81688690185547,89.98507901456685,90.12745657877848,161609000
2010-04-15,90.89180755615234,91.10163190252639,90.63701676606624,90.66699248944606,144615300
2010-04-16,89.4455337524414,90.89182988645676,88.98841386384215,90.56959792756362,366786700
2010-04-19,89.78276062011719,89.87268782226792,88.77859925722399,89.1832630909723,217947800
2010-04-20,90.5845718383789,90.65951401470271,89.82770616961946,90.3447717390846,157708000
2010-04-21,90.41968536376953,90.84682933442429,89.9175992404553,90.6369993111747,192910100
2010-04-22,90.68948364257812,90.80189118930512,89.2656737749872,89.78273934227488,115360300
2010-04-23,91.28148651123047,91.31895759723353,90.39722262403731,90.62953306614328,177335500
2010-04-26,90.9367446899414,91.51376721005192,90.84682326041583,91.31143255905306,143457300
2010-04-27,88.78605651855469,90.92926626919031,88.61369755105329,90.41220080125456,355853300
2010-04-28,89.46050262451172,89.68531770590404,88.62869482755919,89.2132128957222,300674100
2010-04-29,90.56956481933594,90.7569087800383,89.97755721744237,90.00003757796122,193775000
2010-04-30,89.03334045410156,90.68197070901519,89.01086009398684,90.5845481921396,270000900
2010-05-03,90.1874008178711,90.4346962710103,89.3256172709614,89.46050518019322,182747900
2010-05-04,88.06668090820312,89.19824047338935,87.61705637046325,89.1832554662887,360353400
2010-05-05,87.54210662841797,88.27649764530726,86.90513815341464,87.34726726193136,328973200
2010-05-06,84.63450622558594,87.67697019956128,78.68446043550372,87.12243369828386,647356600
2010-05-07,83.37555694580078,85.25648617391734,81.98921279545765,84.40969353916987,637558800
2010-05-10,87.04752349853516,87.41471615707519,86.11080344909647,86.78523731086395,396159600
2010-05-11,86.80020904541016,87.94675322034588,86.11078461198639,86.23068177909808,317849800
2010-05-12,88.01419830322266,88.14159655300188,86.9950466086957,87.14492522099935,235607100
2010-05-13,86.92011260986328,88.18655976240574,86.84517616024262,87.7744007135651,234452500
2010-05-14,85.34645080566406,86.4255543106614,84.58208963448187,86.26818600239702,345601400
2010-05-17,85.39139556884766,85.81853967344087,83.75775560934834,85.57873957467424,325739800
2010-05-18,84.22985076904297,86.34309053985473,83.95257963287163,86.08829976550837,360556800
2010-05-19,83.75028991699219,84.50715580053942,82.70116204087005,83.75777956292174,394742700
2010-05-20,80.58790588378906,82.34893856230165,80.53544978586864,81.96675515328945,530418300
2010-05-21,81.76441192626953,81.96674092103537,78.95425206000314,79.36641112730284,500909400
2010-05-24,80.71529388427734,81.97424588047588,80.6403574225257,81.3222866569369,269823000
2010-05-25,80.79771423339844,80.83518531759582,78.21985915076411,78.76690610670815,396505200
2010-05-26,80.3106460571289,82.03421360565913,80.0708459015956,81.29233276780403,349719300
2010-05-27,83.0008773803711,83.03085310284087,81.51711056318167,81.82435743053354,300870500
2010-05-28,81.959228515625,82.97088464306067,81.56954992071375,82.91093321041535,297933500
2010-06-01,80.58039093017578,82.39387926568824,80.46049375720268,81.19487894953474,277909400
2010-06-02,82.67864227294922,82.68613191531004,80.56540251849675,80.99254654171745,240243700
2010-06-03,82.9634017944336,83.22568220520111,82.11660912044584,82.91844107181177,226618300
2010-06-04,80.04835510253906,81.92929072211521,79.77857924804664,81.38973901313035,398475600
2010-06-07,79.05167388916016,80.64035309250372,78.99172815334899,80.33310618334852,264609100
2010-06-08,79.89846801757812,80.05583628527869,78.42219644121124,79.11162096179036,357774300
2010-06-09,79.47132873535156,81.14243404833485,79.13410609798562,80.3630823060949,268023300
2010-06-10,81.7944107055664,81.89182755016574,79.46385034219942,80.82771475302275,317890600
2010-06-11,82.19156646728516,82.24402256277956,81.02254164353239,81.0749977390268,214128200
2010-06-14,82.06412506103516,83.2706202565322,81.98169328614165,82.82099031446502,207196100
2010-06-15,83.93013000488281,84.00506647750133,82.4988187935378,82.64120209361343,238268700
2010-06-16,83.90008544921875,84.24479751432604,83.33055843338504,83.4954219682802,216374000
2010-06-17,84.03500366210938,84.17738689687206,83.21818676586477,84.13991581910807,263185800
2010-06-18,84.12613677978516,84.42730871423167,83.85507744319415,84.20142976339679,174006600
2010-06-21,83.88517761230469,85.23293723708201,83.41835202386932,85.17270630993323,213140700
2010-06-22,82.4997787475586,84.25413337089348,82.37931112561623,83.88519373905673,239355400
2010-06-23,82.24376678466797,82.84611627586636,81.67906090539651,82.55246967820403,254639900
2010-06-24,80.88094329833984,81.94259316046475,80.67012067892126,81.83718185075547,268523600
2010-06-25,81.21976470947266,81.63387889931445,80.39152484081878,81.12187868254894,238726500
2010-06-28,80.9637680053711,81.55859225511433,80.67012139080597,81.34023861322234,169218600
2010-06-29,78.46402740478516,80.94873647458479,77.96708903751765,79.82684958392147,373649500
2010-06-30,77.71856689453125,78.96844590235409,77.46256398072235,78.2456232693089,284101700
2010-07-01,77.37226104736328,77.92190506079697,76.14496287025493,77.66590773826339,382924800
2010-07-02,76.95060729980469,77.86919670922661,76.51390566202755,77.63578671795894,233385200
2010-07-06,77.45506286621094,78.58447465971044,76.70964694647175,78.03482505930042,256935300
2010-07-07,79.89460754394531,79.99248785196414,77.56801577261892,77.65083978112972,253769400
2010-07-08,80.68521881103516,80.7755681200652,79.74404187871805,80.56474540634427,210842100
2010-07-09,81.28754425048828,81.29507527214749,80.51201560969483,80.66260157596071,144999900
2010-07-12,81.3402328491211,81.49834980387553,80.67764669427127,81.0164679195329,131283600
2010-07-13,82.56756591796875,82.89132524147932,82.0179161069066,82.18356415255512,213025900
2010-07-14,82.55999755859375,82.88376248017589,81.965173365711,82.30399458259426,184426800
2010-07-15,82.58261108398438,82.86872674139396,81.44566798765561,82.52990541697505,232337900
2010-07-16,80.30872344970703,82.22872035708893,80.15060071834121,82.13836533123508,282693400
2010-07-19,80.7830810546875,81.03907836559944,79.97743401080751,80.60237673260336,186709000
2010-07-20,81.67908477783203,81.73931572341596,79.67625791662795,79.71390728404397,258162400
2010-07-21,80.617431640625,82.12331436912794,80.2861356021186,82.10072704731827,264527000
2010-07-22,82.41695404052734,82.77836839224103,81.56613243921343,81.57365771618625,274781300
2010-07-23,83.13223266601562,83.25270025931447,82.01787726945557,82.25128718080545,222020800
2010-07-26,83.99813079833984,84.08095480209042,83.04189786115539,83.27530782927812,184445700
2010-07-27,83.99059295654297,84.54776783475198,83.65929699110144,84.45741282295371,204855600
2010-07-28,83.44847869873047,84.07342130429187,83.16988837294767,83.81741829650767,163056200
2010-07-29,83.04191589355469,84.19391543016658,82.37932946415694,83.96803069007157,220149100
2010-07-30,83.02687072753906,83.47110927484839,82.05558108332308,82.19863608627969,220070600
2010-08-02,84.90166473388672,85.03719440107817,83.98307540564309,84.32189670137855,188263200
2010-08-03,84.49504852294922,84.9091626683286,84.21645825663308,84.69081481129257,146657300
2010-08-04,85.05976104736328,85.16517234683745,84.44988056547916,84.72846510931019,158171700
2010-08-05,84.96942901611328,85.01460940273542,84.38966671225573,84.51766536129763,140473800
2010-08-06,84.62305450439453,84.75858413975728,83.51623010634631,84.13364161311324,239728300
2010-08-09,85.07483673095703,85.21789741762603,84.57036743357916,85.0221310692084,120800400
2010-08-10,84.61552429199219,85.0672935771692,83.85505786721342,84.351996038629,242916300
2010-08-11,82.2964859008789,83.34307384212775,82.16095623790133,83.3129555009676,273406900
2010-08-12,81.79199981689453,82.08564642292636,81.0164713063753,81.05412066386057,239542600
2010-08-13,81.5510482788086,82.04046114016124,81.45316800433193,81.53599198446014,158698500
2010-08-16,81.51344299316406,81.77697135179152,80.7002648484102,80.99391155437898,147895300
2010-08-17,82.51483154296875,83.11718686056659,81.98024392723154,82.21365962865588,172270300
2010-08-18,82.66539001464844,83.10962243082693,82.002804027227,82.47715477162697,182922100
2010-08-19,81.22730255126953,82.4395384616724,80.88848127584669,82.23624684531589,265847600
2010-08-20,80.9637680053711,81.2724766611622,80.37647477624085,80.98635532272448,209714200
2010-08-23,80.65506744384766,81.74682994062914,80.61741808417143,81.34777200379847,163490300
2010-08-24,79.45787048339844,80.10540026548314,79.0362253209189,79.77410435525809,280677800
2010-08-25,79.76660919189453,80.06778113907906,78.52425480405499,79.0211931124988,272234800
2010-08-26,79.23199462890625,80.24846396691227,78.96846064782511,80.14305267227371,224439500
2010-08-27,80.45930480957031,80.54212880907399,78.539302267601,79.72895085639387,272649000
2010-08-30,79.29224395751953,80.49695459501521,79.28471868078758,80.24848259519527,167238600
2010-08-31,79.29224395751953,79.79671897837743,78.67483234082172,78.99859731936363,273933100
2010-09-01,81.66400909423828,81.77695143313673,80.30871826091477,80.36142391980259,256828100
2010-09-02,82.42449188232422,82.43954818200196,81.68660681940757,81.85978586037844,156112200
2010-09-03,83.49363708496094,83.56893004513113,82.78587062149501,83.23010885212298,212197300
2010-09-07,82.552490234375,83.20755128545956,82.48472826934213,83.10213995463951,141973700
2010-09-08,83.13223266601562,83.46352285595111,82.68046339381146,82.71811274799012,149924400
2010-09-09,83.51625061035156,84.08848762731535,83.29037165894833,84.06590030662367,147017900
2010-09-10,83.93790435791016,84.0357846655493,83.47860967412711,83.66684501192388,127819000
2010-09-13,84.87157440185547,85.04474774545507,84.42733588992725,84.76616304197181,178503500
2010-09-14,84.81886291503906,85.30074502565607,84.38968648075554,84.70592053875647,209823600
2010-09-15,85.14260864257812,85.24048894937997,84.31437431225461,84.57037161211477,168608400
2010-09-16,85.1200180053711,85.17272366767062,84.59295563788933,84.879077014218,199962900
2010-09-17,85.15180206298828,85.65140649239582,84.91714252657907,85.56813908749457,195836900
2010-09-20,86.45378875732422,86.64303179525949,85.17450397280518,85.44701440945113,214555200
2010-09-21,86.27970886230469,86.93069975399854,85.92393094255674,86.52193977731001,268389100
2010-09-22,85.85577392578125,86.62788869948537,85.61354308555303,86.14342701902893,191322400
2010-09-23,85.15938568115234,86.04504190617861,84.9171547706689,85.15181434091336,202354300
2010-09-24,86.91552734375,86.97608649157324,86.02987146397831,86.10556751113828,209671800
2010-09-27,86.49920654296875,87.04422742448085,86.4159449182415,86.94582312235644,128761800
2010-09-28,86.80201721191406,87.08209905799511,85.6741300375715,86.61277412610703,209207500
2010-09-29,86.65059661865234,86.98366618845174,86.30995571083785,86.58246612699395,179665800
2010-09-30,86.39324951171875,87.64982634534947,85.98448376253432,87.08966844101845,287106700
2010-10-01,86.756591796875,87.14264926928448,86.24185042540905,87.04423917863183,174638700
2010-10-04,86.10557556152344,86.93824370860911,85.67410169960931,86.5749003381755,166153200
2010-10-05,87.83905792236328,88.05100922190483,86.8020038921895,86.9004139778622,229634100
2010-10-06,87.83148956298828,88.0585835489104,87.47571168015558,87.82391822339355,148626600
2010-10-07,87.72549438476562,88.20995605668338,87.19561623586766,88.18724781819328,164860000
2010-10-08,88.2175521850586,88.45978308908802,87.51356771784178,87.84663737659734,177760100
2010-10-11,88.3008041381836,88.54303499979814,87.99801411735558,88.35379195868555,103098300
2010-10-12,88.57332611083984,88.83069390814504,87.54384337113899,88.01316247804611,182210000
2010-10-13,89.26216888427734,89.73906511155644,88.85340316456958,89.06536025182702,194347200
2010-10-14,88.91394805908203,89.3302850517391,88.3537902850664,89.17888715657325,217764300
2010-10-15,89.09561157226562,89.58764457967983,88.38406174369791,89.53465676504992,243705000
2010-10-18,89.53465270996094,89.82987134599107,88.80038890103118,89.12588711194113,141204800
2010-10-19,88.3613510131836,89.20915602335091,87.8238957689316,88.70955746739352,280604700
2010-10-20,89.22435760498047,89.65583173258416,88.46738504600962,88.52037289412789,200051800
2010-10-21,89.42115020751953,90.14784304022615,88.72473696474752,89.62553599576776,221585500
2010-10-22,89.587646484375,89.72390169278292,89.32270740559261,89.55736690748004,108212400
2010-10-25,89.85261535644531,90.65500997212231,89.78449061727197,90.18568503749013,151145700
2010-10-26,89.86772918701172,89.95856214341578,89.22430405311468,89.39840440304835,158982900
2010-10-27,89.61036682128906,89.70877690329344,88.76256165472553,89.23945206091753,190024000
2010-10-28,89.62552642822266,90.16297609789609,89.19405242438677,90.12512517070813,168576000
2010-10-29,89.69361877441406,89.86772489126416,89.37569189171933,89.5346553330667,144305500
2010-11-01,89.72392272949219,90.64742982797848,89.20918135206901,90.1326884505553,174074800
2010-11-02,90.4354476928711,90.64739893335356,90.15536596781173,90.39759678196859,158345900
2010-11-03,90.79883575439453,90.85182359061719,89.66337717084525,90.5944557504617,226702800
2010-11-04,92.54741668701172,92.59283316794055,90.81394977027801,91.80558143881875,215039400
2010-11-05,92.8956298828125,93.04702201365339,92.4868641992546,92.60797674887938,180654100
2010-11-08,92.72151184082031,92.8729097274803,92.30518064679278,92.60796486963504,156107100
2010-11-09,92.0553970336914,93.06973709034061,91.68448224322535,92.97133277559166,186621600
2010-11-10,92.42628479003906,92.47170703953286,91.33624898123941,92.03266187093553,221387400
2010-11-11,92.0781021118164,92.2143573449905,91.35140945996783,91.63149126572564,158017600
2010-11-12,90.98808288574219,91.85860232677392,90.57175151846006,91.45740786683753,239068800
2010-11-15,90.85935974121094,91.63147451311482,90.82151460156155,91.27569670402565,163940800
2010-11-16,89.44383239746094,90.45060097207154,89.0123527258917,90.29920885152175,299566200
2010-11-17,89.48925018310547,89.8601649265269,89.21673974195197,89.48167884439584,172308900
2010-11-18,90.80638122558594,91.13187949114872,90.34462773780524,90.35219907660606,197723700
2010-11-19,91.0561752319336,91.09402037205211,90.26892354945892,90.76095657291044,156852900
2010-11-22,90.98052215576172,91.01836731375833,89.90561686935779,90.6020359243461,181361000
2010-11-23,89.66339111328125,90.09486521111349,89.31518445320978,89.90562208442843,222309000
2010-11-24,90.98808288574219,91.01079690962267,90.21597355580212,90.23111046314786,140046100
2010-11-26,89.92828369140625,90.69282131938874,89.92828369140625,90.20079409700506,76007800
2010-11-29,90.20082092285156,90.44305182484158,89.12591588098313,89.7012164389245,223642300
2010-11-30,89.69361877441406,90.20836001197442,89.17887753685369,89.30756717767271,233930700
2010-12-01,91.60123443603516,91.7753348590223,90.9805172807829,90.9880828468319,221037200
2010-12-02,92.77450561523438,92.84263611241636,91.69203520086535,91.74502302078946,191213600
2010-12-03,93.02430725097656,93.1302828901847,92.4338698967486,92.45657813725904,151288900
2010-12-06,92.9259033203125,93.1378545995726,92.72908894303988,92.82749324405658,103050500
2010-12-07,92.9789047241211,93.87213222810077,92.92591689656467,93.81914440054435,206581000
2010-12-08,93.31954956054688,93.39524563983082,92.66098731801182,93.09246132269503,138019200
2010-12-09,93.6828842163086,93.87969283670581,93.22113069687558,93.84184769058623,123705100
2010-12-10,94.22789764404297,94.31873060769341,93.66016852027045,93.97052410480832,117571700
2010-12-13,94.2884521484375,94.77291387779414,94.25817256844779,94.65937267188194,133812700
2010-12-14,94.37173461914062,94.79564303144808,94.08408722616508,94.4322937887903,147249600
2010-12-15,93.94024658203125,94.56853487882019,93.7812831169231,94.19762012690117,160823100
2010-12-16,94.48527526855469,94.55340577364194,93.67531519845441,94.00081349439601,185035200
2010-12-17,94.58649444580078,94.708243950935,94.22123431917262,94.41908379633009,141075300
2010-12-20,94.81478118896484,95.04306950402729,94.34299385273492,94.84522001801405,119085500
2010-12-21,95.41592407226562,95.47680172339182,95.02023095117009,95.11154162224703,94965500
2010-12-22,95.71267700195312,95.74311582167651,95.43112807933146,95.48439456244458,78878100
2010-12-23,95.5757064819336,95.71267826969745,95.3398128829669,95.60614530206016,70053700
2010-12-27,95.61376190185547,95.70507256182222,95.14958002831901,95.21806302329408,58126000
2010-12-28,95.750732421875,95.84204308062534,95.49961649908839,95.80399890801657,55309100
2010-12-29,95.8192138671875,96.03227980830991,95.80399735951225,95.86487500143622,58033100
2010-12-30,95.66706848144531,95.97905637643423,95.52248546842303,95.72794615067723,76616900
2010-12-31,95.68983459472656,95.78115103982674,95.37023574529145,95.52242401484807,91218900
2011-01-03,96.67911529541016,97.09763611062765,95.65182373621103,96.42038816463891,138725200
2011-01-04,96.62580871582031,96.92257990362324,96.02465518509867,96.89214108877033,137409700
2011-01-05,97.12806701660156,97.18894466659597,96.23014199882678,96.3214584738184,133975300
2011-01-06,96.93782806396484,97.27264933107469,96.64866793685047,97.16611634710559,122519000
2011-01-07,96.7475814819336,97.22697986875954,95.99423950103233,97.06718040648423,156034600
2011-01-10,96.62580871582031,96.76278047985322,96.03226053460415,96.32142637290158,122401700
2011-01-11,96.96826171875,97.2041553413028,96.60300164632163,96.97587287594548,110287000
2011-01-12,97.84334564208984,97.9498786058166,96.99107612666471,97.5617967260739,107929200
2011-01-13,97.68352508544922,97.92703559936888,97.44002618274995,97.88138028081403,129048400
2011-01-14,98.3912582397461,98.41408590850875,97.47811665556422,97.54659966185218,117677900
2011-01-18,98.55866241455078,98.64997308360697,98.18579116386398,98.2999295001842,114401300
2011-01-19,97.5922622680664,98.57388693164783,97.33354092866989,98.47497089671745,151958400
2011-01-20,97.46289825439453,97.70639726805261,96.73998914939976,97.37158177006312,175745700
2011-01-21,97.68352508544922,98.29228975902797,97.57699213841447,98.07161851560612,151462900
2011-01-24,98.23904418945312,98.35318250338211,97.59983479778431,97.62266246057011,113715500
2011-01-25,98.29229736328125,98.37600265751433,97.48568904315589,97.98030384739236,167552200
2011-01-26,98.67280578613281,98.96197173453274,98.33798450087501,98.5358397755592,141281500
2011-01-27,98.91629791259766,99.08370852394154,98.52059904840094,98.69561501072486,123302700
2011-01-28,97.18893432617188,99.19024476611996,97.02913486614759,99.03043950048405,295637300
2011-01-31,97.9194564819336,97.99555644974909,97.21177554839389,97.4552861564236,149249200
2011-02-01,99.4870376586914,99.66205366485345,98.45214071626344,98.51301837302107,167194300
2011-02-02,99.29678344726562,99.56311009033683,99.17502815323219,99.22828883735687,118323600
2011-02-03,99.51744842529297,99.66963672753862,98.59670164941178,99.12174955047577,145886700
2011-02-04,99.7989730834961,99.83702305260557,99.09889777451889,99.55547418139201,134634800
2011-02-07,100.42298126220703,100.75018552092831,100.01206008704216,100.01967704920402,112439100
2011-02-08,100.87957000732422,100.93283069280643,100.240360502968,100.51430411591375,99072800
2011-02-09,100.65128326416016,100.92522688128689,100.14905136422375,100.6056279298431,146436700
2011-02-10,100.68936920166016,100.80350757821047,99.91319340743247,100.14148177176162,162708500
2011-02-11,101.29046630859375,101.41982694059075,100.27079195434246,100.29361961815236,137710300
2011-02-14,101.53397369384766,101.61767900517809,101.11545874841919,101.22959707694991,101690700
2011-02-15,101.21439361572266,101.37419891665593,100.68934559545805,101.22201057985927,119575400
2011-02-16,101.85356140136719,101.97530505409806,101.35132964598127,101.55679020249751,130183500
2011-02-17,102.15795135498047,102.29491733648298,101.46548126301306,101.55680352857065,109810500
2011-02-18,102.3709945678711,102.49274982077576,102.01334576947612,102.24923931496642,130002400
2011-02-22,100.31645202636719,102.39385080987647,100.04250843646966,101.2980764502864,233116400
2011-02-23,99.70008850097656,100.49909165906571,99.08371828540677,100.2555810690399,227584000
2011-02-24,99.63156127929688,100.01965470371746,98.69559242909584,99.593522921877,260431400
2011-02-25,100.69690704345703,100.75778467387757,99.98921474963642,100.05009238005695,141686900
2011-02-28,101.32093811035156,101.45031040309681,100.73501236663316,101.06983371231632,141585500
2011-03-01,99.63156127929688,101.73179879153948,99.60112827111693,101.64048815577944,258565500
2011-03-02,99.84465789794922,100.3088397373032,99.1902377901915,99.49461437514849,200277400
2011-03-03,101.56442260742188,101.67856094076828,100.74259177365536,100.75019712547041,176480100
2011-03-04,100.803466796875,101.68617525584814,100.14144125825707,101.48832000156777,277202300
2011-03-07,100.01206970214844,101.32852704820453,99.48702176752876,101.10023877463463,216790400
2011-03-08,100.8871841430664,101.20678311745871,99.73814890575889,100.17188622413946,174615000
2011-03-09,100.7425765991211,101.05457014490551,100.14142878200546,100.68931592198997,153806000
2011-03-10,98.87828826904297,99.82186306927137,98.77936060983414,99.6848970284231,301291800
2011-03-11,99.5631332397461,99.92078224211126,98.53585318694908,98.55868085848502,225621800
2011-03-14,98.96195220947266,99.28915646654717,98.20860446627711,98.91629688162253,234974100
2011-03-15,97.82813262939453,98.41406979120241,96.2605710378778,96.32905403295028,359585400
2011-03-16,96.01707458496094,97.835758066107,95.3322155468575,97.51614750563847,468670300
2011-03-17,97.28783416748047,97.69874945998824,96.71711945104362,97.4019782718899,254303700
2011-03-18,97.64173889160156,98.49771113573968,97.45067412708417,98.46713424288295,230435400
2011-03-21,99.15494537353516,99.36128686242542,98.74223907242596,98.8568848945849,153992600
2011-03-22,98.81104278564453,99.26960285869613,98.71933543570104,99.1396802257205,129538600
2011-03-23,99.09381103515625,99.35365626042231,98.06970691557926,98.53589364591028,148603100
2011-03-24,100.04147338867188,100.18668442818314,99.10143831928839,99.65934398434285,159129800
2011-03-25,100.3471908569336,100.7828123439648,100.0338419248889,100.30133719110553,155642800
2011-03-28,100.10261535644531,100.82102050147178,100.07205013527275,100.56117530568125,109762400
2011-03-29,100.77519226074219,100.80575748962522,99.68994587955771,100.01857165213461,129798800
2011-03-30,101.47064971923828,101.7687102011565,101.15730079521377,101.30251184106241,135835000
2011-03-31,101.33311462402344,101.61589843031724,101.22611881294893,101.3407646787444,132537100
2011-04-01,101.76106262207031,102.2349110455643,101.51650585074916,101.95977738928754,153850100
2011-04-04,101.84513854980469,102.15848750293942,101.55472809279263,101.97506116561689,100768900
2011-04-05,101.82987976074219,102.28078980029305,101.60059971399285,101.6464533910092,120791500
2011-04-06,102.15087127685547,102.4107165648615,101.73816484374653,102.31900920713421,120411600
2011-04-07,101.89102935791016,102.39543150375653,101.38661555039532,101.96744827132035,170731500
2011-04-08,101.5394515991211,102.40306800419411,101.11910681516224,102.34192588455765,147945400
2011-04-11,101.23371124267578,101.9903198825672,100.98914286419547,101.64640580428363,121385400
2011-04-12,100.47712707519531,100.86689494919862,100.11028603721182,100.66819181647138,161187400
2011-04-13,100.46946716308594,101.01972277136271,100.08733776238628,100.94330388822108,162059000
2011-04-14,100.54589080810547,100.69874024329154,99.5600020387405,99.88862774130736,161220400
2011-04-15,100.91275024414062,101.16495710608105,100.43127501831482,100.72933555303233,170006700
2011-04-18,99.78166198730469,100.9051237494673,98.97918763409311,99.80458882639634,210759300
2011-04-19,100.35485076904297,100.38542766059557,99.68994914861464,99.93450597269916,124258800
2011-04-20,101.72283935546875,101.94446925108657,101.48590935866439,101.55470150569145,156133800
2011-04-21,102.24256134033203,102.28841501143957,101.72287085222523,102.25019973162792,135935400
2011-04-25,102.13555908203125,102.30369697321552,101.7992832996627,102.16612430694413,65757100
2011-04-26,103.01445007324219,103.22080323764916,102.34191018375279,102.44890596128508,146600000
2011-04-27,103.6869888305664,103.83983825651474,102.79280744402178,103.21315211162747,143031000
2011-04-28,104.02326965332031,104.160830644904,103.48829080549889,103.50356758567646,124791100
2011-04-29,104.26786041259766,104.37486787871761,103.9239461598357,104.06151885794131,115094100
2011-05-02,104.1073226928711,104.84100452593972,103.90096957534321,104.75694726280658,126278700
2011-05-03,103.73287200927734,104.08443628449312,103.20553142728717,103.90865997771874,138375000
2011-05-04,103.0450668334961,103.73289543212785,102.58650665996184,103.68704174710835,182678500
2011-05-05,102.1126480102539,103.13675229706621,101.66173798777692,102.47185068217074,226900000
2011-05-06,102.56352233886719,103.6564184199202,102.16610452196944,103.12907801438847,222787200
2011-05-09,102.96096801757812,103.2590285454925,102.39541218901428,102.55591170173722,114104500
2011-05-10,103.83985900878906,104.02328535358282,103.17495745911899,103.30488008022314,114806900
2011-05-11,102.7469711303711,103.70229478092621,102.27313433142876,103.68700633725095,193564200
2011-05-12,103.23609924316406,103.45009081390455,101.9444997658379,102.47184030147199,171550700
2011-05-13,102.4412841796875,103.43482333762597,102.07444307857747,103.28961224340141,157444900
2011-05-16,101.79166412353516,102.87691056861203,101.62352620061236,102.07443623860188,141675400
2011-05-17,101.7763671875,101.91393986826439,100.97389292442969,101.4095261415726,192686200
2011-05-18,102.68584442138672,102.79284021983285,101.60823638310725,101.8298780338176,135217900
2011-05-19,102.930419921875,103.19791529735227,102.36487559677495,103.02213895265923,119489500
2011-05-20,102.1126480102539,102.9303990966387,101.92158325547547,102.66291543694918,182594900
2011-05-23,100.92800903320312,101.43242260887176,100.56880648643876,100.86686693357694,168700000
2011-05-24,100.84394073486328,101.44006163286932,100.65287604545973,101.218431724293,147199600
2011-05-25,101.18022155761719,101.60056622783986,100.40832437169102,100.4388895924055,151050100
2011-05-26,101.64641571044922,101.82984201218565,100.71401908453309,100.90508377571814,164850000
2011-05-27,102.03620910644531,102.31134279731218,101.6158760096113,101.92921331897855,120921900
2011-05-31,103.09850311279297,103.11379155341487,102.28839068478136,102.99915740290884,164731200
2011-06-01,100.78282928466797,103.1138215366193,100.69876032929704,102.80047255190343,233094300
2011-06-02,100.67584228515625,101.06562186758448,100.08737120783178,100.85163026461781,200466800
2011-06-03,99.67463684082031,100.43889568333081,99.41479163316622,99.46828368807643,234690200
2011-06-06,98.6199722290039,99.62879966568764,98.49004960367338,99.42244647879026,179951200
2011-06-07,98.55884552001953,99.40717347432478,98.47477656376705,99.1243897151118,161660500
2011-06-08,98.14610290527344,98.73458538183468,97.96267661524249,98.4059480699037,198696400
2011-06-09,98.89508819580078,99.30014444382627,98.17669468952121,98.41361306157413,160964400
2011-06-10,97.51943969726562,98.53589965727743,97.25959445614723,98.4747692042686,238629400
2011-06-13,97.59586334228516,98.00856969634421,97.09909970085515,97.74107440531832,207599800
2011-06-14,98.83399963378906,99.17791392159351,98.45187005585763,98.49007368431536,160570400
2011-06-15,97.07615661621094,98.81867169309331,96.81631140586381,98.00855917750252,300958000
2011-06-16,97.2901611328125,97.8022132007836,96.54118483885279,97.10673479704724,308032800
2011-06-17,97.58049011230469,98.2640522890499,97.25022927389762,98.25637016915935,233284900
2011-06-20,98.07971954345703,98.28709576860477,97.2195096013353,97.25023222208834,159479000
2011-06-21,99.42376708984375,99.61577900454776,98.11808841375189,98.58659795440877,193157300
2011-06-22,98.8247299194336,99.70030412782366,98.76328467610143,99.1165918953909,176703000
2011-06-23,98.5405502319336,98.801683711401,96.9199686560323,97.66497607411608,334286500
2011-06-24,97.39614868164062,98.59430148571735,97.25022357072116,98.51750373027784,226129300
2011-06-27,98.26404571533203,98.6403816686844,97.26558114701606,97.45759311325067,168904700
2011-06-28,99.54667663574219,99.56204087332127,98.51749538805363,98.65573836782696,165556300
2011-06-29,100.39920043945312,100.56048390022487,99.5620312244576,99.99981233745922,244295500
2011-06-30,101.35930633544922,101.52058986978437,100.39156997098723,100.72182502094834,223322700
2011-07-01,102.85697174072266,102.99522645467394,101.213349729404,101.45144269953491,202385700
2011-07-05,102.77249908447266,102.9798753220527,102.44992033683828,102.74945858246178,165936000
2011-07-06,102.89537048339844,103.0259372103951,102.23484886951643,102.5267108001443,143331600
2011-07-07,103.96296691894531,104.22410039906723,103.5943071988037,103.80935967884308,170464200
2011-07-08,103.22566986083984,103.96300126418923,102.44994542439225,102.78788849594885,194100500
2011-07-11,101.35930633544922,102.28863795190827,101.1212133051082,101.95838290194716,195918600
2011-07-12,100.92147827148438,101.9813880071349,100.89076151543462,101.14421870089363,214675700
2011-07-13,101.25943756103516,102.31934746809357,101.01366831445264,101.4514495459671,204062600
2011-07-14,100.56048583984375,101.98137885888552,100.3684739031883,101.51286926466707,226111800
2011-07-15,101.14424896240234,101.28249198520682,100.43764616705225,101.1212084586016,220012800
2011-07-18,100.3147201538086,100.82931075565556,99.56203661732128,100.67570354486942,196872100
2011-07-19,101.94298553466797,102.06587600055326,100.85235901876571,100.87539951618422,166554900
2011-07-20,101.88155364990234,102.26557761649751,101.70490590672337,102.20414409498592,137145400
2011-07-21,103.2947769165039,103.54823415591612,101.89692396934839,102.45759571257307,245246300
2011-07-22,103.36387634277344,103.47140256808773,102.7340715091614,103.31779534899296,126019400
2011-07-25,102.787841796875,103.29475617390608,102.27325116060882,102.38077738729908,136653800
2011-07-26,102.4038314819336,102.88770542602964,102.17341476000779,102.71873394458281,131278200
2011-07-27,100.30705261230469,101.86618879026513,100.17647416633561,101.83546031375006,249020100
2011-07-28,100.01519012451172,101.20566661400575,99.85389492240792,100.30705205237578,207939900
2011-07-29,99.33164978027344,100.26866928286877,98.28710402587942,99.00907102487737,307038400
2011-08-01,98.90917205810547,100.58352197216304,97.94911252832927,100.49134828806038,325790900
2011-08-02,96.38232421875,98.69414991587237,96.38232421875,98.16419501786096,346653800
2011-08-03,96.90457916259766,97.0121053743262,94.87693365608956,96.51287904547475,370830800
2011-08-04,92.36542510986328,95.71411380685991,92.21181204226656,95.56050073926319,520721800
2011-08-05,92.22718048095703,93.75559394981099,89.75406564749366,93.51750100886228,655619200
2011-08-08,86.22103881835938,92.25789437547085,86.03670314626838,89.79246189370993,702263900
2011-08-09,90.23027038574219,90.35315500337916,84.6926398385359,87.61122421910501,717828700
2011-08-10,86.24410247802734,89.30861206787868,85.98296313562467,88.52520576015198,662607400
2011-08-11,90.11505889892578,91.33625221182119,86.2671373908341,86.98910427100539,487979700
2011-08-12,90.72183990478516,91.5590094862579,90.07667648057728,90.93689242627387,313731600
2011-08-15,92.64192962646484,92.73409161410267,91.3976900556961,91.54362101577571,258810600
2011-08-16,91.850830078125,92.69568731362023,90.86772986926452,91.75866809588149,294095200
2011-08-17,91.91227722167969,93.08738939769088,91.1826341682611,92.3577463442723,238201100
2011-08-18,87.94917297363281,91.94301999600236,87.08895715446883,89.47758676345713,512956300
2011-08-19,86.51289367675781,89.00136661905238,86.40536746602366,86.75866870982716,428281300
2011-08-22,86.58201599121094,88.50213515675973,86.33624097241024,88.45604831216427,275090600
2011-08-23,89.43150329589844,89.53134741779596,86.4668378023492,86.90462489027017,331136600
2011-08-24,90.69109344482422,90.81397805634806,89.032107241201,89.239483446524,246869700
2011-08-25,89.30863189697266,91.70494407221538,88.99373522386168,91.19035325289869,312365400
2011-08-26,90.60661315917969,91.0213597350253,87.44225365073201,88.85546485654748,314495900
2011-08-29,93.21028900146484,93.26405211741545,90.67572871295884,91.82780050596335,190977200
2011-08-30,93.45606231689453,94.03209820251155,91.5973879323079,92.80322281847658,241315700
2011-08-31,93.87080383300781,94.86158620640346,93.16420125747811,94.05513366581127,301828400
2011-09-01,92.88772583007812,94.77712318321151,92.76483533894368,93.92458944512508,254585900
2011-09-02,90.5144271850586,92.8339346976383,90.19184853276266,90.95221417310002,255517200
2011-09-06,89.8539047241211,89.98447729515716,87.8492996257817,87.85698174401661,285130500
2011-09-07,92.38846588134766,92.42686475355713,90.90613346810792,91.2133537444807,209803200
2011-09-08,91.42841339111328,92.88770542417596,91.22103719781636,91.83547779902375,250568200
2011-09-09,89.03209686279297,91.44376641269108,88.54054675451688,90.38386259042194,380195100
2011-09-12,89.60811614990234,89.67724348410151,87.59583509686634,87.91841369715996,305793500
2011-09-13,90.42993927001953,90.76788215074784,89.26250928346417,89.89999031402377,272514700
2011-09-14,91.68186950683594,92.78017811333059,89.64654163133663,90.8907753376138,319389500
2011-09-15,93.26402282714844,93.29474543514871,91.70488709449904,92.6649466204889,326777200
2011-09-16,93.81604766845703,94.16346086852973,92.88962424837611,93.63848602646881,284528300
2011-09-19,92.88188934326172,93.36054471412984,91.65437818950059,92.27971361575207,241517000
2011-09-20,92.77381896972656,94.17889781457433,92.65029859691194,93.27563410504142,218932200
2011-09-21,90.04084777832031,93.1057734750634,89.89416772730526,92.82012934568034,316251300
2011-09-22,87.13037109375,88.17259922940517,85.9260191049981,87.43145909093798,513911300
2011-09-23,87.65531921386719,88.13397465007382,86.48184327028206,86.55132826604813,307242500
2011-09-26,89.73977661132812,89.8633028773172,87.22299078739447,88.48138369936129,260673700
2011-09-27,90.7433853149414,92.3028657666082,90.20296686491636,91.5076847612003,311753900
2011-09-28,88.89055633544922,91.47682722016404,88.75931409214836,90.92869265397515,286696800
2011-09-29,89.59310150146484,90.81289105043996,87.95641372668558,90.36512303653974,298108900
2011-09-30,87.35421752929688,89.12986311243509,87.2924544072602,88.35784175714312,288392300
2011-10-03,84.86831665039062,87.97184022985161,84.7756719576992,86.84468964069191,365136800
2011-10-04,86.72886657714844,86.91415592264389,82.93824520722389,83.64850336145855,459177500
2011-10-05,88.33468627929688,88.56629505297234,86.14214835274052,86.94505130741146,284108000
2011-10-06,89.93278503417969,90.06403316875809,87.63216420765208,88.28838132031706,257800800
2011-10-07,89.3305892944336,90.51950287481998,88.82877424121028,90.45773975348824,312657900
2011-10-10,92.31832885742188,92.35692639691364,90.84376502151714,90.85148688543805,230666300
2011-10-11,92.4109878540039,92.67347827415561,91.67756965280454,91.77021436992707,209088000
2011-10-12,93.22159576416016,94.29470517380186,92.89734814902883,93.10579136159708,281544900
2011-10-13,93.03631591796875,93.31424413904261,91.96320646606678,92.67346485767472,212538800
2011-10-14,94.62670135498047,94.649861064017,93.59219508429392,94.11717008600212,211397600
2011-10-17,92.82014465332031,94.61123424208081,92.58853585449222,94.17889821027212,202311600
2011-10-18,94.6343994140625,95.34465779944067,92.02496290465201,92.75066501887483,318857900
2011-10-19,93.51495361328125,95.02039893449162,93.19070602657972,94.479980399933,226601300
2011-10-20,93.92414093017578,94.26382639366395,92.50361827085256,93.74657338898909,262075600
2011-10-21,95.70751953125,95.82332395027403,94.74249252281206,95.02813674767295,278999400
2011-10-24,96.88095092773438,97.12028153508238,95.77696023723506,95.86188305112387,203215600
2011-10-25,94.99724578857422,96.46408189344776,94.78879668984362,96.4177624893105,268596800
2011-10-26,95.96227264404297,96.3251177932207,94.34874468256547,96.00087018413942,289053800
2011-10-27,99.30513763427734,99.91502948712339,97.7456507751941,98.5331101795414,393220200
2011-10-28,99.2819595336914,99.47496488909896,98.66434004036482,98.81874196866846,225906500
2011-10-31,96.88870239257812,99.29740580592853,96.74973828103431,98.17026096459968,228146700
2011-11-01,94.18660736083984,95.35236128148877,93.81603451074648,94.20976705958525,416565800
2011-11-02,95.72295379638672,96.03948547055907,94.79653025891236,95.59943340675017,244717600
2011-11-03,97.46769714355469,97.660702484433,95.4218393522333,96.7111136156872,291174800
2011-11-04,96.87325286865234,97.04309263778033,95.73838040960939,96.68024750868058,249401600
2011-11-07,97.47541809082031,97.57577874671435,95.88505009168341,96.80375739045263,196617200
2011-11-08,98.72611236572266,98.83420080012131,97.05082703836875,97.98497239449776,224426300
2011-11-09,95.08214569091797,97.12028144218958,94.85053694597822,96.41773923524605,337982000
2011-11-10,95.97772216796875,96.45637766588463,94.97409176235898,96.3405732513824,231866500
2011-11-11,97.78425598144531,98.0390186259626,97.11259508758266,97.1434766575363,189924400
2011-11-14,96.85781860351562,98.39413976975918,96.44092627844344,97.42139690131414,159258300
2011-11-15,97.33645629882812,97.85370920606735,96.28650675843036,96.63391402089118,184709400
2011-11-16,95.79242706298828,97.53719137443314,95.65346296038983,96.35599944737454,235782500
2011-11-17,94.27155303955078,95.85419959150441,93.59217618805957,95.61486890297851,331219600
2011-11-18,94.17118072509766,94.76563466046726,93.77744812943106,94.57262929455999,215580400
2011-11-21,92.38011169433594,92.91280261737941,91.60036819357559,92.79699819408904,229611600
2011-11-22,92.01725006103516,92.71978660589374,91.49999114816208,92.17937387907945,216494900
2011-11-23,89.9867935180664,92.0172131414212,89.9867935180664,91.152547235387,224329100
2011-11-25,89.81697845458984,90.86692816546491,89.70889591582828,89.84786002138695,99557000
2011-11-28,92.41869354248047,92.78154459179092,91.7315948750845,92.28745130040633,210686000
2011-11-29,92.68120574951172,93.41462399510296,92.34151432289278,92.68120574951172,199241500
2011-11-30,96.49496459960938,96.67253213432754,92.64257900519262,95.33693236204448,324439500
2011-12-01,96.47953033447266,96.99678333946096,96.0626380067031,96.38688563161605,176954800
2011-12-02,96.39459991455078,97.66071463705994,96.33283678417075,97.36734860283923,221109700
2011-12-05,97.44454956054688,98.18568945486048,96.84237376454558,97.92319909580108,225263900
2011-12-06,97.47541809082031,98.13163506563167,97.08940741268945,97.43681466698501,178842100
2011-12-07,97.83828735351562,98.24745780638631,96.4795278633708,97.15118279919378,237802500
2011-12-08,95.69206237792969,97.41367291111742,95.46045946242604,97.19750783395806,240862800
2011-12-09,97.31328582763672,97.56033240449717,96.0394495228652,96.12437233585364,209111400
2011-12-12,95.89276885986328,96.47950672090285,95.08214999598162,96.46406299584493,215826100
2011-12-13,94.99724578857422,96.94273733307314,94.53402818697576,96.39460278724188,245159800
2011-12-14,93.98590850830078,94.98181708518486,93.77746526665408,94.6189659885615,238618800
2011-12-15,94.32557678222656,95.11303603441891,94.17889082846236,94.98179380739617,199109200
2011-12-16,94.46542358398438,95.52203216693324,94.24012265926915,94.96265638250019,220481400
2011-12-19,93.4554214477539,95.0325632717933,93.25342120638888,94.83056303042828,183903000
2011-12-20,96.28339385986328,96.44654583687209,93.51756923120057,94.92378812404596,225418100
2011-12-21,96.46988677978516,96.61750306617186,95.36666486945484,96.28342815784224,194230900
2011-12-22,97.32447052001953,97.42547360714178,96.51648138750882,96.82724370274623,119465400
2011-12-23,98.19467163085938,98.2257490640749,97.43329526302925,97.63528968780865,92187200
2011-12-27,98.27233123779297,98.52871553535151,97.93825634542007,98.02371777793958,86075700
2011-12-28,96.98262023925781,98.30337771759547,96.90492966889863,98.28784197448786,119107100
2011-12-29,97.98485565185547,98.08585281197203,97.00593775817569,97.30116432980111,123507200
2011-12-30,97.50318145751953,98.14802463794501,97.50318145751953,97.90717609533789,95599000
2012-01-03,99.0570297241211,99.74072125223192,99.00264570960438,99.25903003264592,193697900
2012-01-04,99.21238708496094,99.29784850543541,98.4432402281024,98.8239282382267,127186500
2012-01-05,99.47653198242188,99.62414823461152,98.22570000288762,98.67631366832136,173895000
2012-01-06,99.22015380859375,99.616383475513,98.89384981344206,99.60084180293738,148050000
2012-01-09,99.46099090576172,99.5852887076412,98.98707071255846,99.44544923496878,99530200
2012-01-10,100.32337188720703,100.72736049731517,100.18352055692222,100.5253661922611,115282000
2012-01-11,100.37775421142578,100.50982878435028,99.8494559197278,100.01260198135485,111540700
2012-01-12,100.61859893798828,100.76621518584538,99.86498788142897,100.66522395427658,118983700
2012-01-13,100.09809112548828,100.2612490871395,99.22794694288272,99.94270992928377,179836200
2012-01-17,100.48654174804688,101.24792969979801,100.14469603172178,101.0614651668504,132209200
2012-01-18,101.59752655029297,101.65190462243088,100.28453379735942,100.46322154127367,163395200
2012-01-19,102.13358306884766,102.21904447080406,101.62081465710924,101.94711859508261,126328900
2012-01-20,102.5143051147461,102.5143051147461,101.71408069965896,101.96270009513181,138230200
2012-01-23,102.25012969970703,102.74735650842827,101.76066779954532,102.1724331948228,129295800
2012-01-24,102.13358306884766,102.16465455373152,101.46543352304869,101.62081465710924,103083300
2012-01-25,102.98820495605469,103.22904753819353,101.58198586305859,101.97820960901382,198613200
2012-01-26,102.45989227294922,103.64079843636098,102.05589181977086,103.44656904509733,184880500
2012-01-27,102.41328430175781,102.5919720314187,101.89273907456946,101.96267066862967,135259100
2012-01-30,102.06367492675781,102.11806485632415,101.0459146318298,101.39552522747955,147311800
2012-01-31,102.02483367919922,102.69297149191719,101.52759499189186,102.56867367491316,157212000
2012-02-01,102.9183120727539,103.43884562755326,102.65416283983949,102.77846069044121,166234500
2012-02-02,103.0814208984375,103.34558189061765,102.71628053492537,103.12026914918356,113090400
2012-02-03,104.52651977539062,104.58867462445488,103.92830158094463,104.10698936273855,160598500
2012-02-06,104.45657348632812,104.50318664758137,103.97488834694808,104.09142125008121,107694500
2012-02-07,104.7207260131836,104.89942561017934,103.82727544749562,104.23904085827245,135528100
2012-02-08,105.0315170288086,105.05482361392333,104.34782558591054,104.77513273772182,139361400
2012-02-09,105.16355895996094,105.3422466752722,104.54202255539293,105.20240720802536,148602900
2012-02-10,104.38665008544922,104.47211149635866,103.98264961071168,104.23126893511075,167907500
2012-02-13,105.16355895996094,105.28786861183872,104.68187387746066,105.13248747440194,115841900
2012-02-14,105.0315170288086,105.0936718740561,104.30121241568105,104.88390075319883,165329500
2012-02-15,104.54203796386719,105.52872670699139,104.33226687725784,105.37334554665296,195195100
2012-02-16,105.6996841430664,105.79291049882477,104.36338438800617,104.5498489543494,186567800
2012-02-17,105.97936248779297,106.15028535628292,105.62975184036355,106.06482392203795,129869400
2012-02-21,106.02593994140625,106.47655354699901,105.69963599007792,106.22793423847013,134042300
2012-02-22,105.68412017822266,106.08812072602178,105.49765565120212,105.86280794068564,124455300
2012-02-23,106.15029907226562,106.22798375127385,105.27237803020354,105.62976548908662,137704300
2012-02-24,106.38333129882812,106.59310238993832,106.15026548073111,106.38333129882812,105539100
2012-02-27,106.56201934814453,106.84947506252016,105.50541095295384,105.67633377091275,145728900
2012-02-28,106.8727798461914,106.99708950349506,106.38331797982167,106.5930890446689,129355900
2012-02-29,106.4532699584961,107.36226227382268,106.08034091516441,107.028181487691,185934700
2012-03-01,107.0048828125,107.20688902293978,106.3833462158364,106.67857876658712,145023500
2012-03-02,106.6785659790039,107.0748015874777,106.43772339218745,106.93495023895073,120638300
2012-03-05,106.2435073852539,106.59311801848176,105.87835507693323,106.51543335266703,140765000
2012-03-06,104.68968963623047,105.21798813109095,104.38669212186599,105.15584512978813,202129900
2012-03-07,105.41998291015625,105.59090578221347,104.82951776856753,104.93052088064462,143692200
2012-03-08,106.46879577636719,106.68634363754695,105.84727110381895,106.06480711017548,116968900
2012-03-09,106.880615234375,107.16029433448354,106.53876941669401,106.67084405446569,122836800
2012-03-12,106.88835906982422,107.02819859230416,106.50766505614175,106.86505248274423,104003500
2012-03-13,108.81512451171875,108.86951445770178,107.28459522530083,107.46329488653629,184090500
2012-03-14,108.69855499267578,109.11808532197331,108.36447422718555,108.84617124802102,145163600
2012-03-15,109.32782745361328,109.37444060509618,108.58198146542733,108.86167222914459,165118500
2012-03-16,109.47923278808594,109.61968510186625,109.24513369167741,109.5260502260127,152893500
2012-03-19,109.9084243774414,110.24395732341958,109.33098146469818,109.40901847420638,125291100
2012-03-20,109.58854675292969,109.7212002132082,108.96428606996207,109.28422130716552,121729700
2012-03-21,109.40901184082031,109.75234370422298,109.18271167103251,109.65090988614331,122388400
2012-03-22,108.62086486816406,108.89398244364173,108.26192326774773,108.60525508782352,135216700
2012-03-23,108.97198486328125,109.09683926648572,108.11363763148586,108.7144890284825,120521000
2012-03-26,110.50149536132812,110.50149536132812,109.71337373975432,109.75238034839109,120164000
2012-03-27,110.1581039428711,110.67311954786041,110.08787778949275,110.60289339448207,119868500
2012-03-28,109.61190032958984,110.27517920400025,108.96423123876382,110.10350730490053,148562100
2012-03-29,109.42462921142578,109.62752069728266,108.53506196965031,108.96424175883526,164963700
2012-03-30,109.87720489501953,110.06448657391697,109.28416410534156,109.96304084283386,135486800
2012-04-02,110.68089294433594,110.96962024177746,109.52601947488374,109.74450872838088,151741100
2012-04-03,110.22834777832031,110.71215580611975,109.58067869968595,110.52487412696101,155806700
2012-04-04,109.13590240478516,109.51045386086129,108.73013138174994,109.41681897353628,146896000
2012-04-05,109.081298828125,109.40123397466752,108.66772877304467,108.76137558836128,137439400
2012-04-09,107.856201171875,109.12032009615308,107.55967474498347,107.70793795842923,127555900
2012-04-10,106.04581451416016,107.94980316711447,105.93656984915994,107.64547789270131,235360300
2012-04-11,106.90419006347656,107.3255590043068,106.7091094246746,107.13047836550484,154133000
2012-04-12,108.30097198486328,108.38680794996375,106.92760845003417,107.00564547531762,154321500
2012-04-13,107.01342010498047,108.32436800990983,106.91197437651299,108.05125039023999,169246700
2012-04-16,106.9432144165039,107.71572616803613,106.57646184297283,107.559664029822,147825300
2012-04-17,108.52725982666016,108.74574918438114,107.45041091590892,107.55965559476941,147877600
2012-04-18,108.1605453491211,108.52729802296969,107.98107443642321,108.04350169014012,123884200
2012-04-19,107.46607208251953,108.58192812819811,106.95886695389885,108.17616878801464,198666700
2012-04-20,107.6454849243164,108.33217252447388,107.58305769641333,107.9420112801619,143199600
2012-04-23,106.74030303955078,106.83394983045918,106.07703609898464,106.54522242642385,171844900
2012-04-24,107.14605712890625,107.41917470686519,106.74809702740998,106.83393295990217,137484200
2012-04-25,108.61311340332031,108.65993085803089,108.09809758794616,108.1917324973673,150252200
2012-04-26,109.37001037597656,109.49486484035917,108.31657018126107,108.37899741345238,136291600
2012-04-27,109.54953002929688,109.86165442252258,109.08914238191514,109.69779328345291,130725000
2012-04-30,109.14372253417969,109.40904127774094,108.8472080311547,109.33100425196791,115092200
2012-05-01,109.82260131835938,110.54049664433768,108.95644280098107,109.08128536135926,138832200
2012-05-02,109.49485778808594,109.60410246069029,108.82377996872312,109.18272164723328,121081000
2012-05-03,108.65986633300781,109.596250591507,108.4569868474774,109.51041467324956,143759700
2012-05-04,106.90419006347656,108.69893432181009,106.84176283024665,108.09028368129015,193927300
2012-05-07,106.98220825195312,107.34114989637676,106.48280238079076,106.52180897626384,127765900
2012-05-08,106.55304718017578,106.72471909467872,105.28111760638878,106.34235675659905,213377700
2012-05-09,105.92098999023438,106.59986681629883,104.94558677725557,105.42158402146033,220752500
2012-05-10,106.13947296142578,106.78714208462841,105.89757488426824,106.65447677769352,150600000
2012-05-11,105.81953430175781,106.80273636160629,105.42937305323083,105.47619049796985,153032400
2012-05-14,104.64904022216797,105.81952385216458,104.49297811952346,104.80510232481247,163910000
2012-05-15,104.04822540283203,105.1953007182278,103.88436430450658,104.578851027514,207629300
2012-05-16,103.65021514892578,104.99237049127866,103.62680643187794,104.5163734000166,207265500
2012-05-17,102.11297607421875,103.7984750902699,102.05834779827785,103.67362066535352,247992900
2012-05-18,101.23905944824219,102.69045997539162,101.09079624763787,102.51097720267163,319615900
2012-05-21,102.97915649414062,103.01817499868349,101.40290178346055,101.56677473983025,177861100
2012-05-22,103.15864562988281,103.96237695760966,102.48756771571709,103.24448159239626,197531200
2012-05-23,103.2132568359375,103.36152001088925,101.43412255006835,102.41732457959309,204958400
2012-05-24,103.4161605834961,103.65805870162262,102.55000195959796,103.49419761175959,167357600
2012-05-25,103.08056640625,103.66580805070613,102.83085758936494,103.37708074283633,135465600
2012-05-29,104.32911682128906,104.50858766403043,102.35490183080432,103.9077479064231,152883500
2012-05-30,102.81526947021484,104.32129781072304,102.60459100670572,103.43952973715957,162370400
2012-05-31,102.58900451660156,103.35371726616624,101.70723624284895,102.7762862112361,196186000
2012-06-01,100.00611877441406,102.61239265806526,100.00611877441406,100.9815217464489,253240900
2012-06-04,99.95930480957031,100.45871067233125,99.21019006204143,100.18559306796317,202545800
2012-06-05,100.71623992919922,100.86449121595926,99.70961714506392,99.76423948688479,164149400
2012-06-06,102.97915649414062,103.02597393688171,101.38729200028823,101.41851156663287,184202800
2012-06-07,103.04157257080078,104.1964463583002,102.830882194487,104.1496289206248,184772700
2012-06-08,103.86090850830078,103.88431722602459,102.44851506724532,102.77626092892658,143915400
2012-06-11,102.54216766357422,104.75828038352148,102.44072194316529,104.69585316379096,169756100
2012-06-12,103.7204818725586,103.79070805117257,102.34711833917925,102.8387134962554,181931800
2012-06-13,103.05721282958984,104.06382375762114,102.7060581296277,103.41615456243463,172223900
2012-06-14,104.1496353149414,104.56320524883132,102.98695061192946,103.2678671620033,230615500
2012-06-15,105.21480560302734,105.30892564914066,104.39907061028242,104.61869203019336,169444500
2012-06-18,105.41876220703125,105.67760436577892,104.54027631198902,104.77558845343896,131360900
2012-06-19,106.43842315673828,106.86982668567737,105.39521533892949,105.95212025237282,137382600
2012-06-20,106.26585388183594,106.75216871868646,105.31677815686922,106.44626659688737,206451800
2012-06-21,103.88138580322266,106.50116413123402,103.79510510530757,106.39135342193023,205272200
2012-06-22,104.68146514892578,104.87755659932816,104.02258877953489,104.42262299817799,130029200
2012-06-25,103.00291442871094,103.61471874669316,102.63426157448173,103.57549806611044,146375700
2012-06-26,103.52059936523438,103.83435287975162,102.69701284627669,103.3009778893087,141634000
2012-06-27,104.45396423339844,104.65789497824584,103.51272791864787,103.86569004062069,108088000
2012-06-28,104.15589904785156,104.31278173703882,102.97151134268826,103.76371626182107,169242100
2012-06-29,106.75218963623047,106.88553038535034,105.77173239110884,106.04625323865956,212250900
2012-07-02,107.07372283935547,107.18353352317428,106.2972087068036,107.05019283342766,129524500
2012-07-03,107.77967071533203,107.85810008751717,106.9403938505204,107.05020454635415,80450000
2012-07-05,107.29336547851562,108.08558239670344,106.9011826773436,107.37964617351224,126177500
2012-07-06,106.2737045288086,106.49332594982125,105.77171099956966,106.25801386488774,151192100
2012-07-09,106.14037322998047,106.33646465675609,105.6540583530167,106.18743325745127,103780500
2012-07-10,105.21480560302734,106.85412690467311,104.85399214547667,106.68156550781885,167884800
2012-07-11,105.23047637939453,105.57559910787843,104.61867225834308,105.2696970473527,141733400
2012-07-12,104.72064971923828,105.28539392366423,104.00688610038205,104.61869032709856,143583200
2012-07-13,106.47763061523438,106.58744132092384,104.97948944095941,104.99518010419199,129642600
2012-07-16,106.22662353515625,106.54037694463602,105.81091074000574,106.23447485068624,97525200
2012-07-17,106.95609283447266,107.17571424322867,105.53639302484662,106.65019073167184,138860300
2012-07-18,107.74830627441406,107.96008835258698,106.64235979611124,106.70509851630239,113349700
2012-07-19,108.03070831298828,108.38367056206476,107.62284667642022,107.96795760694549,129847300
2012-07-20,107.0423583984375,107.5835724965407,106.92470836340092,107.41885047902203,142904500
2012-07-23,105.95993041992188,106.97176859718509,104.97947356437784,105.47362764948163,145210900
2012-07-24,105.05010986328125,106.0854785037112,104.34418540369556,106.03841846886851,173301200
2012-07-25,105.07362365722656,105.54423584785775,104.5167188012397,105.26971506210694,129122300
2012-07-26,106.80709075927734,107.03456354619776,106.09331500076114,106.58746929026812,156526500
2012-07-27,108.77584075927734,109.08175490358659,106.78355694175544,107.37183127747873,236768900
2012-07-30,108.77584075927734,109.29352504714713,108.45425988512065,108.65035133036176,106782000
2012-07-31,108.0149917602539,108.92484675784296,108.0149917602539,108.62679596917982,120575900
2012-08-01,107.92086029052734,108.81503659793418,107.77182891121466,108.79150658735526,138293800
2012-08-02,107.17572021484375,107.90518648122493,106.34429455416077,107.105130179911,199556600
2012-08-03,109.3013687133789,109.52882950780801,107.2071016925531,108.68171308745032,157825000
2012-08-06,109.51312255859375,109.94452603747368,109.4660625369831,109.59156390692442,86326200
2012-08-07,110.06221008300781,110.53282236175146,109.83473730841403,109.952387385982,109545100
2012-08-08,110.19550323486328,110.32099260724772,109.66212852047961,109.69350983992568,89754700
2012-08-09,110.2896499633789,110.5092713788172,109.92883651317626,110.03864722089541,90291700
2012-08-10,110.4700927734375,110.50931346294524,109.66219683716899,109.84259764673575,99792700
2012-08-13,110.4151382446289,110.47003760774527,109.84254279439713,110.28179754166848,79426900
2012-08-14,110.43081665039062,110.89360140471703,110.10138456714563,110.82299941165391,102379400
2012-08-15,110.55632781982422,110.74457987058906,110.24258637035193,110.31317640121283,71085900
2012-08-16,111.37210083007812,111.50544157576616,110.43870364179,110.71322448227527,112014200
2012-08-17,111.52110290527344,111.61523492228305,111.27011211967796,111.56032358165494,90813700
2012-08-20,111.52896118164062,111.5524911952439,111.05833697263326,111.3642391179468,78255700
2012-08-21,111.1916275024414,112.23483485223475,110.94847615934397,111.8034315168367,105581100
2012-08-22,111.23876953125,111.4191703238575,110.65049514935896,110.90932534513483,133243500
2012-08-23,110.328857421875,110.97203092762282,110.15629604920576,110.96419158103535,111466400
2012-08-24,110.99557495117188,111.24657769528216,109.98374856409258,110.05433859769751,99481200
2012-08-27,111.01911163330078,111.44267579732065,110.86224089304059,111.29364440510886,68785900
2012-08-28,110.90928649902344,111.25440926380885,110.572015049736,110.73672511663074,75689600
2012-08-29,110.99557495117188,111.29363771768544,110.68967283708096,111.00342626721881,65421300
2012-08-30,110.19550323486328,110.54846528359857,109.96019121288421,110.5170839641525,96589900
2012-08-31,110.72105407714844,111.23873826011608,110.09355918583641,110.82301346945208,151970400
2012-09-04,110.61908721923828,110.95637067404166,109.91316291807037,110.62692656712856,120226200
2012-09-05,110.52499389648438,110.96423685395415,110.3053724177495,110.6661740034684,100660300
2012-09-06,112.76828002929688,112.776119379037,111.18385768327289,111.19169703301301,158272500
2012-09-07,113.20751953125,113.25457956520108,112.85455730814436,112.95651672554753,107272100
2012-09-10,112.56432342529297,113.29378978960304,112.52511471293542,113.09769835392967,86458500
2012-09-11,112.87804412841797,113.23884556295141,112.60351141079943,112.63489273373935,88760000
2012-09-12,113.25457763671875,113.38007903743296,112.8702340852086,113.25457763671875,87640900
2012-09-13,114.98018646240234,115.33314869931472,112.94084244442364,113.23889332726344,225470200
2012-09-14,115.49003601074219,116.17243049365887,115.11353177257058,115.20766381635022,169777000
2012-09-17,115.0978012084961,115.45076330032062,114.80757782628956,115.2546719194772,119427800
2012-09-18,115.00366973876953,115.15270110385434,114.71345832368948,114.90171035881791,98326600
2012-09-19,115.06643676757812,115.43508957512931,114.83897599855305,115.13702680260627,128318300
2012-09-20,115.07430267333984,115.13704140011701,114.227186240192,114.5409277479632,154009800
2012-09-21,115.02620697021484,115.65705169283494,114.97889572168174,115.63339606856839,108737500
2012-09-24,114.85270690917969,115.11293076891121,114.37168923495362,114.45843052153079,95682000
2012-09-25,113.63045501708984,115.31795740489241,113.59890616926552,115.09716359956198,133165200
2012-09-26,112.99171447753906,113.63833348646452,112.72360943926445,113.60679667175678,146502200
2012-09-27,114.0562515258789,114.31647533675834,113.16518320671824,113.46483705543241,111830300
2012-09-28,113.52791595458984,113.9931590892265,113.12575847026353,113.62253841387663,150696100
2012-10-01,113.82759094238281,114.88424870867568,113.55947387064006,113.96164346207432,135911200
2012-10-02,113.94587707519531,114.45843157089384,113.4175481547853,114.27706779997351,113422200
2012-10-03,114.4111328125,114.67923790004565,113.65412879679911,114.25342464525913,121283100
2012-10-04,115.23123931884766,115.39682868999991,114.68713589176548,114.8448440655551,124311600
2012-10-05,115.23909759521484,116.0434247636327,114.89213246247147,115.84628657751577,124842100
2012-10-08,114.84481811523438,115.22332005327566,114.5845942727186,114.81328130054746,78415400
2012-10-09,113.70928192138672,114.8526807789609,113.6698518851205,114.75805831780815,148872900
2012-10-10,112.98384094238281,113.80394256870382,112.83401398955337,113.6935336288417,124247500
2012-10-11,113.04693603515625,113.93800459795519,113.02328041245907,113.77240320671339,123601500
2012-10-12,112.67631530761719,113.51217939640986,112.43186585135082,113.1257962038707,124181900
2012-10-15,113.61469268798828,113.73297079902085,112.58169041043303,112.94441797250707,107689100
2012-10-16,114.76593780517578,114.84479787653532,114.07201971311348,114.15086775211547,108815500
2012-10-17,115.28641510009766,115.38104961658162,114.67134488857485,114.84482746437469,128834100
2012-10-18,114.98677825927734,115.53876282810768,114.60038304491552,114.98677825927734,148108500
2012-10-19,113.07056427001953,114.78172208068948,112.80245925615056,114.7738408858199,185645200
2012-10-22,113.08634948730469,113.2913688647123,112.1952810552783,112.88131807753736,125578600
2012-10-23,111.51713562011719,112.021808931221,111.05189235551666,111.86410077756872,192056300
2012-10-24,111.20172119140625,112.0533596743488,111.02823860974974,111.91929510750064,120179400
2012-10-25,111.5250244140625,112.19529915319791,110.84688051039554,111.99027974271918,134457400
2012-10-26,111.46194458007812,111.84832775652235,110.7049285877392,111.42251453307989,146023500
2012-10-31,111.46194458007812,111.99815471569909,110.93360360855142,111.8562209853386,103438500
2012-11-01,112.62897491455078,112.77090861409206,111.59597288225018,111.69847654335499,100995600
2012-11-02,111.62753295898438,113.33080990262687,111.5092548513818,113.29926105235891,137702200
2012-11-05,111.85619354248047,112.10852412311253,111.13071454631294,111.46191723395197,98378500
2012-11-06,112.73148345947266,113.17307098429916,112.07698336647708,112.19526144192788,107068100
2012-11-07,110.17662048339844,111.72217754616813,109.65617264226928,111.7064151502769,264304500
2012-11-08,108.85182189941406,110.72070019478471,108.76508061117018,110.16082241932685,181517300
2012-11-09,108.94647216796875,109.95581892308863,108.46545441495361,108.52064686143736,201055300
2012-11-12,109.03318786621094,109.4590010403929,108.7887384484065,109.28551847955887,97677500
2012-11-13,108.6546630859375,109.80595523578923,108.31559122591199,108.45752492572962,123018300
2012-11-14,107.18798065185547,109.15936273137045,106.94353119917342,108.98589217814555,191505000
2012-11-15,107.00659942626953,107.62956279996826,106.59654865151232,107.22739322059432,178128400
2012-11-16,107.5349349975586,107.74784760977361,106.21805334489552,107.16431424133101,239483900
2012-11-19,109.71136474609375,109.72712714020649,107.56649997529372,108.74143605187419,151495800
2012-11-20,109.75863647460938,109.94000020050126,108.88334262202497,109.53784271290858,119807400
2012-11-21,109.96366882324219,110.05830332684951,109.63247814151408,109.85327192933282,81710800
2012-11-23,111.46194458007812,111.50136259471537,110.42893029111247,110.49990918865372,65409200
2012-11-26,111.2253646850586,111.46981410554827,110.54720885771965,110.90993637445924,100124400
2012-11-27,110.65760803222656,111.49347201586136,110.58664117301832,111.11497006772409,128646200
2012-11-28,111.54867553710938,111.61174916763049,109.60883050868848,110.20812625751809,177086500
2012-11-29,112.06909942626953,112.37663448028256,111.47768493529382,111.96659576317094,151085900
2012-11-30,112.0927734375,112.30568605825017,111.70639027403408,112.08489224130948,136568300
2012-12-03,111.54078674316406,112.69996027591878,111.4540454572994,112.60533779401565,124656300
2012-12-04,111.3830795288086,111.87197839921686,111.08342562379167,111.53290648131704,127512200
2012-12-05,111.58021545410156,112.10066316306735,110.68914698563226,111.4776997450252,147300500
2012-12-06,111.95870971679688,112.00602095393204,111.31210275535074,111.4776920853238,103220600
2012-12-07,112.29779815673828,112.51859196049534,111.71426479974613,112.39242063481706,108726400
2012-12-10,112.34513092041016,112.61323601457389,112.0927882207063,112.14011150117241,98840700
2012-12-11,113.11000061035156,113.63832947265269,112.75515430371459,112.8103467355936,152570400
2012-12-12,113.16523742675781,113.98533929016033,113.00752923221546,113.55163273089592,145880100
2012-12-13,112.47123718261719,113.41749769417683,112.18735782591378,113.09418830941776,135715000
2012-12-14,112.05335998535156,112.431861968034,111.87987740321357,112.22684256748957,137701700
2012-12-17,113.37026977539062,113.43335546016259,112.31359959591545,112.34514845448346,143238200
2012-12-18,114.63190460205078,114.73442030559985,113.38598986550201,113.55159123028439,177762800
2012-12-19,113.7802505493164,114.79749015207184,113.74083254479054,114.75806011518806,150895400
2012-12-20,114.43478393554688,114.45055836135917,113.53583418202926,113.85126253646789,168487000
2012-12-21,113.39602661132812,114.4284181484335,112.72101023076948,112.9036602963679,245883800
2012-12-24,113.04661560058594,113.21337936794653,112.91954941365503,113.14984627448108,53874600
2012-12-26,112.57012176513672,113.33250675755562,112.25246842028623,113.27691075747268,106947700
2012-12-27,112.41924285888672,112.83220194055983,111.11684463302491,112.60189294363272,167920600
2012-12-28,111.20423889160156,112.3081011035071,111.07717265136837,111.68866832949988,148806700
2012-12-31,113.09429168701172,113.21340869455372,110.81508529519415,110.91039101892943,243935200
2013-01-02,115.99286651611328,116.06433668852443,114.93665175892882,115.23843086603759,192059000
2013-01-03,115.73086547851562,116.23911831212041,115.42114909737683,115.93735114441043,144761800
2013-01-04,116.23909759521484,116.42969691798552,115.68319805092688,115.92144417496492,116817700
2013-01-07,115.92138671875,116.03256657250151,115.49254148449758,115.82609316344734,110002500
2013-01-08,115.58787536621094,115.87376821958505,115.13520663266104,115.71494154942125,121265100
2013-01-09,115.88168334960938,116.19934874743014,115.65932362998281,115.8419736601698,90745600
2013-01-10,116.80291748046875,116.81085457281769,115.92141552180622,116.52496171817855,130735400
2013-01-11,116.79493713378906,116.8584580844525,116.42962502015874,116.77110163017309,113917300
2013-01-14,116.71553802490234,116.79495740355549,116.28669276848872,116.652004945519,89567200
2013-01-15,116.79493713378906,116.90611697399069,116.10402258896336,116.17549274673001,93172600
2013-01-16,116.77909088134766,116.96174094194747,116.42966494441033,116.55673112469626,104849500
2013-01-17,117.53353118896484,117.86707083686377,116.85850268302994,117.2952851211232,133833500
2013-01-18,117.79558563232422,117.92265180133133,117.08084751993182,117.50969281090663,169906000
2013-01-22,118.43092346191406,118.43092346191406,117.51764885727825,117.79560463210193,111797300
2013-01-23,118.62152862548828,118.72477143483495,118.2165187174139,118.43094143001828,104596100
2013-01-24,118.65328216552734,119.23300498807144,118.33561669463431,118.44679658002221,146426400
2013-01-25,119.32039642333984,119.32039642333984,118.62154430040033,119.02656637969584,147211600
2013-01-28,119.17740631103516,119.38387975321258,118.73267470698833,119.3521071512178,113357700
2013-01-29,119.64598846435547,119.79687807911796,118.85977989581987,118.93919930917943,105694400
2013-01-30,119.17740631103516,119.86830893320713,119.06621432175056,119.63006288903492,137447700
2013-01-31,118.8835678100586,119.42359300076598,118.8041605381029,119.03445737978122,108975800
2013-02-01,120.1065902709961,120.24953066888452,119.43156163376551,119.63803513661568,131173000
2013-02-04,118.75648498535156,120.13036510402495,118.66912851605844,119.37592947887293,159073600
2013-02-05,119.95565032958984,120.29712699306681,119.35209214454865,119.39975104154847,113912400
2013-02-06,120.04306030273438,120.12246759773593,119.44745106056804,119.53480756746048,138762800
2013-02-07,119.8841781616211,120.19389433962947,119.01061349662547,120.08271448387507,162490000
2013-02-08,120.55123138427734,120.62270153667973,120.09062576152951,120.09062576152951,103133700
2013-02-11,120.52748107910156,120.6307117670433,120.22570187350225,120.50365768052269,73775000
2013-02-12,120.72599029541016,120.94835004387811,120.40038776454728,120.53539103199586,65392700
2013-02-13,120.8292007446289,121.19451290896295,120.4877240872191,120.97215319769717,82322600
2013-02-14,120.9404296875,121.08338219858973,120.32894629217824,120.463949591835,80834300
2013-02-15,120.79749298095703,121.17867949266324,120.35277336434966,121.05161328286093,215226500
2013-02-19,121.7027816772461,121.72660506965948,120.8371661057009,121.00392985259461,95105400
2013-02-20,120.18600463867188,121.65517899785634,120.12247152997023,121.61546929020514,160574800
2013-02-21,119.45536041259766,120.24950588438813,119.07417397909374,119.88420575327552,183257000
2013-02-22,120.62274169921875,120.62274169921875,119.51094301046567,120.03506975362247,106356600
2013-02-25,118.32771301269531,121.39311599558462,118.32771301269531,121.21046587181021,245824800
2013-02-26,119.1377182006836,119.28065858246407,118.1132636604594,118.89947211335011,186596200
2013-02-27,120.63862609863281,120.97216570000235,118.93120628203805,119.03444905782982,150781900
2013-02-28,120.40040588378906,121.40102490247953,120.2415791992238,120.63070275875378,126866000
2013-03-01,120.79749298095703,120.9801430839849,119.44744782548446,119.9874610405932,170634800
2013-03-04,121.44070434570312,121.44070434570312,120.32890571305525,120.51949283996845,99010200
2013-03-05,122.52873229980469,122.85433493861856,122.0125424520863,122.02842875872884,121431900
2013-03-06,122.69548034667969,123.02902000417788,122.4254737836143,122.96548690974507,94469900
2013-03-07,122.9178466796875,123.0766733653983,122.71137320003338,122.8543135818633,86101400
2013-03-08,123.44200134277344,123.60876514277722,122.82256870735759,123.4578876486741,123477800
2013-03-11,123.91051483154297,123.91845192375098,123.19578876648437,123.34667834232292,83746800
2013-03-12,123.63255310058594,123.96610484037483,123.25931590167444,123.82315236365139,105755800
2013-03-13,123.80729675292969,123.98200975795831,123.27522064405177,123.69611685133879,92550900
2013-03-14,124.46649169921875,124.52208773237315,123.8152983196014,124.13295185340904,126329900
2013-03-15,124.30207061767578,124.46957605547028,123.8872749619136,124.31802757371041,138601100
2013-03-18,123.61610412597656,124.15054668107858,123.00188893870029,123.11356332078735,126704300
2013-03-19,123.32893371582031,124.04683868423108,122.51529915911902,123.87933320501251,167567300
2013-03-20,124.19038391113281,124.39777563258193,123.84737633427045,124.05478022730954,113759300
2013-03-21,123.12947082519531,124.1504968146261,122.92207910507622,123.44853688254624,128605000
2013-03-22,124.11868286132812,124.11868286132812,123.4246948297977,123.52042445198033,111163600
2013-03-25,123.60015106201172,124.6530914162532,123.12155176866162,124.44568743469918,151322300
2013-03-26,124.58930206298828,124.6212038206463,123.97508672659109,124.11069049693373,86856600
2013-03-27,124.58930206298828,124.62918838875912,123.64006349899199,123.8474553527635,99950600
2013-03-28,124.97217559814453,125.11576392693178,124.23831350544556,124.5095210278697,102932800
2013-04-01,124.4775619506836,125.16356500841603,124.17444064073932,124.90830239549638,99194100
2013-04-02,125.0917739868164,125.40286768166642,124.73280942448936,124.92425637962438,101504300
2013-04-03,123.8234634399414,125.25928524117576,123.49642494566457,125.16356784495733,154167400
2013-04-04,124.32600402832031,124.57328208277667,123.71178900262471,123.98299640611934,131885000
2013-04-05,123.76763153076172,123.9191921881662,122.65886040272903,122.80243649610708,159666000
2013-04-08,124.6052474975586,124.61321989333597,123.44063261944294,123.85542846020152,86571200
2013-04-09,125.03594970703125,125.49063173014868,124.42173461621387,124.83653032950808,101922200
2013-04-10,126.56753540039062,126.7270685264934,125.33911694064221,125.37101869722385,135711100
2013-04-11,126.9823226928711,127.397118530013,126.46382485354457,126.59145621444924,110142500
2013-04-12,126.67119598388672,126.86263080396556,125.969235852682,126.57546640225395,116359900
2013-04-15,123.73572540283203,126.13674238028776,123.71978061695894,126.0330404141514,217259000
2013-04-16,125.56243133544922,125.62624700271822,124.3659149602418,124.6690241652771,147507800
2013-04-17,123.72782897949219,124.693024667509,123.065754811474,124.6690831308146,226834800
2013-04-18,122.95401000976562,123.96706384813936,122.4833832034728,123.9351499318796,167583200
2013-04-19,124.0229263305664,124.0787696123568,122.93808416345743,123.2412055866719,149687600
2013-04-22,124.57331848144531,124.86845532021324,123.44061766683859,124.26222468145892,106553500
2013-04-23,125.8575668334961,125.97721360113111,124.57330545064026,125.19549298553004,166141300
2013-04-24,125.93733978271484,126.27236290454617,125.66612015605664,125.89745346953625,96781200
2013-04-25,126.44782257080078,127.04608060998868,126.11279952944646,126.30423431216838,131060600
2013-04-26,126.2244873046875,126.5116516809107,125.81766400494247,126.29627535584522,95918800
2013-04-29,127.06999969482422,127.34917945427561,126.36803975729619,126.56745908758575,88572800
2013-04-30,127.3731689453125,127.40508286931885,126.51966013787634,127.04613033961961,116010700
2013-05-01,126.25634002685547,127.15771911339007,126.1127639802858,127.09390347994105,138874200
2013-05-02,127.42900085449219,127.54067523535691,126.45583317627334,126.57547995163031,96407600
2013-05-03,128.72125244140625,129.1280758768344,127.45294776158084,128.53778997006205,144202300
2013-05-06,129.04827880859375,129.23174124521262,128.7611143909497,128.81695766429988,66882100
2013-05-07,129.70237731933594,129.74225146042832,128.96053085247405,129.3274678889551,90359200
2013-05-08,130.29266357421875,130.33254989077582,129.48701353478344,129.55880160162923,97419200
2013-05-09,129.9257049560547,130.5797941257841,129.59865428539408,130.23679866991452,106738600
2013-05-10,130.3485107421875,130.46018512892348,129.63059353751743,130.01348758197958,103203000
2013-05-13,130.4521942138672,130.66757058194628,129.87787751831408,130.1809867409348,81843200
2013-05-14,131.80030822753906,131.89603784657444,130.55593272446208,130.55593272446208,119000900
2013-05-15,132.51019287109375,132.77342792747586,131.54500983595298,131.58489614842185,120718500
2013-05-16,131.88800048828125,132.70163498062428,131.68858110487514,132.23898055053093,109913600
2013-05-17,133.16432189941406,133.2440823692801,132.19912649274443,132.37461656668438,129801000
2013-05-20,133.1562957763672,133.67479344086442,132.9010453122208,133.03664902310987,85071200
2013-05-21,133.3478240966797,133.85036511010023,132.8133813201276,133.27603600093386,95804200
2013-05-22,132.35867309570312,134.86339310241303,131.75244234222276,133.48340172834725,244031800
2013-05-23,131.9757537841797,132.34269082817005,130.7712650146091,130.94675505674442,211064400
2013-05-24,131.86402893066406,131.91987218250895,130.80311668991547,131.1939829380616,151573900
2013-05-28,132.65382385253906,133.8343836176665,132.2629573391047,133.244097649304,143679800
2013-05-29,131.7923126220703,132.25496715587354,131.0903523402177,131.95184573023792,160363400
2013-05-30,132.27882385253906,132.885054199211,131.7922402283717,131.89594216893516,107793800
2013-05-31,130.38038635253906,132.66174451410706,130.12513587900324,131.9119257085326,176850100
2013-06-03,131.09829711914062,131.18604212774179,129.75022024681,130.6835014265176,168390700
2013-06-04,130.46815490722656,131.6965853082807,129.80608099500037,131.17011513640037,157631500
2013-06-05,128.64149475097656,130.35649705284266,128.52982035231918,130.09326193352243,211737800
2013-06-06,129.80604553222656,129.81403009639175,127.82780890234515,128.58560003094243,200225500
2013-06-07,131.45730590820312,131.57695271141537,130.1331578185328,130.69951442079818,188337800
2013-06-10,131.45730590820312,131.93590529264955,131.1142981196656,131.8641172107222,105667100
2013-06-11,130.1011962890625,131.24984158696952,129.81403192168776,130.26072934391692,159505400
2013-06-12,129.02435302734375,131.13022142451206,128.90470625484332,130.99461769181343,177361500
2013-06-13,130.98666381835938,131.21798500176598,128.6654187308837,128.9525831970827,163587800
2013-06-14,130.1650390625,131.35358319735843,129.94967485065774,130.84306996477676,141197500
2013-06-17,131.1700897216797,131.792277196407,130.19692220036924,131.05043079402125,136295600
2013-06-18,132.2071075439453,132.40652697070135,131.23393976764828,131.241912162944,114695600
2013-06-19,130.38038635253906,132.3267214210703,130.3245552561627,132.09540029906617,206149500
2013-06-20,127.14981079101562,130.39636462418912,126.81478764321896,129.11210313850447,321255900
2013-06-21,127.55793762207031,128.11123703709404,126.27489575779737,128.0150131798715,271956800
2013-06-24,125.9461669921875,127.0447639391498,124.8796405989763,126.22683634050593,222329000
2013-06-25,127.15705871582031,128.3839625162118,126.23486804339484,127.0848785470908,162262200
2013-06-26,128.4159698486328,128.70465367341484,127.70228098125429,128.1994539210476,134848000
2013-06-27,129.1697540283203,129.76316305765383,129.06550335446582,129.18579541721974,129483700
2013-06-28,128.64056396484375,129.4264211180211,128.1915027344567,128.8089680442393,160402900
2013-07-01,129.3943328857422,130.29245522384082,129.16980230121752,129.31413814726946,131954800
2013-07-02,129.2740936279297,130.1481602662909,128.70474017229816,129.20191344622782,154863700
2013-07-03,129.3301239013672,129.72305837323546,128.4801138776464,128.68860297757988,75216400
2013-07-05,130.7255096435547,130.77362160048625,129.34624311017788,130.28446297834677,122416900
2013-07-08,131.4712371826172,131.824074428191,130.77358950632242,131.39906926493117,108092500
2013-07-09,132.41746520996094,132.57784241672448,131.72783220848075,132.29717312789086,119298000
2013-07-10,132.46556091308594,132.9146219313845,132.01649989478736,132.28914233646935,121410100
2013-07-11,134.26988220214844,134.4062034741626,132.45758382313733,134.00525423788577,135592200
2013-07-12,134.32594299316406,134.66273871848827,134.02123004320046,134.22971913906963,104212700
2013-07-15,134.83921813964844,135.0316781707049,134.46232489299567,134.69488229335548,69450600
2013-07-16,134.333984375,135.0075758987068,133.97313264701384,134.927381187601,88702100
2013-07-17,134.67884826660156,135.10385348527035,134.50242962081455,134.84725233248912,92873900
2013-07-18,135.41665649414062,135.73742337955792,134.87938572657288,134.96759509056196,103620100
2013-07-19,135.65721130371094,135.70532327138815,134.96757788299487,135.1359820058691,103831700
2013-07-22,135.92176818847656,136.11422819441052,135.5288335981938,135.8496002747504,79428600
2013-07-23,135.6331024169922,136.18641430147215,135.560934493625,136.16235832701645,80829700
2013-07-24,135.13589477539062,136.21043547991036,134.86324007454556,136.15429672985528,112914000
2013-07-25,135.46470642089844,135.58499853633447,134.67083474462035,134.89536534356768,111088600
2013-07-26,135.6090545654297,135.64915193725741,134.3340388989071,134.89536539649566,107814600
2013-07-29,135.1920166015625,135.56890974001837,134.80710888594643,135.26418450399132,79695000
2013-07-30,135.1920166015625,135.74532832550815,134.87126221121505,135.60099252065052,85209600
2013-07-31,135.28831481933594,136.20247871112088,135.11189615285102,135.4727480666606,142388700
2013-08-01,136.85205078125,136.97233070564985,136.2425998682787,136.31478005892313,110438400
2013-08-02,137.0845489501953,137.1005903466056,136.36284517973638,136.5472784124536,91116700
2013-08-05,136.8840789794922,137.0925804319207,136.60342183076256,136.77984048927866,54072700
2013-08-06,136.10618591308594,136.91611097285477,135.8014728999813,136.61940030125797,87495000
2013-08-07,135.6652069091797,135.86568157046125,135.16001908323167,135.6732337266724,84854700
2013-08-08,136.16238403320312,136.46709717916897,135.4647239342779,136.3067199071867,102181300
2013-08-09,135.76939392089844,136.4029004053531,135.29627687898696,135.98590987953455,91757700
2013-08-12,135.6090545654297,135.7694318167407,135.02367209194446,135.08782543966885,68593300
2013-08-13,136.010009765625,136.2425549548058,135.0477339796347,135.84963250729336,80806000
2013-08-14,135.3123016357422,136.16231173833992,135.28021885677904,135.94579580632134,79829200
2013-08-15,133.4198455810547,134.26182902310683,133.18728821751864,134.24579986672296,152931800
2013-08-16,132.97879028320312,133.62031134013472,132.71416238836898,133.16322345742216,130868200
2013-08-19,132.12879943847656,133.28353506291015,132.12077262364136,132.82644711323925,96437600
2013-08-20,132.7783203125,133.27549333672852,132.20095256488122,132.34528838378748,89294400
2013-08-21,131.9603729248047,133.13916432102377,131.66367449038088,132.40943398317458,159530500
2013-08-22,133.1632080078125,133.35566797336168,132.2249886182509,132.23300319498398,101471400
2013-08-23,133.6123046875,133.78070873180397,132.93069840340837,133.55617816339753,90888900
2013-08-26,133.11517333984375,134.15764401199476,133.02696400060015,133.74866787731895,89702100
2013-08-27,130.97406005859375,133.1151272025071,130.87783617131606,131.80001438705477,158619400
2013-08-28,131.43919372558594,131.9042963509897,130.74956048598733,130.91795232863305,108113000
2013-08-29,131.64764404296875,132.34529165693021,131.03017891838377,131.15047100644423,119200500
2013-08-30,131.2306671142578,131.93634161558617,130.84575931171437,131.9203002216473,134928900
2013-09-03,131.8241729736328,132.77843471861377,131.27086071908033,132.49776518091087,142375100
2013-09-04,132.91465759277344,133.1391881621649,131.6155861218658,131.85614584907213,97389400
2013-09-05,133.08311462402344,133.43593977640066,132.89866911173164,132.99490527692834,63090500
2013-09-06,133.1471710205078,133.90095728217025,131.89621179306604,133.52406415133905,159756500
2013-09-09,134.42221069335938,134.50239317862886,133.47596437360573,133.47596437360573,87559300
2013-09-10,135.41665649414062,135.44071248104623,134.9274977003841,135.23222318252914,105847200
2013-09-11,135.84161376953125,135.84161376953125,134.99963005421694,135.23217525722728,94545900
2013-09-12,135.4807586669922,135.96991727587383,135.29632542508628,135.79349861457217,83209000
2013-09-13,135.78541564941406,135.8896663247714,135.31229867601414,135.62503846609144,72727800
2013-09-16,136.5712890625,137.31706079806074,136.35477310882155,137.25290746971172,106299200
2013-09-17,137.1807403564453,137.212810902807,136.69158193145432,136.69158193145432,82523300
2013-09-18,138.7685089111328,139.145402106355,136.7878190506239,137.13262946038176,203460600
2013-09-19,138.53599548339844,139.20959959583092,138.39967419193033,139.1454462405516,146616900
2013-09-20,137.56736755371094,138.86471727338204,137.4545550692021,138.86471727338204,132867100
2013-09-23,136.93077087402344,137.510952869142,136.49564052550375,137.38203310016777,104616500
2013-09-24,136.60845947265625,137.4142664711598,136.3506076268674,136.90660412749807,106333100
2013-09-25,136.21359252929688,136.9710529801709,136.0927264129393,136.6970815860021,117306500
2013-09-26,136.73739624023438,137.124180170023,136.22168023530307,136.43925157515142,77146900
2013-09-27,136.10885620117188,136.2941883586983,135.75429917241632,136.05244381221604,99141800
2013-09-30,135.38368225097656,135.81075914327903,134.69068746986702,134.9566053586741,143937000
2013-10-01,136.45538330078125,136.58431539901454,135.3514314118075,135.48841715531478,127160000
2013-10-02,136.3264617919922,136.45539390024055,135.23862940470838,135.65765260869426,113350000
2013-10-03,135.0693817138672,136.13305298420312,134.44085316162887,136.01217454222467,176698000
2013-10-04,136.09278869628906,136.22977445606548,134.99689032243458,135.17416890464952,96878000
2013-10-07,134.91629028320312,135.73821704981256,134.77125089267065,134.90823663783192,96295000
2013-10-08,133.344970703125,135.06939760235707,133.24827777468045,134.89211903644744,178015000
2013-10-09,133.44163513183594,133.92511192189352,132.57941579799402,133.60279406185512,168973000
2013-10-10,136.31842041015625,136.39094011670431,134.75515227002043,134.80349874105246,195955000
2013-10-11,137.19674682617188,137.2451055926375,135.99610181528055,136.1089143457464,105040000
2013-10-14,137.74464416503906,137.85745664798645,136.24584272265898,136.3506015624096,112106000
2013-10-15,136.74545288085938,137.91387063530235,136.56012070355484,137.39815461906903,155485000
2013-10-16,138.6552276611328,138.7277473460735,137.50291716374628,137.56738320446246,161676000
2013-10-17,139.5819091796875,139.66249480929125,138.06698787175057,138.09116110150356,129389000
2013-10-18,140.52468872070312,140.62138163055917,139.81557459338657,140.09761197465284,138316000
2013-10-21,140.53273010253906,140.8147674591963,140.21846587728828,140.57302291000988,104104000
2013-10-22,141.34661865234375,141.76562946862802,140.55691888455593,140.9437151243197,126663000
2013-10-23,140.66970825195312,140.92756005122203,140.17816557972137,140.8630940274956,105484000
2013-10-24,141.13705444335938,141.3143329209272,140.62133858924457,140.95172232431514,70350000
2013-10-25,141.78170776367188,141.82200056386841,141.153179426642,141.4271507949604,93625000
2013-10-28,142.0073699951172,142.2007681094842,141.58029325124136,141.73339855482695,84979000
2013-10-29,142.7647705078125,142.82118287829988,142.12818862959904,142.32964030310936,87401000
2013-10-30,142.05575561523438,143.0388414502721,141.54810540547373,142.9340948681288,140002000
2013-10-31,141.65283203125,142.5392248053883,141.44332660083603,141.94292309409153,133795000
2013-11-01,141.99131774902344,142.31363576893935,141.19356405061174,141.8382123860879,142805000
2013-11-04,142.49085998535156,142.54726008427116,141.80591908489023,142.3780474918727,85677000
2013-11-05,142.0396270751953,142.42641105706866,141.4755645400381,141.93486821308,85825000
2013-11-06,142.7647705078125,143.03068819232223,142.2571083559635,142.6519580624721,87348000
2013-11-07,140.95982360839844,143.1435661588958,140.82283788318495,143.03075366191763,157000000
2013-11-08,142.86155700683594,142.87767659405904,140.8953977131028,140.91150500468348,136713000
2013-11-11,142.88568115234375,143.05489371074472,142.55529738223518,142.72450994063615,62614000
2013-11-12,142.5956268310547,142.9179447460286,142.12019130735374,142.5795072466139,83990000
2013-11-13,143.7399139404297,143.7801944699886,141.89460828867703,141.89460828867703,103844000
2013-11-14,144.45701599121094,144.577882115976,143.6350894558936,143.8687680623188,103435000
2013-11-15,145.08555603027344,145.14195612779332,144.50537399374127,144.69070616507705,102818000
2013-11-18,144.57794189453125,145.44821523958603,144.25562389813027,145.32734906484652,104796000
2013-11-19,144.26368713378906,144.94056234860918,144.01388882562765,144.5054317949803,93891000
2013-11-20,143.81240844726562,144.98888004490718,143.41755850250001,144.55374957764127,124909000
2013-11-21,144.97274780273438,145.08556029673085,144.1266479499409,144.21528721634095,92841000
2013-11-22,145.697998046875,145.71411763367496,144.85996396790966,145.02917659456168,81296000
2013-11-25,145.55294799804688,145.98807844465665,145.3434302719108,145.9558515690579,79486000
2013-11-26,145.59320068359375,146.02834334265256,145.3756416497032,145.6254398486701,86994000
2013-11-27,145.94778442382812,146.04448964110864,145.56905408655237,145.74633263998533,58800000
2013-11-29,145.85108947753906,146.45544482067803,145.68993051183017,146.108953659186,55870900
2013-12-02,145.47232055664062,146.19754185777435,145.24669560537066,145.92357045918052,99726000
2013-12-03,144.84384155273438,145.3595576594831,144.3764719097993,144.99694688523886,116563000
2013-12-04,144.8276824951172,145.43203771936143,143.7156772435419,144.32003246778618,123033000
2013-12-05,144.19113159179688,144.83577976289334,144.05414585348058,144.5698619312295,106934000
2013-12-06,145.80276489257812,145.93975064876506,145.16617028340278,145.5851934936258,127728000
2013-12-09,146.1733856201172,146.39095695399516,145.9799998083493,146.2297980123089,70124000
2013-12-10,145.64968872070312,146.14123173047986,145.56104941416484,145.83502098141216,80976000
2013-12-11,144.01382446289062,145.7301972650576,143.83654594362275,145.70602403930639,130591000
2013-12-12,143.5384063720703,144.1266420455511,143.2402494178629,143.94936352001346,115565000
2013-12-13,143.52227783203125,143.9654741182159,143.24830641716744,143.83654205393702,107808000
2013-12-16,144.41677856445312,144.89220189835913,144.1589143385524,144.19920716080478,96195000
2013-12-17,143.95741271972656,144.5698338965473,143.63509484450213,144.5456606706874,89886000
2013-12-18,146.41514587402344,146.43931910308544,142.88571917892682,144.17500314624834,234906000
2013-12-19,146.24591064453125,146.41512322178596,145.61738219487955,145.99610015680534,136531200
2013-12-20,147.0965576171875,147.44494210591805,146.29448580891818,146.3917036372201,197087000
2013-12-23,147.88250732421875,147.97162783139441,147.5098305577716,147.81769128605507,85598000
2013-12-24,148.20655822753906,148.2713742583008,147.88249043612421,147.89058780407177,45368800
2013-12-26,148.96009826660156,149.04112143073456,148.52260532252114,148.53880006542843,63365000
2013-12-27,148.9519500732422,149.21929922638432,148.79801353135161,149.15449555206771,61814000
2013-12-30,148.9276580810547,149.08969200521037,148.7332099546303,148.96815729029663,56857000
2013-12-31,149.63253784179688,149.63253784179688,149.01679151816413,149.13022888295802,86119900
2014-01-02,148.198486328125,149.13020302275123,147.84200427886944,149.05727724911557,119636900
2014-01-03,148.1741485595703,148.74938307567257,147.96350574252648,148.44960740394913,81390600
2014-01-06,147.74476623535156,148.71698200639668,147.51791630085418,148.66027570396943,108028200
2014-01-07,148.65216064453125,148.90331503712193,148.2227652580258,148.33619022120848,86144200
2014-01-08,148.6846160888672,148.9357705511326,148.17419743174892,148.62789741034416,96582300
2014-01-09,148.78175354003906,149.1787469878691,148.10120394009377,149.16253989385405,90683400
2014-01-10,149.18687438964844,149.25169041636755,148.27136501053135,149.03293787148968,102026400
2014-01-13,147.20196533203125,149.21931054218263,146.9183966952136,148.8061221845073,149892000
2014-01-14,148.80606079101562,148.88708390022006,147.4125473769569,147.68800616842665,105016100
2014-01-15,149.60818481445312,149.83503474562457,148.83851452209328,149.15448495211024,98525800
2014-01-16,149.41372680664062,149.60817489005757,148.93572250926636,149.30030184857904,72290600
2014-01-17,148.78175354003906,149.43799868015705,148.5225018477511,149.15444252804178,107848700
2014-01-21,149.2193145751953,149.69733134981286,148.3038173231638,149.640612675958,88621200
2014-01-22,149.31654357910156,149.53529617838467,149.00057309675756,149.4704801355454,61270900
2014-01-23,148.0931396484375,148.58735108720603,147.30727460225907,148.56304661992186,132496900
2014-01-24,144.9334259033203,147.1776330157601,144.884816971896,147.12902408433578,208677100
2014-01-27,144.22047424316406,145.44385681285388,143.49941285328634,145.0711677028252,180843100
2014-01-28,145.0792999267578,145.26563832946474,144.30961711958383,144.32582422141817,110463200
2014-01-29,143.68577575683594,144.65799163774983,143.3049892460987,143.87211414643215,216597300
2014-01-30,145.20887756347656,145.67878448129093,144.423000244662,144.88480979510462,118938100
2014-01-31,144.35824584960938,145.25754850753415,143.3374208172616,143.4103342419154,194677900
2014-02-03,141.1094207763672,144.51218326623115,140.8339618178197,144.18811535763393,254837100
2014-02-04,142.09780883789062,142.4623882355272,141.0607769518868,141.7413268091277,165012400
2014-02-05,141.91954040527344,142.2355108038337,140.73668193369616,141.60357000671317,164230500
2014-02-06,143.7911376953125,143.7911376953125,141.96013031901091,142.25179641423063,132877600
2014-02-07,145.57351684570312,145.72745342591375,143.99366419006427,144.46357130140265,170787200
2014-02-10,145.8408203125,145.88944160455856,145.1926847671033,145.5896659342998,92218800
2014-02-11,147.43692016601562,147.80960933372947,145.86516507319908,145.96239532178333,117814100
2014-02-12,147.50978088378906,148.12551449540265,147.21811499146872,147.6556076487537,94717700
2014-02-13,148.2714385986328,148.42537519319134,146.50524735293834,146.51334472439962,100542200
2014-02-14,149.08969116210938,149.3651500678559,147.9959405460508,148.13366999892406,96498400
2014-02-18,149.26788330078125,149.47042872909532,148.7898666945423,149.21926201357672,80460900
2014-02-19,148.2794952392578,149.84314037694602,148.15796053646054,148.87902193510337,126524300
2014-02-20,149.1544952392578,149.49477015948366,147.93922236885342,148.48204276747998,104998100
2014-02-21,148.98435974121094,149.7945416990972,148.91144633197612,149.43805965964395,118116400
2014-02-24,149.8107147216797,150.8153322090011,149.2354802229773,149.30029624835169,114063900
2014-02-25,149.7540283203125,150.36166478138946,149.2598168374741,149.9322693378867,117085000
2014-02-26,149.76214599609375,150.36978248940375,149.34084789926126,149.97278886331196,98677200
2014-02-27,150.54803466796875,150.58853388060575,149.37326080396693,149.54340447415106,93880800
2014-02-28,150.92877197265625,151.62552886080928,149.92415438675698,150.5236810461113,150842000
2014-03-03,149.8674774169922,150.24826398287271,148.8709569219249,149.60011584760392,167748500
2014-03-04,151.97393798828125,152.29800583680787,151.30148545831236,151.3338872982066,167545900
2014-03-05,152.11166381835938,152.37092798092115,151.86860675655663,152.1035664491777,88376900
2014-03-06,152.46005249023438,152.80843720076393,152.13598461465077,152.48436932518032,82516500
2014-03-07,152.5248565673828,153.09199384873963,151.852404034045,153.09199384873963,114513500
2014-03-10,152.44383239746094,152.50053870317868,151.56883444402814,152.28989585532068,74939200
2014-03-11,151.69036865234375,152.8894468836563,151.34199633489743,152.6706942875877,99009100
2014-03-12,151.73085021972656,151.78756888106017,150.6127953524619,150.95308259567648,104824400
2014-03-13,150.0294952392578,152.30611701959188,149.60820950463884,152.18458230343956,155014300
2014-03-14,149.60818481445312,150.53179163776375,149.42994381676212,149.7621213454039,153919600
2014-03-17,150.961181640625,151.3176636232725,150.296826607074,150.36164263686388,98359500
2014-03-18,152.03872680664062,152.24127226630128,151.1070102747654,151.26905653240894,101804600
2014-03-19,151.2285614013672,152.26559327852806,150.26444293063284,152.05493806565795,176267300
2014-03-20,152.11166381835938,152.22508879888122,150.62902933999786,150.89639087174132,117241000
2014-03-21,151.52166748046875,153.8164699459679,151.38333017408104,152.75044944260213,163128000
2014-03-24,150.89508056640625,152.22965508121388,150.23593883265067,152.04248187469906,121411000
2014-03-25,151.61119079589844,152.12386210576946,150.7648882753869,151.66001426979915,103852000
2014-03-26,150.520751953125,152.44935359020155,150.48006158765565,152.20522381434162,119843000
2014-03-27,150.20343017578125,150.82188169116262,149.65006836352654,150.341767524605,142383000
2014-03-28,150.94390869140625,151.70069733435002,150.54516297881761,150.63467681564543,101642000
2014-03-31,152.18080139160156,152.4167980445773,150.96831053767258,151.90412679296927,99745000
2014-04-01,153.1898651123047,153.27937894317867,152.1726681328073,152.67719386121232,89193000
2014-04-02,153.7025604248047,153.90599985255164,153.1003752485691,153.3851954141977,78774000
2014-04-03,153.49916076660156,153.9792749604057,153.02717968190987,153.9385845809225,77435000
2014-04-04,151.68435668945312,154.36975827941828,151.44023943150717,154.33721345067585,169381000
2014-04-07,150.008056640625,151.57046957215786,149.6988372298853,151.3182067303883,140803000
2014-04-08,150.6265411376953,150.87065849127953,149.39775917886038,149.9429752967917,112660000
2014-04-09,152.24591064453125,152.29473411517827,150.59398366387555,151.03341973361054,100254000
2014-04-10,149.04786682128906,152.31103080501325,148.8606936056731,152.23779559035867,172959000
2014-04-11,147.7051544189453,149.25943459298824,147.54240536370077,148.21782573907478,167251000
2014-04-14,148.86883544921875,149.21874529966686,147.64819890065772,148.86068992537582,132382000
2014-04-15,149.8941650390625,149.99995751291175,147.70515485128857,149.17806671049902,157093000
2014-04-16,151.4646759033203,151.47280900759694,150.2603059549142,150.92759301418945,105197000
2014-04-17,151.67626953125,152.09942693478808,151.00084927345333,151.26125765007822,105255000
2014-04-21,152.20523071289062,152.254066603841,151.52982276670323,151.71698355599767,68329000
2014-04-22,152.8969268798828,153.31193881811336,152.2784755258018,152.35984384196806,85790000
2014-04-23,152.53887939453125,152.92134650942756,152.41682070550357,152.8399781890615,73869000
2014-04-24,152.84808349609375,153.30378574152382,152.11569424426264,153.2875071136285,88170000
2014-04-25,151.59487915039062,152.4411939035435,151.25310249056298,152.35168008190143,100380000
2014-04-28,152.0749969482422,152.73413849914525,150.51258412689148,152.21333422536168,135121000
2014-04-29,152.78298950195312,153.01897374265013,152.23777339962396,152.56327147305893,84098000
2014-04-30,153.23870849609375,153.39332444378468,152.3191583336942,152.53074327977941,101508000
2014-05-01,153.25491333007812,153.66992508170583,152.7666539847918,153.165399530674,93019000
2014-05-02,153.03526306152344,153.91412282153638,152.80741191081154,153.23870247587024,98122000
2014-05-05,153.3282012939453,153.43399375246767,151.86343517075403,152.2865925878882,75883000
2014-05-06,151.99365234375,153.09223013420257,151.96110750132425,152.98643766664537,85454000
2014-05-07,152.88877868652344,152.96201388893328,151.36704356259412,152.50631162910932,106500000
2014-05-08,152.7260284423828,153.84088485656233,152.23778130687074,152.75045259526684,93618000
2014-05-09,152.9539031982422,153.01899288750838,152.03435302115395,152.75046377265326,83679000
2014-05-12,154.44305419921875,154.51630182236187,152.98643351379798,153.63744209724788,86940000
2014-05-13,154.58140563964844,154.95572719784522,154.4267897024539,154.64649532345615,66454000
2014-05-14,153.84901428222656,154.5163014935054,153.6292962471767,154.44305387051818,72367000
2014-05-15,152.49826049804688,153.57242713275463,151.74960454823375,153.53986985578368,154956000
2014-05-16,153.02713012695312,153.092232229652,151.9448309513776,152.5876940379748,97458000
2014-05-19,153.5885772705078,153.71063591462038,152.59579224188354,152.73412951086198,63839000
2014-05-20,152.62022399902344,153.53162843987434,152.22962386965224,153.51534981287222,111644000
2014-05-21,153.90597534179688,153.97921054405273,153.0352487695706,153.05966050365586,89093000
2014-05-22,154.2803192138672,154.59768421988227,153.68627957018913,153.94667557711986,61549000
2014-05-23,154.89877319335938,155.00455324402114,154.28030943430772,154.41864674437025,61092800
2014-05-27,155.85081481933594,155.89963827477354,155.38696715877458,155.47648096606088,72010000
2014-05-28,155.7369384765625,156.0949938188057,155.476530076038,155.850864047553,66723000
2014-05-29,156.54254150390625,156.56695323792064,155.69623908517897,156.09498476900586,64377000
2014-05-30,156.79481506347656,156.89247442315178,156.26587756780648,156.39608176940274,76316000
2014-06-02,156.973876953125,157.04712459308675,156.21708814817703,157.0145673271129,64656000
2014-06-03,156.89248657226562,156.97385489184703,156.4449173552182,156.59138778063894,65047000
2014-06-04,157.20986938476562,157.29938323831433,156.4612137082485,156.62396278280292,55529000
2014-06-05,158.23516845703125,158.39791749942088,156.81109260644888,157.3888659864315,92103000
2014-06-06,158.9920196533203,159.03269761403016,158.50375995520287,158.5769951848325,78696000
2014-06-09,159.1547088623047,159.5371759179628,158.82106527469563,158.96754809579812,65119000
2014-06-10,159.17095947265625,159.20350430664186,158.61759795927625,158.95937459241404,57129000
2014-06-11,158.61761474609375,158.780363767152,158.25955944959293,158.6013361189016,68772000
2014-06-12,157.49465942382812,158.5200020702672,157.14474957379113,158.4304882267996,106350000
2014-06-13,157.97483825683594,158.12945425742623,157.29941765355056,157.80394362014107,82017000
2014-06-16,158.10499572753906,158.43863940187185,157.59233676281343,157.77949757796856,87424000
2014-06-17,158.54441833496094,158.65834391926754,157.71438198246568,157.8852765674043,84834000
2014-06-18,159.70806884765625,159.79758268411314,158.19447915108483,158.54440139067302,105267000
2014-06-19,159.88706970214844,159.98472904541995,159.33372056374375,159.84637934386478,85929000
2014-06-20,160.2117156982422,160.34254381350777,160.0154735253438,160.28530183440816,100587000
2014-06-23,160.16268920898438,160.30168942963053,159.86833213101065,160.2526319960446,70611000
2014-06-24,159.19786071777344,160.66964623198422,159.0179751284555,159.87651771811673,96237000
2014-06-25,159.91737365722656,160.08090257839908,158.82988824056676,158.8625890342185,82782000
2014-06-26,159.8028564453125,159.95821324273888,158.7317279701559,159.94185661236418,84312000
2014-06-27,160.1135711669922,160.1626285820082,159.35314380488333,159.4267299274074,71445100
2014-06-30,160.0318603515625,160.39980357826684,159.87650349493092,160.0155037149544,70201200
2014-07-01,161.1029510498047,161.59355022009925,160.36706477081802,160.42429427069445,90470000
2014-07-02,161.2664794921875,161.47089373315694,161.04572109498824,161.119307227388,52475000
2014-07-03,162.0596466064453,162.13323275649068,161.6017605931076,161.7244041765166,52938800
2014-07-07,161.49537658691406,161.87967624893008,161.25826162435922,161.74886065396097,61696000
2014-07-08,160.45700073242188,161.25830103190125,160.06451642224636,161.20105905799682,108143000
2014-07-09,161.17654418945312,161.3237289375223,160.51424401428102,160.85765845783487,72992000
2014-07-10,160.53883361816406,160.96401891374526,159.49223325708755,159.62306142133724,99040000
2014-07-11,160.75953674316406,160.87400821945897,160.08087996353885,160.44065102516717,64243000
2014-07-14,161.56898498535156,161.78157125697973,161.43815690598697,161.5771570616422,58658000
2014-07-15,161.2664794921875,161.9778495347506,160.55512192607958,161.66713589601142,111307000
2014-07-16,161.86341857910156,162.10870574850497,161.42187672125894,161.98606216380327,79986400
2014-07-17,160.02362060546875,161.97781989245544,159.7946652191436,161.36457728177194,145398000
2014-07-18,161.65896606445312,161.82249496421016,160.45700931273308,160.54695207906775,124330000
2014-07-21,161.3564453125,161.48727343976287,160.61237437470638,161.15203104232307,67592000
2014-07-22,162.0596466064453,162.35400368308498,161.7898182464874,161.90428974982186,67678000
2014-07-23,162.4193878173828,162.59110127896483,161.97785852203103,162.30491633514671,65612000
2014-07-24,162.42750549316406,162.76274774901933,162.2639766413779,162.57469019328778,56888000
2014-07-25,161.6671600341797,162.10868937095717,161.34827426971347,161.96968916351875,76837000
2014-07-28,161.73260498046875,161.96972009103237,160.76776294704501,161.69989170396792,69259000
2014-07-29,161.03749084472656,162.26397594251802,161.01296214088686,162.03503305571306,80466000
2014-07-30,161.06207275390625,161.82250025349185,160.39160050005088,161.60990144804896,104222000
2014-07-31,157.88140869140625,160.08090831793973,157.7832938304763,159.94190810613654,183479000
2014-08-01,157.39901733398438,158.42926095591787,156.63860209608427,157.44807477172515,189261000
2014-08-04,158.5354766845703,158.87071896740875,157.0309911647208,157.70146325394504,91340000
2014-08-05,156.99832153320312,158.2984056904794,156.42596410860835,157.8895771762751,152690000
2014-08-06,157.04734802246094,157.71782011265987,156.23786329657847,156.26239200253377,94818000
2014-08-07,156.19700622558594,157.9140908118847,155.8045343828295,157.75873399508706,135733000
2014-08-08,158.00404357910156,158.11033050538586,156.13160205745635,156.54861511346368,117014000
2014-08-11,158.46189880371094,159.16508418834823,158.38831268212704,158.600898969965,74544000
2014-08-12,158.24111938476562,158.74806260791277,157.7587048674835,158.30653342588988,73632000
2014-08-13,159.3123321533203,159.4922177425502,158.59280227285996,158.86261818024556,69047000
2014-08-14,160.0645294189453,160.0645294189453,159.42675795869354,159.57394270607392,57371000
2014-08-15,160.0318603515625,160.79227552165426,158.8789607616252,160.6451032215558,139951000
2014-08-18,161.37278747558594,161.44637361190075,160.824958777816,160.91490154768604,75424000
2014-08-19,162.21495056152344,162.3375941049359,161.43817900818502,161.76523677492096,59135000
2014-08-20,162.6483154296875,162.84455758490736,161.96148660109995,161.9941873887426,72763000
2014-08-21,163.12255859375,163.33514490540614,162.65648815192674,162.787316255925,67791000
2014-08-22,162.8690948486328,163.2779233361382,162.501151705169,162.9917384043023,76107000
2014-08-25,163.69491577148438,164.013801476842,162.83637349507399,163.64585835165315,63855000
2014-08-26,163.8012237548828,164.20188016527197,163.76033841072794,163.8012237548828,47298000
2014-08-27,163.7357940673828,163.99745026382894,163.4823224248595,163.88296632054315,47874000
2014-08-28,163.64585876464844,163.75215815885414,163.0326160623012,163.19614495430284,58330000
2014-08-29,164.1119384765625,164.12828263316752,163.38422426106558,163.899339676143,65907000
2014-09-02,164.03018188476562,164.34906763634504,163.41693909507777,164.32453892287404,72426000
2014-09-03,163.9402618408203,164.68433285649272,163.7113188323762,164.65980413962072,57462000
2014-09-04,163.7030792236328,164.82326508689715,163.25336547239246,164.21819454191441,85236000
2014-09-05,164.4390411376953,164.5044552113265,163.04902638329446,163.67044136810244,102177000
2014-09-08,164.01380920410156,164.52076501130287,163.53139458442675,164.2836375023405,64146000
2014-09-09,162.97537231445312,163.9810867649588,162.6401300054667,163.8666153029212,88591000
2014-09-10,163.58865356445312,163.69494049799076,162.52569689388076,163.06534106999337,67251000
2014-09-11,163.7766876220703,163.80121633216064,162.81184594485,162.93450197175642,66774400
2014-09-12,162.8200225830078,163.6294949295422,162.35395216104206,163.6131507745798,117409300
2014-09-15,162.69735717773438,162.97536998996358,162.2067705516219,162.84454189908553,76401000
2014-09-16,163.9238739013672,164.21823092407925,162.30491651467878,162.39485928485348,116201000
2014-09-17,164.14466857910156,164.9050837200585,163.32701145043856,164.161025215083,151266000
2014-09-18,165.01953125,165.044059960326,164.43081724926674,164.64340356424353,94990000
2014-09-19,164.870849609375,165.85662200296588,164.53404017667552,165.544468474774,121649000
2014-09-22,163.59754943847656,164.60797770517428,163.25252973818064,164.58333433620854,125553000
2014-09-23,162.66102600097656,163.68787458509792,162.61173927450238,163.0060456210686,111393000
2014-09-24,163.93435668945312,164.0411529767406,162.25854494810054,162.6857050276994,107276000
2014-09-25,161.28924560546875,163.5154600631342,161.2317485715374,163.50723724773002,150300000
2014-09-26,162.57070922851562,162.9732385009077,161.35492366761738,161.58493681333388,103547000
2014-09-29,162.27496337890625,162.5624860556339,161.05096763659645,161.17418447817954,95112000
2014-09-30,161.84783935546875,162.8993317537754,161.5110298670857,162.39822892842787,131302000
2014-10-01,159.65444946289062,161.64242714866637,159.2929966955178,161.58491760168667,177798000
2014-10-02,159.67910766601562,160.2377074240187,158.01150613551536,159.5148018221079,157285000
2014-10-03,161.43711853027344,161.7821383384784,160.25418631083951,160.74706637908392,121569000
2014-10-06,161.2480926513672,162.32424057218302,160.6648496341685,162.11064802945648,104778000
2014-10-07,158.75901794433594,160.77986168401748,158.7261643015165,160.41840893913346,147913000
2014-10-08,161.5355987548828,161.76561182752698,158.01967031901097,158.84935943570792,186461000
2014-10-09,158.33193969726562,161.5028505951138,158.20049998854702,161.28104765349875,210705000
2014-10-10,156.5245819091797,159.07938175396376,156.4835179925706,158.29076904042788,221909000
2014-10-13,153.9534149169922,157.02573900368472,153.8630517065143,156.45892890317165,230939000
2014-10-14,154.19163513183594,155.93317946685488,153.6494558803269,154.78310112715903,215847000
2014-10-15,153.1483154296875,154.18338693433543,149.44344985840436,152.10504618278952,380715000
2014-10-16,153.0169219970703,154.09305765843254,150.24031850944425,150.37996845823096,270391000
2014-10-17,154.82415771484375,155.87564989713857,154.1258955077184,154.78308125534656,214625000
2014-10-20,156.32745361328125,156.450670447327,154.49555898341168,154.54484571703,130011000
2014-10-21,159.42445373535156,159.53123749388763,157.29681335618127,157.46110666797045,154949000
2014-10-22,158.29080200195312,160.11448651707096,158.22508217301117,159.70374698726562,151822000
2014-10-23,160.13088989257812,161.1741716960859,159.580500485864,159.87623341698531,154944000
2014-10-24,161.36312866210938,161.41242793581398,159.76946978605272,160.39378937044268,117927000
2014-10-27,161.14134216308594,161.3795655851563,160.21306677530146,160.78809963441634,82954000
2014-10-28,162.98968505859375,162.9978953377704,161.6095935354976,161.6835361871969,106736000
2014-10-29,162.7432098388672,163.57289914004178,161.66707432369984,163.1046626147532,142557000
2014-10-30,163.78648376464844,164.25472026722727,162.15994635204947,162.30781908718325,113330000
2014-10-31,165.659423828125,165.79086344924016,164.92830817098368,165.75799727657528,146903000
2014-11-03,165.74984741210938,166.30844720328497,165.3719614973672,165.8730642675814,93600000
2014-11-04,165.17477416992188,165.61015699924428,164.34507242988303,165.30620127205367,93343000
2014-11-05,166.21804809570312,166.4234178336492,165.486932330006,166.38234137910518,91709000
2014-11-06,166.8834686279297,166.9738318273301,165.64303974050227,166.25914904511157,107089000
2014-11-07,167.03952026367188,167.25311280471678,166.4398441629601,166.8998703517129,89540000
2014-11-10,167.5652313232422,167.6145180425047,166.86698190907174,167.07235159584616,66319000
2014-11-11,167.7296142578125,167.83641056317038,167.29423129181475,167.63104076657606,54499400
2014-11-12,167.54884338378906,167.77885647496277,167.01487457338536,167.0477407491378,90120300
2014-11-13,167.7378387451172,168.26358492825182,166.9327926441749,167.71319537206227,85357900
2014-11-14,167.77891540527344,167.98428520415314,167.35174271386592,167.66390881929192,80417500
2014-11-17,167.88563537597656,168.05815145677695,167.29416957719377,167.4584753816791,80441000
2014-11-18,168.85504150390625,169.1589847777636,167.94319914755718,167.94319914755718,76068100
2014-11-19,168.58395385742188,168.85504348381534,167.82819453601152,168.6578839733172,82373000
2014-11-20,168.87969970703125,168.98649601685844,167.72962127710704,167.79534111894085,72840300
2014-11-21,169.78326416015625,170.7361827549407,169.20823139943258,170.57188947113022,142327300
2014-11-24,170.259765625,170.3665619265749,169.97225544081888,170.18583550919146,65880800
2014-11-25,170.136474609375,170.6950741761592,169.881818187178,170.48970447635236,79108300
2014-11-26,170.57192993164062,170.6705034183542,170.07082714955146,170.28440721568992,62167800
2014-11-28,170.2104949951172,170.76088457842636,169.97227153225558,170.44873099275716,57890100
2014-12-01,169.02752685546875,169.66827951941994,168.71537333634876,169.55327295242296,103968400
2014-12-02,170.12008666992188,170.3254564242295,169.04395116291388,169.0685945306488,74507200
2014-12-03,170.7772979736328,170.9908780375887,170.12833496810504,170.29262828920778,68952000
2014-12-04,170.58836364746094,171.08946643138046,169.79973814654045,170.48977762561017,91316600
2014-12-05,170.86764526367188,171.25374142642474,170.49798219193158,170.76084897425383,91025500
2014-12-08,169.72586059570312,170.9662899863929,169.16724808146904,170.47340986360152,108588200
2014-12-09,169.61080932617188,169.71760563197813,167.50782460578156,167.88569801362604,125180100
2014-12-10,166.8916778564453,169.20824213513163,166.7027286600397,169.1507451227983,159856400
2014-12-11,167.7378387451172,169.38079713426018,167.34353224146065,167.48318220036447,159012800
2014-12-12,165.02691650390625,167.43385650213014,164.99406285906872,166.46450475996315,202330200
2014-12-15,163.89328002929688,166.37415025907953,163.29360383518193,165.92233427661947,189965800
2014-12-16,162.57891845703125,166.2673512935725,162.5378419984192,163.12930790506184,259543800
2014-12-17,165.76626586914062,166.21808189144082,162.89108895330958,163.01431834199687,253910100
2014-12-18,169.86546325683594,174.95042136921452,167.51603230867772,168.18965125066777,257633900
2014-12-19,170.5882568359375,171.25732553971102,169.83658176707223,170.51390606577024,245084600
2014-12-22,171.37294006347656,171.37294006347656,170.53867136406922,170.77820961900173,148318900
2014-12-23,171.60415649414062,172.00063910278146,171.31504697711728,171.9510803521957,122167900
2014-12-24,171.6207275390625,172.0915484032343,171.57942436754888,171.82723079267222,42963400
2014-12-26,172.17413330078125,172.5128016194677,172.01718883095307,172.06674758901318,57326700
2014-12-29,172.4053955078125,172.6118987112663,171.92630656332508,171.99238910090492,79643900
2014-12-30,171.48025512695312,172.11627588142056,171.4059043990667,171.98412341797103,73540800
2014-12-31,169.77870178222656,171.9676437341075,169.65480487723386,171.80244365946461,130333800
2015-01-02,169.68783569335938,170.88556456408185,168.65531949719002,170.47255808561408,121465900
2015-01-05,166.6233367919922,168.8122661140158,166.3177160273211,168.6470660413276,169632600
2015-01-06,165.05392456054688,167.44935723130908,164.26094653071848,166.9289650053605,209151400
2015-01-07,167.1107177734375,167.44938618869952,165.92952502298357,166.3755665766757,125346700
2015-01-08,170.07606506347656,170.2908365016817,168.49838987366132,168.51490105817123,147217800
2015-01-09,168.713134765625,170.5055812455194,168.10188068241575,170.48905745841736,158567300
2015-01-12,167.39157104492188,169.00230687873824,166.78858493404508,168.845362353067,144396100
2015-01-13,166.92076110839844,169.72920115106805,165.62391424017915,168.60582261320778,214553300
2015-01-14,165.9129638671875,166.111211515272,164.0213997320499,164.91348263853635,192991100
2015-01-15,164.39308166503906,166.86285203095846,164.27744036968454,166.5489757172567,176613900
2015-01-16,166.54905700683594,166.70600154226656,164.00493466334035,164.18665858815876,211879600
2015-01-20,166.9041748046875,167.44934637710867,165.34301083199585,167.18501618298058,130991100
2015-01-21,167.74673461914062,168.22582370893434,165.97906716560615,166.44163246500446,122942700
2015-01-22,170.2412872314453,170.37343973468046,167.12721463947537,168.4983992677013,174356000
2015-01-23,169.30787658691406,170.24127526039032,169.17571148901422,169.98520065672528,117516800
2015-01-26,169.7044219970703,169.79528395996311,168.38280834149393,169.0931802503025,92009700
2015-01-27,167.46592712402344,168.6058168130193,166.63991389236418,167.6559066381958,134044600
2015-01-28,165.31820678710938,168.74615497955716,165.12822736589717,168.64703747352567,168514300
2015-01-29,166.84632873535156,167.1023906847634,164.11221580090753,165.5164476333486,173585400
2015-01-30,164.74827575683594,166.99503192642172,164.48395817427368,165.6734188056964,197729700
2015-02-02,166.78851318359375,166.8793751012651,163.43490302874275,165.24387318713673,163107000
2015-02-03,169.2004852294922,169.20875342530874,167.30892116918625,167.68062446617702,124212900
2015-02-04,168.5562286376953,169.64657196321926,168.101918918727,168.4405873095906,134306700
2015-02-05,170.25779724121094,170.40648613676643,169.14268724235677,169.2170253881554,97953200
2015-02-06,169.78692626953125,171.18288985821638,169.26653419461314,170.62119462428095,125672000
2015-02-09,169.02703857421875,169.86130713891177,168.622287680321,169.1426798861956,87219000
2015-02-10,170.82777404785156,171.08383610249103,169.06836204099815,170.05958788393312,96164200
2015-02-11,170.92691040039062,171.3564408059999,170.01830341632518,170.66259272275832,91087800
2015-02-12,172.57061767578125,172.62844463006107,170.95989500311532,171.71982537678446,97545900
2015-02-13,173.28099060058594,173.3305493595107,172.43845388699384,172.69452848136683,93670400
2015-02-17,173.55361938476562,173.7270876879443,172.71935066023605,172.96714451626255,76968200
2015-02-18,173.57012939453125,173.64446754543653,172.91757201491595,173.18190224563585,80652900
2015-02-19,173.4461669921875,173.80961464663997,172.83492557693128,172.97534624270514,91462500
2015-02-20,174.4870147705078,174.56135292583096,172.41371378745657,173.0332236230692,140896400
2015-02-23,174.46218872070312,174.46218872070312,173.85919023381086,174.2391617104285,74411100
2015-02-24,174.95779418945312,175.15604182724803,174.09047810454112,174.38784325925505,72472300
2015-02-25,174.80917358398438,175.31304212871333,174.47050515471588,174.83395297110542,73061700
2015-02-26,174.6026153564453,174.87520113297848,173.99961684898244,174.7182566612815,72697900
2015-02-27,174.00791931152344,174.7678498363769,173.95836054311377,174.5035195995795,108076000
2015-03-02,175.1064910888672,175.16430544173227,174.05745110558516,174.1070098663145,87491400
2015-03-03,174.38784790039062,175.15604648882834,173.52879998833052,174.67695747104125,110325800
2015-03-04,173.65272521972656,173.86749668575007,172.6862914344985,173.79314592999464,114497200
2015-03-05,173.84271240234375,174.12355381496485,173.3388439366605,173.9748649116038,76873000
2015-03-06,171.397705078125,173.41317890386983,171.06730490510006,172.98364859577046,188128000
2015-03-09,172.10804748535156,172.46322698067183,171.43897905633878,171.59592352318504,89818900
2015-03-10,169.31617736816406,170.82778299344065,169.2748741885522,170.74518923817772,157121300
2015-03-11,168.91964721679688,169.74566016162228,168.83704088073142,169.57219189746775,110145700
2015-03-12,171.0673370361328,171.13340699998056,169.497904409586,169.54746318445234,93993500
2015-03-13,170.01829528808594,171.75291541326115,168.98577880740035,170.79474969819526,162410900
2015-03-16,172.28977966308594,172.380641590183,170.0430234693745,170.74513950639326,136099200
2015-03-17,171.77767944335938,172.1576383881858,170.96817757941653,171.55465239072544,94510400
2015-03-18,173.84271240234375,174.51178095757123,170.67081270488325,171.30684628378546,228808500
2015-03-19,173.04974365234375,173.8509773639673,172.66151648881646,173.42971522233455,117917300
2015-03-20,174.57723999023438,175.08335767044954,173.81391724732686,173.99645232282884,177715100
2015-03-23,174.23703002929688,175.1579976944319,174.23703002929688,174.5855025701291,71784500
2015-03-24,173.2579803466797,174.5688953590549,173.191602819688,174.11257043384242,77805300
2015-03-25,170.7190704345703,173.69770310854292,170.67759556201722,173.46538811728843,159521700
2015-03-26,170.3125762939453,171.2252389858429,169.3584133966899,170.05537123840853,153067200
2015-03-27,170.7025604248047,170.8767904145592,170.00560248511746,170.19644268752697,118939000
2015-03-30,172.78501892089844,173.08371141679822,171.7147115290507,171.73129641311075,96180400
2015-03-31,171.2749786376953,172.66058888963727,171.21690621635824,171.96363121206426,126768700
2015-04-01,170.66934204101562,171.2667272448523,169.68199669966828,171.24183724971087,137303600
2015-04-02,171.2833251953125,171.73135776912642,170.42042982765565,170.60296489926685,86900900
2015-04-06,172.43658447265625,172.9509945167097,170.262774121107,170.39551652393973,114368200
2015-04-07,171.98020935058594,173.20816176547933,171.94702692216907,172.46143685403993,81236300
2015-04-08,172.56103515625,173.0007752267654,171.81431007882907,172.2042701655457,89351900
2015-04-09,173.32432556152344,173.5566405495446,171.90554564612407,172.39506560943883,85548900
2015-04-10,174.2701873779297,174.3116749111512,173.37412249347702,173.57324239659198,72722900
2015-04-13,173.48196411132812,174.75970915796123,173.4321841386416,174.1291290766868,74436600
2015-04-14,173.81385803222656,173.9963930455423,172.66057553548654,173.2828505371855,75099900
2015-04-15,174.59376525878906,175.09988276617088,174.19551280288417,174.27848786713062,99529300
2015-04-16,174.5439910888672,175.05010861308017,174.0627635527124,174.26189611739576,68934900
2015-04-17,172.53611755371094,173.59813257219798,171.75619750508687,173.35752513560135,191113200
2015-04-20,174.11256408691406,174.44443904955597,173.37413153385023,173.45709394440155,92189500
2015-04-21,173.90513610839844,174.95055361711223,173.60644358302048,174.7929085814658,72559800
2015-04-22,174.75978088378906,174.94231596536792,173.32439022771675,174.24535808105674,78264600
2015-04-23,175.19947814941406,175.8466432219657,174.24531542741792,174.36147293633184,102585900
2015-04-24,175.6060333251953,175.87154345258304,175.15800081050318,175.6143384293135,61327400
2015-04-27,174.87588500976562,176.29466502117256,174.68504488080637,176.17021507638887,79358100
2015-04-28,175.43179321289062,175.4815731938354,173.68112547509182,174.85100566816996,86863500
2015-04-29,174.7100067138672,175.3073793114101,173.90519637105058,174.54405651764822,125684900
2015-04-30,172.95925903320312,174.52739144939122,172.2623014458399,174.1374314558223,161304900
2015-05-01,174.83438110351562,174.87586863463142,173.63961110459596,173.73917105110024,103399700
2015-05-04,175.33229064941406,175.91307838426684,175.1497555527142,175.25760799332912,70927200
2015-05-05,173.32432556152344,175.44836820377265,173.1832780802404,175.09159061917188,113326200
2015-05-06,172.61077880859375,174.17891126928984,171.54876384368936,173.8719263269991,135060200
2015-05-07,173.29945373535156,173.722608883763,172.17936621005825,172.5112411819484,88244900
2015-05-08,175.5811309814453,175.78026356297747,174.884185936411,174.96716101043745,155877300
2015-05-11,174.74313354492188,175.8051486295798,174.66846357652057,175.53965118852454,75708100
2015-05-12,174.22036743164062,174.75967991935306,173.09197515207248,173.9133825446233,119727600
2015-05-13,174.2535858154297,175.24922321636745,174.02127084388474,174.6269482582543,94667900
2015-05-14,176.07070922851562,176.16197676947698,174.99209628812372,175.2658989110078,95934000
2015-05-15,176.261474609375,176.4025220938169,175.78024707763444,176.261474609375,76510100
2015-05-18,176.80908203125,177.05798191288406,176.02916197488247,176.09553949672417,74549700
2015-05-19,176.75100708007812,177.1990522131285,176.46891209125,176.92524966742405,72114600
2015-05-20,176.62657165527344,177.37329672479893,176.31128154758866,176.85058157999936,76857500
2015-05-21,177.14097595214844,177.34840098253736,176.31956827412938,176.48551842661584,64764600
2015-05-22,176.71783447265625,177.17415941398292,176.65145694332057,176.75930935079924,57433500
2015-05-26,174.8178253173828,176.65146828487644,174.40297522756453,176.22831309072097,124308600
2015-05-27,176.4772186279297,176.70953365613138,174.86759831808982,175.27415594755252,93214000
2015-05-28,176.27810668945312,176.38595910443956,175.5894540174039,176.1702416142466,74974600
2015-05-29,175.18289184570312,176.2531994850872,174.91739437695398,176.2117246051281,124919600
2015-06-01,175.53970336914062,176.1785635023273,174.75147793431438,175.84668843730105,93338800
2015-06-02,175.36546325683594,176.05411605389597,174.46109293042386,175.08336818147808,91531000
2015-06-03,175.8300323486328,176.45230738355588,175.34051235961232,175.8964098715841,87820900
2015-06-04,174.3448944091797,175.78027210602187,174.0296043048185,175.1248145661451,151882800
2015-06-05,174.04612731933594,174.71818211906913,173.39065739993677,174.19546720362598,121704700
2015-06-08,172.97586059570312,174.08766826979198,172.90119063064117,173.93831567945017,89063300
2015-06-09,172.95094299316406,173.49025552856625,172.32037562184607,172.95094299316406,105034700
2015-06-10,175.02523803710938,175.40690566336218,173.65623790120128,173.71431032637201,134551300
2015-06-11,175.58949279785156,175.9711478771171,175.23271505656643,175.4650301466123,73876400
2015-06-12,174.245361328125,175.46502182312045,173.97155870065436,174.7680765860437,135382400
2015-06-15,173.49859619140625,173.78069119959363,172.40338593342784,173.1086361141157,124384200
2015-06-16,174.44448852539062,174.5274636196936,173.17504807593085,173.34927804965645,85308200
2015-06-17,174.72654724121094,175.33223745113244,173.7060196267391,174.72654724121094,126708600
2015-06-18,176.5435791015625,177.00820911307417,174.75972902303343,175.32391899123522,165867900
2015-06-19,175.75990295410156,176.37687224004762,175.3847242582681,176.30183904524156,130478700
2015-06-22,176.6603546142578,177.24396738249402,176.45192057404458,176.67703289958004,70696000
2015-06-23,176.785400390625,177.11890247001577,176.39355612027157,176.86877909092357,68476800
2015-06-24,175.50143432617188,176.89377196974425,175.47642326301445,176.51859330058082,92307300
2015-06-25,174.96780395507812,176.12669626422877,174.8927707826826,176.00164097690288,97107400
2015-06-26,174.9345245361328,175.5681594282429,174.38425562567184,175.32636882131126,104174800
2015-06-29,171.2660369873047,174.94281557284336,171.19100380518373,173.45876660249095,202621300
2015-06-30,171.6245574951172,172.8501504100554,171.14932187749557,172.80011556467298,182925100
2015-07-01,173.00018310546875,173.44206207348822,172.21646939711758,173.1919387824699,135979900
2015-07-02,172.84182739257812,173.64221963939704,172.4249593461065,173.47547496516904,104373700
2015-07-06,172.34991455078125,173.12528295856598,171.35776663146783,171.55786786015534,117975400
2015-07-07,173.43377685546875,173.55883217437201,170.17386584349634,172.55001867707884,173820200
2015-07-08,170.5240478515625,172.38327583973646,170.29060275537043,172.09980861176086,164020100
2015-07-09,170.83253479003906,172.87519856778974,170.72415773962516,172.61672967082305,144113100
2015-07-10,172.9835205078125,173.40038845669895,170.87416970419113,172.82510865174763,129456900
2015-07-13,174.89273071289062,175.00110769647628,174.20072859736743,174.24241792419102,106069400
2015-07-14,175.65147399902344,175.95996493406554,174.79272703637704,174.85109465607158,81709600
2015-07-15,175.59312438964844,176.1517259350618,175.11788880399487,175.69316863008046,97914100
2015-07-16,177.0021514892578,177.0021514892578,176.401860564588,176.6436384017293,106683300
2015-07-17,177.15220642089844,177.21057404232326,176.58527209631774,176.99379455908894,89030000
2015-07-20,177.24395751953125,177.735858773829,176.92714644686333,177.37735835107748,70446800
2015-07-21,176.54359436035156,177.36899756318357,176.24344889766735,177.11052872219872,77965000
2015-07-22,176.2267608642578,176.56026287200874,175.82657117675748,175.8599150166322,88667900
2015-07-23,175.23460388183594,176.4601966622729,174.876103554315,176.3601524260903,90509100
2015-07-24,173.4170684814453,175.3930185080703,173.08357920770112,175.3346636099752,117755000
2015-07-27,172.40823364257812,173.04188104088917,171.9663546525979,172.53330165520254,132361100
2015-07-28,174.52593994140625,174.66767351979433,172.41658910232414,173.24197951304296,123544800
2015-07-29,175.7265167236328,175.95161625375798,174.5092567292299,174.65099030361242,105791300
2015-07-30,175.76821899414062,175.9349636396938,174.6009810316665,175.21795021419427,91304400
2015-07-31,175.50143432617188,176.29348101036186,175.21796712918638,176.26846994720444,103266900
2015-08-03,174.90948486328125,175.52645413611395,173.95902625052986,175.46809922643948,113965700
2015-08-04,174.5676727294922,175.29301908230389,174.0841042536832,174.83446167232952,81820800
2015-08-05,175.14291381835938,176.1767382349005,174.85943393213935,175.4597248225571,85786800
2015-08-06,173.7089080810547,175.43473505916185,173.12528267877659,175.32634530357268,116030800
2015-08-07,173.37538146972656,173.7005379686232,172.4749451523665,173.55047160996344,117858000
2015-08-10,175.559814453125,175.64318042898392,174.4842877735788,174.4842877735788,80270700
2015-08-11,173.97572326660156,174.64271474005895,173.21702030652125,174.22584665937362,126081400
2015-08-12,174.18411254882812,174.36753547494192,171.2160146125157,172.67505252000194,172123700
2015-08-13,173.9673309326172,174.7093553533563,173.42539498015836,174.025685828599,89383300
2015-08-14,174.60098266601562,174.67601584894675,173.63384590223302,173.77557948836994,72786500
2015-08-17,175.5764617919922,175.5764617919922,173.55048941147336,174.00904675741438,79072600
2015-08-18,175.06781005859375,175.65142247534735,174.83436509189232,175.3012550252952,71692700
2015-08-19,173.6838836669922,175.09288677233275,172.87515875699717,174.3258512052676,172946000
2015-08-20,170.05715942382812,173.65889288945445,169.99879178827263,172.1748435960607,194327900
2015-08-21,164.93801879882812,170.03214702105623,164.67956263609406,168.18958459097217,346588500
2015-08-24,157.992919921875,164.64612744671922,152.07339118436803,156.3171156941075,507244300
2015-08-25,156.13372802734375,162.95368169086757,155.84191536900306,162.93700341049941,369833100
2015-08-26,162.12826538085938,162.40338699308438,157.05080481195267,160.1439701534292,339257000
2015-08-27,166.13853454589844,166.26358982576218,162.75356927173493,164.2626290171508,274143900
2015-08-28,166.1468963623047,166.61378645112822,165.01301498010434,165.49658334975751,160414400
2015-08-31,164.80459594726562,166.02185612224434,164.2543271261738,165.1714418279935,163298800
2015-09-01,159.88552856445312,162.3867361308454,159.0184361505627,161.01106433624992,256000400
2015-09-02,162.9203643798828,162.96205372669115,160.42748901365306,162.26170577699753,160269300
2015-09-03,163.0370330810547,165.12137251517248,162.54513202783446,163.62897835613708,152087800
2015-09-04,160.5692596435547,161.6281082320111,159.75220168926344,160.78603920822766,207081000
2015-09-08,164.60450744628906,164.75458655536866,162.72026849359887,163.36224883448918,116025700
2015-09-09,162.4034423828125,166.30533377944414,162.0366092008,166.18027845850835,149347700
2015-09-10,163.2871856689453,164.42939981290357,161.9532031029294,162.21165920366735,158611100
2015-09-11,164.02928161621094,164.09598204576002,162.18671882511032,162.8953997574889,119691200
2015-09-14,163.42063903808594,164.2543752944909,162.9370704827544,164.2043531545955,79452000
2015-09-15,165.46324157714844,165.90512061114862,163.37890171043026,163.92082498705662,113806200
2015-09-16,166.89724731445312,167.0890157322511,165.42154392267057,165.76337869686665,99581600
2015-09-17,166.5220947265625,169.1567036506817,166.14691605513212,166.7638853009481,276046600
2015-09-18,163.80088806152344,166.50785238419843,163.3902416722408,164.0187945909634,223657500
2015-09-21,164.64736938476562,165.66980383682204,163.59978104771184,164.63060439074857,105726200
2015-09-22,162.51026916503906,162.97121054142366,161.37886876736252,162.48512807068556,153890900
2015-09-23,162.2504119873047,163.14714054084763,161.67214144566768,162.67782322819664,92790600
2015-09-24,161.66380310058594,162.12474445816738,159.70272109335767,161.03525019150445,159378800
2015-09-25,161.6219024658203,163.42374894153775,160.7503019768851,163.1220430473588,155054800
2015-09-28,157.5656280517578,160.8341106320066,157.2555460629324,160.72515737628274,178515900
2015-09-29,157.65782165527344,159.01550458938314,156.6605156934075,157.78353990565944,159045600
2015-09-30,160.59942626953125,160.76703778299435,158.764050145454,159.54344943762996,163452000
2015-10-01,161.01846313476562,161.32016897733686,159.082522639908,160.97655705897594,131079000
2015-10-02,163.42376708984375,163.4489081848222,158.495907866993,159.040661430058,211003300
2015-10-05,166.33181762695312,166.5581001942391,164.53834765158405,164.64730088545105,126320800
2015-10-06,165.761962890625,166.75926885770076,165.09989280505525,166.19776314261216,110274500
2015-10-07,167.11962890625,167.4716169552266,165.50214631315984,166.69220479911124,124307300
2015-10-08,168.62820434570312,168.91314530305888,166.43245050481033,166.73415645611158,153055200
2015-10-09,168.7287139892578,169.20640746419622,168.10016119364352,168.7706200665533,107069200
2015-10-12,168.88795471191406,169.08908342854323,168.3767312439153,168.80414255469205,56395600
2015-10-13,167.82363891601562,169.42435684319722,167.65602735233972,168.15886204336746,88038700
2015-10-14,167.01898193359375,168.34313420498796,166.72566507604145,167.76486379915826,99106200
2015-10-15,169.5835723876953,169.59194848911545,167.31239568460623,167.68114875415054,134142200
2015-10-16,170.35455322265625,170.37130542131746,169.22315320406815,169.98580024510346,114580100
2015-10-19,170.43836975097656,170.43836975097656,169.3991706600181,169.7092526096829,76523900
2015-10-20,170.220458984375,170.83224672217682,169.7511416628866,170.00256531023766,78448500
2015-10-21,169.16456604003906,170.79041236130385,168.99694167946413,170.63956578231833,102038000
2015-10-22,172.0222930908203,172.231810651103,169.16448328739693,170.1114939640774,174911700
2015-10-23,173.9080047607422,174.27675782662064,172.89394661751743,173.69011103451444,144442300
2015-10-26,173.4805908203125,173.79067280838166,173.1118377599379,173.73201452401705,69033000
2015-10-27,173.14535522460938,173.48057828002285,172.46650743729634,172.81011938125604,77905800
2015-10-28,175.11480712890625,175.1399482178146,172.81850242234762,173.4805724101665,135906700
2015-10-29,175.0142822265625,175.38303533093182,174.49468255473792,174.6120119254061,90525500
2015-10-30,174.26004028320312,175.5255352663927,174.10081758680366,175.20706429770482,131076900
2015-11-02,176.32162475585938,176.514377360471,174.46110751012557,174.58682573847673,86270800
2015-11-03,176.8328399658203,177.38596945377594,175.74334597716359,175.96962854731606,95246100
2015-11-04,176.29653930664062,177.25193931911244,175.76017461170807,177.1262338390279,96224500
2015-11-05,176.1205291748047,176.81612929827372,175.2321763964768,176.3551879167048,78408700
2015-11-06,176.02830505371094,176.26297653576705,174.7041650460284,175.7768941585432,110471500
2015-11-09,174.38568115234375,175.56736342301136,173.43865755824206,175.41650410925396,131008700
2015-11-10,174.78802490234375,174.82155489192934,173.63987212394824,173.9080481009122,75874600
2015-11-11,174.1007843017578,175.10646642520203,174.0337371218026,175.05618423722112,67846000
2015-11-12,171.6703338623047,173.5308511321067,171.65358166199235,173.06153376457812,121315200
2015-11-13,169.74281311035156,171.5279075743205,169.65901372340684,171.25973163297792,153577100
2015-11-16,172.32403564453125,172.38270671213425,169.44107135405784,169.55841348926387,117645200
2015-11-17,172.1983184814453,173.51408230141928,171.70386003645876,172.63411865075938,121123700
2015-11-18,174.93038940429688,175.07285980385765,172.6340852387526,172.67597851843675,121342500
2015-11-19,174.77960205078125,175.1986372929131,174.48627226611268,174.8131192434579,88220500
2015-11-20,175.41648864746094,176.0953235296875,175.03935957821705,175.53381797540212,94011500
2015-11-23,175.21539306640625,175.97802744813458,174.75445176671988,175.4751928567913,64931200
2015-11-24,175.45005798339844,175.85232822831483,173.82419922577145,174.20970448066703,98874400
2015-11-25,175.42489624023438,175.77688426159057,175.16508368329,175.57574276884174,51980100
2015-11-27,175.62599182128906,175.82713327610182,175.03934522967256,175.51703860144005,37317800
2015-11-30,174.89688110351562,175.90256283779144,174.78792787975726,175.78523351525823,112822700
2015-12-01,176.56463623046875,176.6819783432832,175.24887257205668,175.52543729239645,97858400
2015-12-02,174.76280212402344,176.83283682937392,174.51137847141774,176.5143660168775,108441300
2015-12-03,172.315673828125,175.28243773375337,171.59493269576072,175.0142618268885,166224200
2015-12-04,175.6763458251953,175.96967563491964,172.31568749989472,172.31568749989472,192913900
2015-12-07,174.6119842529297,175.76851278396063,173.6481955578069,175.34947755684817,102027100
2015-12-08,173.43865966796875,174.5616708891859,172.458118874404,173.05315446089486,103372400
2015-12-09,172.08934020996094,174.88849174566798,171.11717566134053,172.80170502995315,162401500
2015-12-10,172.53355407714844,173.8409418923696,171.92176624832106,172.15642494397923,116128900
2015-12-11,169.18968200683594,171.0837167933455,168.8795872161852,170.42164670400737,211173300
2015-12-14,170.0444793701172,170.17019760312135,167.5721742429756,169.34889219017325,182385200
2015-12-15,171.82958984375,172.73470749855906,170.01935453413182,171.55302505022993,154069600
2015-12-16,174.34378051757812,174.64548636656923,171.63681676475792,172.95258061456695,197017000
2015-12-17,171.68714904785156,174.7209606234904,171.6703840546984,174.65391343882058,173092500
2015-12-18,168.62852478027344,171.0818146567759,168.4683416450139,170.9469351054431,251393500
2015-12-21,170.01954650878906,170.1965943918638,168.6875130023776,169.80035600673932,99094300
2015-12-22,171.56239318847656,171.85746878921228,169.91843179707286,170.90480863191507,111026200
2015-12-23,173.68685913085938,173.7290146149224,172.47285322851093,172.56559014783053,110987200
2015-12-24,173.40025329589844,173.94824899884821,173.18106273314908,173.4339828372758,48539600
2015-12-28,173.00393676757812,173.04607937608148,171.93324951228385,172.70886132378988,65899900
2015-12-29,174.8502197265625,175.1790118238626,174.06618198070987,174.0998986396959,92640700
2015-12-30,173.61093139648438,174.6900574939759,173.46761307717205,174.6057465465948,63317700
2015-12-31,171.8742218017578,173.577202479056,171.8742218017578,172.9364830619542,114877900
2016-01-04,169.47158813476562,169.48001408695998,167.42294971521045,169.0247682515306,222353500
2016-01-05,169.75819396972656,170.2134397222684,168.6537898230363,169.7919106364143,110845800
2016-01-06,167.61680603027344,168.66218976902232,166.58827419024678,167.21212890813374,152112600
2016-01-07,163.59542846679688,166.45339493899422,163.20761607684997,164.67454181615454,213436100
2016-01-08,161.79969787597656,165.11292267031985,161.51306122906905,164.55650127523245,209817200
2016-01-11,161.95989990234375,163.0558780579135,160.02930242058451,162.71864708325168,187941300
2016-01-12,163.26661682128906,164.01693793340905,161.14210704043757,163.40150918986092,172330500
2016-01-13,159.1947021484375,164.27834272629687,158.81532848192018,163.93268573198264,221168900
2016-01-14,161.8081512451172,162.92942017466441,158.20830205788596,159.80168151270632,240795600
2016-01-15,158.33477783203125,159.13568064709096,156.4041799782958,157.45800285707142,324846400
2016-01-19,158.54550170898438,160.27377335933696,156.97741315333434,160.14731979196418,195244400
2016-01-20,156.5137481689453,158.07341096946286,152.61039748829143,155.99105620650136,286547800
2016-01-21,157.39051818847656,159.22837866520982,155.66224651680315,156.98585390384602,195772900
2016-01-22,160.61949157714844,160.8218173621808,159.23687630187553,159.9956237238477,168319600
2016-01-25,158.1914520263672,160.30752363639772,157.9975522277229,160.11362383775347,130371700
2016-01-26,160.3496856689453,160.6278964509055,158.5118247544825,158.8490429279834,141036800
2016-01-27,158.60458374023438,161.49626792911857,157.70250506138444,159.82701586924972,185681700
2016-01-28,159.43075561523438,160.3496860747916,157.78679450317122,160.14736031579847,143798800
2016-01-29,163.3172149658203,163.452107348204,160.07987497288508,160.1979025914594,210529300
2016-02-01,163.25823974609375,164.04229067887618,161.73230623370387,162.314018537112,136061600
2016-02-02,160.31593322753906,161.84186634784507,159.79322845197512,161.8334403978046,182564900
2016-02-03,161.2770233154297,161.68168761708515,157.7361817318406,161.3697602245639,205054900
2016-02-04,161.52996826171875,162.4994801181011,160.14735322560009,160.77964692255767,139531800
2016-02-05,158.45278930664062,161.5889669028916,157.82049564391338,161.01569349009503,180788300
2016-02-08,156.31982421875,156.9099622889876,154.1110162141271,156.61489968589137,191526700
2016-02-09,156.3282470703125,157.60127295093122,154.44823123236765,154.5831236069045,184513100
2016-02-10,156.19337463378906,158.7815562592034,156.0669082029163,157.15446033381306,148214100
2016-02-11,154.1615447998047,155.2069410687993,152.66932894049123,153.72315115615652,219058900
2016-02-12,157.3399200439453,157.3567719419821,155.08895670778122,155.93201471521544,127632400
2016-02-16,159.99559020996094,160.02088092779238,158.18302015711848,159.14410602685712,120250700
2016-02-17,162.60902404785156,162.97997160988223,161.03249690922124,161.15896332211912,136009500
2016-02-18,161.94302368164062,162.9378389064611,161.63109630818496,162.87881866605304,102343000
2016-02-19,161.8671875,162.01893181353807,160.56044461143512,161.167447593684,114793000
2016-02-22,164.21092224121094,164.35424063261036,163.37628975288987,163.44373597191037,103640300
2016-02-23,162.1368865966797,163.8230022416666,162.0188461520508,163.55321756372877,111455300
2016-02-24,162.8788299560547,163.15704068573677,159.6077731227988,160.71217722714357,150812200
2016-02-25,164.85159301757812,164.86003183247877,162.5669125237012,163.32565975002663,110728300
2016-02-26,164.47225952148438,165.81271928483804,164.31207636786658,165.71999521069117,129833700
2016-02-29,163.1823272705078,165.43329090200194,162.9884275052904,164.48906992628648,125918100
2016-03-01,167.01828002929688,167.10259100476583,163.93268356943548,164.4047941583446,141799700
2016-03-02,167.7686309814453,167.81921243002574,166.2932786989452,166.70638196910357,102415000
2016-03-03,168.42617797851562,168.44304274563157,167.0182722294656,167.5915456709263,95172200
2016-03-04,168.9741973876953,169.74982247484877,167.7939207142895,168.62011438567356,129293600
2016-03-07,169.10903930664062,169.5137165001027,167.97934441899835,168.05521656875482,100219000
2016-03-08,167.2627410888672,168.54419314985492,167.10257083728501,168.0383659502354,123974900
2016-03-09,168.0889129638672,168.4345569770791,167.28799754972553,168.07204820145247,94801200
2016-03-10,168.2238006591797,169.5136913337756,166.4028050151373,168.57789636690103,156838700
2016-03-11,170.93849182128906,170.980647308,168.2069912334791,169.67390440425157,137964500
2016-03-14,170.71926879882812,171.17451452211145,170.1038399749677,170.43263212624063,73612000
2016-03-15,170.44105529785156,170.74455672977479,169.49683433811077,169.75818029203575,93169100
2016-03-16,171.42745971679688,171.83213693477836,169.9183911248905,169.96054660976955,129303200
2016-03-17,172.51499938964844,173.02082657892635,170.94691066119776,171.34314903469127,134278500
2016-03-18,173.19293212890625,173.531889532325,172.70143484267174,173.01497108735393,138372400
2016-03-21,173.4386444091797,173.66744772876373,172.70140507211255,172.9302083916966,72926700
2016-03-22,173.345458984375,173.91321974650177,172.5065348857441,172.66753124752051,97471900
2016-03-23,172.2014617919922,173.150552830856,172.0319701661417,172.96412238673693,81052500
2016-03-24,172.1251983642578,172.15910186414206,170.95578622618342,171.17610725384458,84360900
2016-03-28,172.22683715820312,172.7522248535421,171.77771291598262,172.54037330795157,62408200
2016-03-29,173.8200225830078,173.9301895691832,171.515075796429,171.82014266319376,92922900
2016-03-30,174.5826873779297,175.30297513077699,174.21829586616255,174.8199601589143,86365300
2016-03-31,174.15896606445312,174.91315723940892,173.99795678040715,174.4894540415597,94584100
2016-04-01,175.3452911376953,175.53172153802493,172.85391481546566,173.16746390532504,114423500
2016-04-04,174.77755737304688,175.47243677743458,174.47249057387086,175.2690546011857,63497000
2016-04-05,173.0319366455078,174.78606139030236,172.7777121074572,173.43868814815048,99662200
2016-04-06,174.92164611816406,174.98097077905592,172.85397221365315,173.03193326593185,91839800
2016-04-07,172.8285369873047,174.1928618424129,172.09976694798488,173.83695269721892,113859000
2016-04-08,173.2946319580078,174.43863592304353,172.7607617169382,174.00645032583586,95040600
2016-04-11,172.88784790039062,174.62503351153455,172.79463268426892,173.93015409491906,83757500
2016-04-12,174.49794006347656,174.7775857523279,172.6166966514925,173.05735163971852,115350600
2016-04-13,176.26046752929688,176.3452133108423,175.2774733570897,175.413061435406,96336400
2016-04-14,176.26898193359375,176.76896148372217,175.92155517350372,176.31983717373794,65212900
2016-04-15,176.0740966796875,176.40458465081758,175.7520781174189,176.26899652666287,75761600
2016-04-18,177.31134033203125,177.34523090258335,175.41314512118754,176.07412115532838,82531000
2016-04-19,177.87060546875,178.12482998523546,177.05710253247176,177.73503026630098,88316100
2016-04-20,178.0400390625,178.73490538862524,177.4383750006281,177.9129203804974,81100300
2016-04-21,177.0824737548828,178.16715265097818,176.81129756566278,178.0569857078085,85695000
2016-04-22,177.0824737548828,177.35363701371045,176.18422525627813,176.7265647043258,99251700
2016-04-25,176.77745056152344,176.81982346782792,175.87071950211055,176.4808531477876,66166500
2016-04-26,177.04014587402344,177.5485948928953,176.56560035262072,177.14183050563952,75864200
2016-04-27,177.404541015625,177.79434073179453,176.3029100722661,176.6588192206628,77329400
2016-04-28,175.79441833496094,177.7519246407792,175.37919756123753,176.65030689544608,97216200
2016-04-29,174.84532165527344,175.5232491969226,173.74369101639257,175.17580955389846,142424100
2016-05-02,176.235107421875,176.4130555222075,174.91315552639526,175.34532812902663,62188000
2016-05-03,174.70127868652344,175.24361817887922,173.95555703563667,175.00634545912317,106422100
2016-05-04,173.72674560546875,174.43857666186707,173.22677903580248,173.70980679084445,92243800
2016-05-05,173.69284057617188,174.54871613754133,173.26913749879046,174.19280710418795,67619200
2016-05-06,174.3284454345703,174.37081834059887,172.76922076372438,172.92174770895267,89315000
2016-05-09,174.4724884033203,174.90466097577874,174.0233640837867,174.20132510208984,74374900
2016-05-10,176.64187622070312,176.65882797062716,175.1080725776919,175.1758666469914,77472200
2016-05-11,174.9894256591797,176.71812906590588,174.9894256591797,176.1842718141911,81727000
2016-05-12,175.0402374267578,175.8283319833032,174.03182189449538,175.6588403846355,89586300
2016-05-13,173.51492309570312,175.29448163900955,173.1929174688306,174.74367267247877,96474600
2016-05-16,175.2266845703125,175.70123005894357,173.62508708098525,173.68441173226154,77486800
2016-05-17,173.59121704101562,175.24365703801797,173.06581624757146,174.9555419473399,114924900
2016-05-18,173.64202880859375,174.81992305361686,172.557349774201,173.24374681139082,120062100
2016-05-19,173.04039001464844,173.32850509687862,171.8370744385142,172.92175363194215,115430500
2016-05-20,174.13351440429688,174.6504327323409,173.5996443307976,173.65048663677024,104990400
2016-05-23,173.8962860107422,174.43014328991345,173.7098555543978,174.15049760539685,58682600
2016-05-24,176.15036010742188,176.4639092607521,174.684350690245,174.70977184721838,93537800
2016-05-25,177.3451690673828,177.7604027616489,176.15032321827653,176.8282507665179,76621400
2016-05-26,177.39605712890625,177.7096062974516,177.08252089075677,177.48080294319328,55280700
2016-05-27,178.15872192382812,178.16719133268288,177.5062153909457,177.55705770486466,64211200
2016-05-31,177.8197479248047,178.54004850476804,177.26045662250806,178.42988153996555,109879400
2016-06-01,178.18417358398438,178.36212171316362,177.01474844207405,177.20964832225997,69936200
2016-06-02,178.72647094726562,178.74340976386634,177.3113039374439,177.7858494101513,63044700
2016-06-03,178.19259643554688,178.54003612321796,176.98928103642675,178.16717528087767,101757100
2016-06-06,179.09933471679688,179.45524382712608,178.38750356574386,178.54851283883448,64887000
2016-06-07,179.37899780273438,179.93828918383645,179.22647084265023,179.25189200266425,60974800
2016-06-08,179.9636688232422,180.0907875243807,179.38743875534112,179.51454452608584,66170900
2016-06-09,179.71798706054688,179.83662346322555,178.96379572986143,179.23495910867064,73786900
2016-06-10,178.01470947265625,178.68415499278345,177.47235683911725,178.34519752722005,113829200
2016-06-13,176.64187622070312,178.2688950927016,176.55714333187618,177.4130192122889,117751200
2016-06-14,176.29441833496094,176.8876131477305,175.34532732316208,176.26052776899468,125059300
2016-06-15,176.04869079589844,177.41301570387913,175.86226034161066,176.29443297815249,109124500
2016-06-16,176.5740509033203,176.74354251177266,174.21826236624872,176.04866312222205,149533100
2016-06-17,175.9164581298828,176.49568484208004,175.2605583547816,176.4701314869912,117055700
2016-06-20,177.04933166503906,178.5485178186072,176.96414516867182,177.8755912887902,82789600
2016-06-21,177.5519561767578,177.96082289803414,176.98975631147866,177.43270284148394,72461700
2016-06-22,177.26231384277344,178.45484700076446,177.11749417578338,177.73080065636066,95560500
2016-06-23,179.5707550048828,179.62186172192614,178.2589682760942,178.7189417271232,102731400
2016-06-24,173.12249755859375,179.6047957109169,172.67955111125858,173.45470414468605,333444400
2016-06-27,170.02191162109375,171.72553793794785,169.2126787224782,171.71701148787568,230775800
2016-06-28,173.0885009765625,173.11405434180662,171.31672733299564,171.62338071356766,159382400
2016-06-29,176.03570556640625,176.26568575451566,174.3831860051859,174.48539942212344,137328600
2016-06-30,178.4377899169922,178.48889661917968,175.95049742866334,176.50418369684363,165021900
2016-07-01,178.81260681152344,179.298146523958,178.27596039201924,178.43780696283076,106055300
2016-07-05,177.52633666992188,178.0970497759072,176.93007021573078,177.9863099352596,109803700
2016-07-06,178.59117126464844,178.7104246011787,176.376451588928,177.0323514386638,96021500
2016-07-07,178.48040771484375,179.4344342805806,177.7137810813248,178.7700210654943,85593800
2016-07-08,181.13809204101562,181.38512517532322,179.54520533809736,179.77519856716046,133971000
2016-07-11,181.77699279785156,182.3477192716621,181.3936793285018,181.59811924438807,73633900
2016-07-12,183.09722900390625,183.39536879733734,181.80246941184768,182.739469050371,101275600
2016-07-13,183.07171630859375,183.52317632624678,182.58618947726342,183.51466287223738,87324100
2016-07-14,184.09385681152344,184.56235665116716,183.70203003483041,184.3323634575898,91230900
2016-07-15,183.84681701660156,184.8519502033913,183.40387057951722,184.65603683603393,107155400
2016-07-18,184.3408966064453,184.50274319307965,183.7105501631425,183.96609672111055,58725900
2016-07-19,184.1534881591797,184.1875549664378,183.67647487174233,183.92349496786622,54345700
2016-07-20,184.92013549804688,185.15864216846145,184.15350877137692,184.15350877137692,58159500
2016-07-21,184.22164916992188,185.0308691313322,183.77870265512237,184.80940237275158,67777300
2016-07-22,185.04795837402344,185.0990651013502,184.0768915618901,184.3409516515061,62787500
2016-07-25,184.54534912109375,184.89459569896835,183.96612230693654,184.84348897979444,55873100
2016-07-26,184.63052368164062,184.9882836903036,183.78722387702433,184.44312372505922,70080500
2016-07-27,184.4346160888672,185.0734760525525,183.66797633386125,185.0053294300427,84083900
2016-07-28,184.6475372314453,184.93715057841146,183.77868419290988,184.23865756764218,65035700
2016-07-29,184.9456787109375,185.3034386969352,184.1023919573851,184.38349187444857,79519400
2016-08-01,184.79237365722656,185.3971538028139,184.34091366202279,185.0053269756298,73311400
2016-08-02,183.60833740234375,184.69865725581784,182.77356410776096,184.5453241214279,92295500
2016-08-03,184.1449432373047,184.2045763910711,183.25054991189612,183.54867668782032,53993600
2016-08-04,184.3408966064453,184.65606332927777,182.50097698624077,184.25571008791,46585500
2016-08-05,185.84860229492188,185.89119555549402,184.34090225224605,184.34090225224605,71892200
2016-08-08,185.73789978027344,186.1382530864224,185.47383972677943,186.0360266481112,39906500
2016-08-09,185.84860229492188,186.34265552275468,185.52492210937768,185.806022031988,51251700
2016-08-10,185.38865661621094,186.03603008181074,185.0394100239515,185.95936999989237,57941100
2016-08-11,186.2489471435547,186.49598024514216,185.65268051536748,185.91674052230485,72504300
2016-08-12,186.0871124267578,186.3000657210769,185.6867591936269,185.94229274869974,61313500
2016-08-15,186.62379455566406,186.97304116885294,186.44492102046848,186.45343447531178,49813500
2016-08-16,185.66123962402344,186.27453326544062,185.66123962402344,186.2063996367809,53213600
2016-08-17,186.01046752929688,186.14676077773237,184.86052736442625,185.6953007652244,75134300
2016-08-18,186.42782592773438,186.46189273466416,185.87415258107467,185.98487945182433,52989300
2016-08-19,186.1552276611328,186.33411412965725,185.47378758471052,185.95931428904322,75443000
2016-08-22,186.14674377441406,186.3767369854356,185.55047711402338,185.91675056339253,61368800
2016-08-23,186.5215606689453,187.05820721101114,186.46192749865375,186.76006735483244,53399200
2016-08-24,185.5675048828125,186.4704247663063,185.1501117490151,186.37672479739823,71728900
2016-08-25,185.4397430419922,185.85713621615523,185.03087631886928,185.18419646592582,69224800
2016-08-26,185.09048461914062,186.64930433578445,184.20460460957435,185.627131094704,122506300
2016-08-29,186.00192260742188,186.26598260806702,185.1841762527955,185.2182560579585,70502200
2016-08-30,185.6953125,186.19787926302044,185.1416390149965,185.91677929447332,58114500
2016-08-31,185.1671600341797,185.48232676312082,184.3920068924529,185.3630734334427,85269500
2016-09-01,185.17567443847656,185.46528781237726,184.01720794523555,185.1586345348241,97844200
2016-09-02,186.01046752929688,186.43637418242812,185.43975417381776,186.0275074347612,79293900
2016-09-06,186.57269287109375,186.6493529596769,185.57607272658865,186.29159288198082,56702100
2016-09-07,186.55563354492188,186.73452006397048,185.95085335663944,186.41082683790157,76554900
2016-09-08,186.12969970703125,186.49598614584542,185.8230464317414,186.22339967997087,74102900
2016-09-09,181.6747283935547,184.86902807179513,181.64917503593986,184.81792135656548,221589100
2016-09-12,184.28126525878906,184.68161850409962,180.8484590897426,180.91660570571437,168110900
2016-09-13,181.6321563720703,183.26763643886903,181.0103362679948,183.00357638087698,182828800
2016-09-14,181.5640106201172,182.88432391408446,181.0103371408601,181.68326396938673,134185500
2016-09-15,183.37838745117188,183.76170088109808,181.22330059205066,181.40218712475806,134427900
2016-09-16,182.66941833496094,182.94338165274544,181.9845361670797,182.76359159253812,155236400
2016-09-19,182.70372009277344,183.9622116674637,182.37839183003095,183.32012466255208,80250500
2016-09-20,182.71226501464844,183.71391911147663,182.6780261243973,183.5598245104074,69665300
2016-09-21,184.76698303222656,184.94676009783961,182.7294225333122,183.41431802619306,110284400
2016-09-22,185.9312744140625,186.23092025195749,185.52891189540338,185.77717979797526,76678700
2016-09-23,184.91253662109375,185.67447949134535,184.81836331967855,185.5374977686876,73630900
2016-09-26,183.41433715820312,184.2618838253767,183.21742102902655,184.08210674101107,89827300
2016-09-27,184.55296325683594,184.6471234918225,182.8835263269881,183.2516630614715,78494800
2016-09-28,185.46897888183594,185.62308656236328,183.8166811905737,184.77552697769812,87411000
2016-09-29,183.79098510742188,185.66588132423695,183.24307136462014,185.26350574056914,128070600
2016-09-30,185.17787170410156,185.87987994889195,184.37312066831626,184.62138853136247,117202900
2016-10-03,184.73272705078125,184.95531252922103,184.09919644758304,184.7669790094918,83512100
2016-10-04,183.79098510742188,185.06660270918726,183.2002760132762,184.8440172416814,119948100
2016-10-05,184.60430908203125,185.0323671094434,184.34747165292507,184.41596250490633,72816000
2016-10-06,184.73272705078125,184.95531252922103,183.8423720737274,184.38171632211893,62927400
2016-10-07,184.0991668701172,185.17788132018285,183.3714761556129,185.00666074402258,89788300
2016-10-10,185.05804443359375,185.52034134257795,184.91250627588957,185.05804443359375,51855000
2016-10-11,182.72085571289062,184.6984949069336,181.99316485487475,184.63000405030357,130367400
2016-10-12,182.96055603027344,183.48278731258375,182.36126437989276,182.85781322727746,73866100
2016-10-13,182.36126708984375,182.8578159446073,180.82026871823211,181.63357631731463,101357000
2016-10-14,182.45542907714844,183.79953740371388,182.3783817759969,183.33722747021903,93346200
2016-10-17,181.82192993164062,182.68660243484823,181.6421398142282,182.42976500852797,58275700
2016-10-18,182.96055603027344,183.47421779207957,182.5838629003062,183.41429646501757,76869700
2016-10-19,183.4485626220703,183.75676495027773,182.86640992617598,183.22597713186872,66519200
2016-10-20,183.1061248779297,183.66259514566121,182.44691178997869,183.09755535598893,73639800
2016-10-21,183.19168090820312,183.27729772552206,182.1472184407151,183.10607715417646,89089100
2016-10-24,183.9707794189453,184.33891611727435,183.61976869952085,184.06495270797885,60146600
2016-10-25,183.35435485839844,184.04780670068533,183.19169073474242,183.79096929824388,66542300
2016-10-26,182.9862518310547,183.56840448294915,182.29278684752947,182.532511363168,75705500
2016-10-27,182.498291015625,183.739656908129,182.42124369187502,183.70541800756126,77220200
2016-10-28,181.95892333984375,183.14892428259796,181.24835842102084,182.4725982624079,140623200
2016-10-31,181.9674835205078,182.51539731357715,181.8048193679365,182.29279876235523,61272500
2016-11-01,180.64906311035156,182.34418248355638,179.44194927362747,182.29280454167187,122781800
2016-11-02,179.56179809570312,180.7261165309572,179.12517051792338,180.34085382978796,103330800
2016-11-03,178.7398681640625,179.98980306721924,178.46591788183787,179.77577410226917,88939300
2016-11-04,178.54298400878906,179.69017624675064,178.39744586486492,178.85118627336155,109122100
2016-11-07,182.4811553955078,182.51540735756313,178.54302887338312,178.54302887338312,109794900
2016-11-08,183.3030242919922,183.8680640704405,181.82194705147958,182.08734096045808,106772100
2016-11-09,185.2464141845703,185.8628188492065,181.78769767041217,181.8133801094974,258429000
2016-11-10,185.70867919921875,186.89867990417122,184.2532846271845,186.03400745605103,172113300
2016-11-11,185.28070068359375,185.52041221883817,184.3389805275046,184.9896242569825,100552700
2016-11-14,185.42613220214844,186.00829778369007,184.68131557930144,185.80282527315336,94580000
2016-11-15,186.87306213378906,186.87306213378906,185.60601368639652,185.81147323482364,91652600
2016-11-16,186.5220489501953,186.75320400253574,186.13679923849307,186.25665499465148,65617700
2016-11-17,187.48081970214844,187.54074102033763,186.56476944779976,186.6760686915259,69797200
2016-11-18,187.0613250732422,187.72053797721748,186.88153498550636,187.5493174090308,86265800
2016-11-21,188.47398376464844,188.49966620661488,187.48945532047617,187.63499351271832,72402600
2016-11-22,188.8421173095703,189.02189440026163,188.11441329750448,188.78218290380866,67429000
2016-11-23,188.94485473632812,188.99621962146534,188.13154690729507,188.32844998808685,56620200
2016-11-25,189.6468048095703,189.68104369898273,189.21017732398442,189.28723768592408,37872300
2016-11-28,188.75645446777344,189.61257047886514,188.6537247266964,189.33862014822847,76572500
2016-11-29,189.12460327148438,189.5783437413918,188.49107267987097,188.7907185282828,69886700
2016-11-30,188.6708526611328,189.9036618200159,188.61091826935393,189.7409976860947,113291800
2016-12-01,187.9774169921875,188.97050173292382,187.61783673708024,188.97050173292382,79040500
2016-12-02,188.07156372070312,188.55955612953525,187.71199655470292,188.06300726316525,74840300
2016-12-05,189.20164489746094,189.5440860882473,188.70509602651484,188.9019990580523,67837800
2016-12-06,189.80088806152344,189.83514001218086,188.910533293805,189.38995609667583,59877400
2016-12-07,192.28367614746094,192.34359747994642,189.52698133405676,189.6468370623224,110738100
2016-12-08,192.75448608398438,193.22535243290795,191.9925434696505,192.2579503668923,99714400
2016-12-09,193.91885375976562,193.93597973954576,192.94288192501824,192.9771338845785,88005800
2016-12-12,193.69618225097656,194.30403016190976,193.2766808440909,193.8245943840593,102016100
2016-12-13,194.98895263671875,195.48550142620047,194.33830925565232,194.35543523137014,110477500
2016-12-14,193.3794708251953,195.3913354266373,192.942843339538,194.68932715558245,142501800
2016-12-15,194.17572021484375,195.0318364456315,193.38809485011464,193.6192498901505,124972600
2016-12-16,193.79591369628906,194.691529641135,193.4772879233699,194.63124198664173,156420200
2016-12-19,194.2178497314453,194.63982380919117,193.83032948958675,193.97672544138717,90341100
2016-12-20,194.9671173095703,195.1135264473923,194.51932242546528,194.75182675903397,89838800
2016-12-21,194.42457580566406,195.01015974080977,194.42457580566406,194.83792994460757,67909000
2016-12-22,194.0886993408203,194.39871819214375,193.69255903179445,194.27815603553404,56219100
2016-12-23,194.3728790283203,194.38148591773765,193.94229803224883,194.13174158145424,36697800
2016-12-27,194.8551788330078,195.2513060949005,194.62266135476222,194.63988827841183,42672500
2016-12-28,193.24476623535156,195.1307133002148,193.13282409992078,195.1134995195581,64095000
2016-12-29,193.20172119140625,193.66674294079067,192.7625201133474,193.31366332831337,48696100
2016-12-30,192.4955291748047,193.61504233520182,191.80659698838423,193.52892088429107,108998300
2017-01-03,193.96820068359375,194.47628328561638,192.79701943299443,193.7959577118017,91366500
2017-01-04,195.1221160888672,195.26851207345445,194.28678777541126,194.29539466616654,78744400
2017-01-05,194.9671173095703,195.1221333389085,194.17484966043173,194.85517515869023,78379000
2017-01-06,195.6646728515625,196.12969466640834,194.53653931091543,195.07907571181272,71559900
2017-01-09,195.01873779296875,195.54404709949904,194.98428395697,195.40625803608066,46939700
2017-01-10,195.01873779296875,195.87127969975725,194.63120440956854,195.0359515706798,63771900
2017-01-11,195.5699005126953,195.5699005126953,194.2695374492885,194.9326358857143,74650000
2017-01-12,195.07901000976562,195.2684666846739,193.72699261914352,195.0531762032134,72113200
2017-01-13,195.52685546875,195.82825431654757,195.21683659025288,195.25127729217894,62717900
2017-01-17,194.83787536621094,195.2942901114259,194.45035514823618,194.88954297656923,61240800
2017-01-18,195.2685089111328,195.31156964479436,194.53651585975967,195.08765908587074,54793300
2017-01-19,194.5451202392578,195.483783712224,194.11453921786523,195.34599463170878,66608800
2017-01-20,195.2598876953125,195.75074323022767,194.59678923838771,195.22543385479455,129168600
2017-01-23,194.75180053710938,195.3201706676685,193.99398683665453,195.25989615458587,75061600
2017-01-24,196.00047302246094,196.41382709593856,194.8551260056911,194.9670681283333,95555300
2017-01-25,197.6969451904297,197.6969451904297,196.78410253166146,196.94772539634906,84437700
2017-01-26,197.4902801513672,197.81752591147847,197.2147020080547,197.55055465753608,59970700
2017-01-27,197.18028259277344,197.7141988777078,196.9994327741686,197.5678029008803,59711100
2017-01-30,195.9574737548828,196.51722396452,194.97574930978664,196.49139014809327,79737300
2017-01-31,195.94017028808594,196.00045792972628,194.89817172513992,195.4665286047977,75880800
2017-02-01,196.0177001953125,196.853028428981,195.4321163128962,195.94019876504385,79117700
2017-02-02,196.1469268798828,196.4311119956221,195.3288253807931,196.0177446598415,69657600
2017-02-03,197.49893188476562,197.67978172491428,196.74111809916565,197.0511370106404,80563200
2017-02-06,197.1458282470703,197.4903009625108,196.80997556219742,197.09416062482688,57790100
2017-02-07,197.1544647216797,197.77450252089744,196.96500799745806,197.53337817012294,57931200
2017-02-08,197.4127655029297,197.54193453627462,196.61187807532636,197.15441429595157,51566200
2017-02-09,198.583984375,198.8853832240936,197.4128034001183,197.4128034001183,65955200
2017-02-10,199.36761474609375,199.59152528133336,198.60118107303498,198.92842684589928,66015900
2017-02-13,200.45269775390625,200.71104900172796,199.83266001525024,199.85849382600338,55182100
2017-02-14,201.25360107421875,201.26222110590146,199.92741708401107,200.27187670372177,71109000
2017-02-15,202.30418395996094,202.49364065914128,200.98660709584573,201.03827471556946,86785800
2017-02-16,202.13198852539062,202.51090198813316,201.38278163151736,202.33005214808165,84722400
2017-02-17,202.45059204101562,202.45059204101562,201.4516408656272,201.46886778666237,77204100
2017-02-21,203.65623474121094,203.82846453736573,202.81228640155743,202.8209064325544,88946100
2017-02-22,203.47537231445312,203.69926972156108,203.08785201202807,203.25147490734517,62115200
2017-02-23,203.6131591796875,204.00928636796786,202.85533236344304,203.99207258780973,74615900
2017-02-24,203.8715057373047,203.91455332700036,202.72615864919575,202.76921937918132,82381600
2017-02-27,204.19015502929688,204.36238482880697,203.53567653504197,203.7854077732879,56515400
2017-02-28,203.63900756835938,204.05236170667933,203.2514872424162,203.81123736430177,96961900
2017-03-01,206.48941040039062,206.95444520988164,205.27516890262774,205.2923958208318,149158200
2017-03-02,205.1890869140625,206.308600215748,205.13741929311072,206.29998018539592,70246000
2017-03-03,205.31825256347656,205.48187545397204,204.72404865179934,205.1029620528857,81974300
2017-03-06,204.70684814453125,205.0599146181717,204.10402416355956,204.52599832218158,55391500
2017-03-07,204.0953826904297,204.7584810729663,203.88869909137853,204.40540151886213,65103700
2017-03-08,203.71649169921875,204.6465482866462,203.57870261805394,204.38819704453468,78168800
2017-03-09,203.97491455078125,204.30216044836135,203.01041692460151,203.83712542124283,90683900
2017-03-10,204.6896209716797,204.97380604057082,203.74233740870923,204.93074530765566,81991700
2017-03-13,204.79293823242188,204.8359989615552,204.30208271311278,204.62931534588895,57256800
2017-03-14,204.00929260253906,204.3020976979482,203.3978748809851,204.25041693502382,59880800
2017-03-15,205.77474975585938,206.1967240560167,204.3452170396972,204.57773456348144,96081800
2017-03-16,205.3699493408203,205.98998715057468,205.04271665366073,205.91248570942832,78344000
2017-03-17,205.00929260253906,205.82230883065284,205.00929260253906,205.632027875245,89002100
2017-03-20,204.78436279296875,205.29465557467637,204.3951566577249,205.00923422284296,52537000
2017-03-21,202.15504455566406,205.51089350230714,202.0253135695641,205.38980684946205,131809300
2017-03-22,202.6307373046875,202.91615865814032,201.5669036763305,202.18963877523575,97569200
2017-03-23,202.41455078125,203.54757889187846,202.04264643239952,202.63077792289533,100410300
2017-03-24,202.2675018310547,203.28808752371825,201.4890894619878,202.71725794521547,112504900
2017-03-27,202.05992126464844,202.31939645634566,200.321459915953,200.59822377562864,87454500
2017-03-28,203.53030395507812,203.95410073492422,201.64479629003603,201.75723863446456,93483900
2017-03-29,203.72048950195312,203.95401843173678,203.01991591005506,203.24480050816265,61950400
2017-03-30,204.36923217773438,204.56817064319617,203.48703497312647,203.66001404084622,56737900
2017-03-31,203.8935546875,204.55952479613492,203.84164908650794,204.03193003110582,73733100
2017-04-03,203.53890991210938,204.14434319591695,202.3107414799695,203.94541794497783,85546500
2017-04-04,203.66867065429688,203.75516679210006,202.8729563368468,203.25351822724852,56466200
2017-04-05,203.0631866455078,205.32059802569498,202.85560388501835,204.34324734155686,108800600
2017-04-06,203.634033203125,204.15297031801492,202.76046728392677,203.20157900865607,69135800
2017-04-07,203.4264678955078,204.11839730552617,202.9421212677317,203.3832198328587,74412300
2017-04-10,203.54754638671875,204.34326055720862,203.0199517174591,203.56484825057547,67615300
2017-04-11,203.30535888671875,203.40914366770164,201.81771543784365,203.16697038043867,88045300
2017-04-12,202.41455078125,203.21892261084852,202.18967930502347,203.02864167040403,81864400
2017-04-13,201.09986877441406,202.81239709117327,201.09986877441406,202.07721959380586,92880400
2017-04-17,202.88160705566406,202.88160705566406,201.4199094790997,201.6188347524172,68405400
2017-04-18,202.2761688232422,202.81242112623795,201.59289684029733,202.1464378130178,83225800
2017-04-19,201.90420532226562,203.21021216665906,201.67932070713752,202.83830791464553,68699900
2017-04-20,203.54754638671875,203.98865813160546,202.1982913499118,202.51830324525685,92572200
2017-04-21,202.89886474609375,203.52159986940245,202.5010142602025,203.46970747536926,110389800
2017-04-24,205.13037109375,205.33795390885047,202.87295911968172,205.1390154286658,119209900
2017-04-25,206.323974609375,206.66993281304875,205.68393741537315,205.77043356502134,76698300
2017-04-26,206.19418334960938,207.17153418835883,206.15094848210717,206.28932381353593,84702500
2017-04-27,206.3671875,206.66989757723962,205.83093521903572,206.5142203713662,57410300
2017-04-28,205.91741943359375,206.65258374786688,205.7876752387527,206.62663754838997,63532800
2017-05-01,206.43634033203125,206.86015021914145,206.02118797570128,206.43634033203125,66882500
2017-05-02,206.51422119140625,206.69584459897976,206.10771311117955,206.57475792811164,57375700
2017-05-03,206.2633819580078,206.60935328750722,205.588754362305,206.51421282157696,73137700
2017-05-04,206.5055389404297,206.6439274612729,205.65793234581244,206.5660888673445,61462700
2017-05-05,207.31857299804688,207.33587486401794,206.43636259791836,206.87747439671105,62001300
2017-05-08,207.28395080566406,207.50882223911654,206.86014093756975,207.36178939446052,48385700
2017-05-09,207.0937042236328,207.7423856326874,206.74773288699615,207.54346036253196,51363200
2017-05-10,207.46560668945312,207.46560668945312,206.842871486589,207.05045428669604,54293800
2017-05-11,207.04180908203125,207.20614381507636,205.96067341458388,207.01586288180906,62358300
2017-05-12,206.69580078125,207.08500691242796,206.42768129527087,206.79094123086725,53912700
2017-05-15,207.83753967285156,207.95862634921738,207.10236208226476,207.11966394959072,61918900
2017-05-16,207.64720153808594,208.15749430527327,207.25799541391686,208.13154811015895,51241800
2017-05-17,203.96273803710938,207.64724366280345,203.90218810458956,207.64724366280345,172174100
2017-05-18,204.78436279296875,205.631969318215,203.62537552258183,203.88485067856263,107047700
2017-05-19,206.11634826660156,206.78233152544618,205.21684920841886,205.26874160827177,115011400
2017-05-22,207.162841796875,207.32717648712196,206.55740862027054,206.6265896712081,61010600
2017-05-23,207.6212921142578,207.78562684405628,207.15423412457204,207.53479598358814,48341700
2017-05-24,208.1056671142578,208.20945192723073,207.51752238000833,207.85484941708714,46927700
2017-05-25,209.1002655029297,209.377042546185,208.40834928970304,208.6159188746887,64071700
2017-05-26,209.05702209472656,209.22134361030675,208.83213745690742,208.90997604809624,46629900
2017-05-30,208.8754425048828,209.1262602107397,208.58137672630332,208.73705395115405,35201900
2017-05-31,208.82350158691406,209.20406342253426,208.13157217646426,209.16945969341108,91796000
2017-06-01,210.48414611816406,210.5014479845229,208.99650235027323,209.28192375663733,68962000
2017-06-02,211.1847381591797,211.34042857493054,210.24199092185276,210.5360566880442,88666100
2017-06-05,211.02902221679688,211.2971417307393,210.8300837666508,211.01172035211985,44698800
2017-06-06,210.35443115234375,211.02040128717894,210.2765793465217,210.4668602986055,50375400
2017-06-07,210.74359130859375,210.9684627494031,210.02571572770137,210.69169891436508,54144300
2017-06-08,210.84738159179688,211.32308388038217,210.31978690763057,210.83873725835193,65950700
2017-06-09,210.52734375,211.91118918567153,209.26457175746387,211.11547509073324,132256400
2017-06-12,210.48414611816406,210.5360385197835,209.63653943097975,210.28522084613712,86108100
2017-06-13,211.51333618164062,211.56522857020147,210.67437404003005,211.0203320954049,60067000
2017-06-14,211.24522399902344,211.79010729516966,210.42355049360853,211.78146296259584,78602300
2017-06-15,210.8387908935547,210.95987757986546,209.6192664973441,209.89603041000055,66464900
2017-06-16,210.88475036621094,211.0498864423967,210.00693780446878,210.99774099977202,84553100
2017-06-19,212.6404571533203,212.7012891020136,211.61488115848746,211.71048558799038,65123800
2017-06-20,211.2063751220703,212.29278298541092,211.18900214476346,212.2840964967575,56906400
2017-06-21,211.1542510986328,211.7104914506489,210.684928689232,211.59751403942832,55977600
2017-06-22,211.05859375,211.65829292296755,210.8847711701662,211.16289790735053,44148100
2017-06-23,211.31063842773438,211.64089733628418,210.73701200399373,211.11942961982083,66986800
2017-06-26,211.44970703125,212.3970646667427,211.2411252311376,211.97987454289122,56700500
2017-06-27,209.74624633789062,211.52795786080534,209.7288600990162,211.2324448471982,82247700
2017-06-28,211.6236114501953,211.82350682734375,210.52850359751773,210.763171460494,70042600
2017-06-29,209.76364135742188,211.82346647947858,208.55555631046235,211.77132102248703,106949700
2017-06-30,210.15476989746094,210.94567811831612,209.96356102512635,210.57194686354703,86820700
2017-07-03,210.51107788085938,211.5279540165934,210.51107788085938,211.09339088533196,39153800
2017-07-05,210.99781799316406,211.20639983977458,210.06784638763787,210.87614082870252,54427600
2017-07-06,209.068359375,210.3546627410907,208.88583699475083,210.2329855748634,65400800
2017-07-07,210.4241943359375,210.57194423329292,209.07704575652258,209.6419858765696,57972300
2017-07-10,210.65011596679688,211.02384713446918,210.1199484464805,210.42414792570648,36663300
2017-07-11,210.4937286376953,210.8066146776675,209.32910242406086,210.6501650267731,50354600
2017-07-12,212.07557678222656,212.2407129580324,211.4585043231641,211.4585043231641,59610400
2017-07-13,212.431884765625,212.54487544761292,211.85825812727933,212.08423949125515,39471600
2017-07-14,213.4226531982422,213.77899816590127,212.3362453176828,212.4318497416446,60262700
2017-07-17,213.39659118652344,213.72686344258008,213.2227685692678,213.3444457275283,33531900
2017-07-18,213.50958251953125,213.56172797868854,212.64914265798896,212.988101404327,42742500
2017-07-19,214.66551208496094,214.6741985738077,213.81375875263902,213.8224585033008,51034300
2017-07-20,214.76109313964844,215.03920663244577,214.21353938014167,214.9175294927569,47135200
2017-07-21,214.5699462890625,214.5960190221116,213.9615471530706,214.18752852191926,82340800
2017-07-24,214.51776123046875,214.65681136046095,214.04842559857326,214.4916752404168,46622300
2017-07-25,215.03924560546875,215.36951787097334,214.81327752275382,215.26521368818368,54915600
2017-07-26,215.04791259765625,215.36079859402545,214.7871853188609,215.32603937745765,47575400
2017-07-27,214.84800720214844,215.54331085727668,213.5269315835862,215.50855164233664,70766600
2017-07-28,214.5959930419922,214.72635669145512,213.91807554115323,214.37001170050198,50088400
2017-07-31,214.4743194580078,215.09139175817583,214.26572435357318,214.9957873263703,65838700
2017-08-01,214.9523162841797,215.10875264770706,214.43083521545947,215.0739934319725,55050400
2017-08-02,215.05661010742188,215.19567349587365,214.12663861669216,215.08268283502977,47211200
2017-08-03,214.63946533203125,214.96972435177045,214.36133851349652,214.9436516202599,40856000
2017-08-04,215.03050231933594,215.36076123579224,214.64808469435366,215.1261067255815,60191800
2017-08-07,215.4303436279297,215.4303436279297,214.9957804539439,215.1000846337351,31995000
2017-08-08,214.90017700195312,216.33424343971365,214.52645903629823,215.11745858993362,61719400
2017-08-09,214.89149475097656,214.94364021122985,213.85723224990033,214.21357724405223,62632600
2017-08-10,211.8582763671875,214.18754234381817,211.80613089772427,214.05716540834183,120479500
2017-08-11,212.1710662841797,212.76207894780944,211.8494938603562,212.08416162840126,74869900
2017-08-14,214.27438354492188,214.49166511117897,213.41395703010485,213.44871624550768,73291900
2017-08-15,214.2483367919922,214.67421348773985,213.94415051944327,214.65682724702344,55242700
2017-08-16,214.62203979492188,215.16959358002424,214.19616315519622,214.76978966703544,56715500
2017-08-17,211.27593994140625,214.32658218751973,211.27593994140625,214.01369614334953,128490400
2017-08-18,210.9456787109375,212.23198209604297,210.50241575027266,211.1108015904025,136748000
2017-08-21,211.11077880859375,211.37151935817374,210.18082053799722,210.88481073859253,65469700
2017-08-22,213.318359375,213.47479574199497,211.6757112124789,211.6930974516388,63140100
2017-08-23,212.5535125732422,212.9793892079819,212.20586737961136,212.35361724999515,50203800
2017-08-24,212.05813598632812,213.0923851691312,211.84954089488582,212.93594879691088,50741700
2017-08-25,212.5535125732422,213.46609778379067,212.4057627028584,212.8490123140098,64445900
2017-08-28,212.56227111816406,213.10981178649212,212.14508085623504,213.08373905284878,40565600
2017-08-29,212.8055877685547,213.0663150587926,211.1368535401398,211.24984420711982,51135700
2017-08-30,213.813720703125,214.0831609512058,212.60563587766256,212.78815820548343,62030800
2017-08-31,215.10008239746094,215.3434367114177,213.848538347503,214.43085140317208,103803900
2017-09-01,215.40428161621094,215.8301583221608,215.25653172112212,215.4738133189262,62007000
2017-09-05,213.85719299316406,215.12612309426453,212.8924623701218,214.9001417922281,91398800
2017-09-06,214.5872802734375,214.91755251446293,214.00496723813447,214.53513481681557,57916900
2017-09-07,214.5612335205078,214.90889204310074,214.1527430450965,214.89150580151696,58034700
2017-09-08,214.30918884277344,214.769824772838,214.06583451224182,214.274416360231,63832800
2017-09-11,216.59495544433594,216.67317362286178,215.56069310000328,215.5780660762442,71364800
2017-09-12,217.3250732421875,217.3598324652706,216.7775193304532,216.96004172163705,56896000
2017-09-13,217.4293212890625,217.4640937671046,216.92522645196908,217.03821711288396,59228000
2017-09-14,217.35983276367188,217.55974139758038,216.93396928668705,217.1077919259758,95446300
2017-09-15,217.65245056152344,217.73978653879072,217.1109221885151,217.21573069228893,95432400
2017-09-18,218.11534118652344,218.46471170061017,217.73102562444956,218.01926229600497,46235200
2017-09-19,218.3336639404297,218.42101321790437,218.01049560350478,218.3598660581464,47108100
2017-09-20,218.41232299804688,218.525874420639,217.4166023016523,218.4210659244812,59574100
2017-09-21,217.8271026611328,218.34242882969582,217.65241740557613,218.25509286573282,48211400
2017-09-22,217.8708038330078,218.03675951066276,217.50396075338588,217.53016287852802,51214000
2017-09-25,217.42526245117188,217.96680393948392,216.68284696114102,217.61742018450397,57064400
2017-09-26,217.5563507080078,218.0978790288707,217.32051826959304,217.85331699185963,54082000
2017-09-27,218.40359497070312,218.78791056288938,217.37292921641892,218.2551118242006,81001400
2017-09-28,218.6656036376953,218.74421000106764,218.03672607545622,218.1240620366598,44778800
2017-09-29,219.43423461914062,219.5128543148782,218.47345902225527,218.65687388117044,85578000
2017-10-02,220.38624572753906,220.38624572753906,219.48659084361725,219.6612893935846,59023000
2017-10-03,220.85792541503906,220.8841275353606,220.30765423302748,220.3862739216219,66810200
2017-10-04,221.12002563476562,221.36458771550593,220.59595641738852,220.70950785760144,55953600
2017-10-05,222.4301300048828,222.447589200853,221.15490233464226,221.45186859770155,63522800
2017-10-06,222.1768035888672,222.465040226087,221.7226246401837,221.9846458307206,80646000
2017-10-09,221.8099822998047,222.46506199550856,221.54794775599703,222.4039281542774,35803100
2017-10-10,222.39520263671875,222.77078862202265,221.836201785734,222.37774343936067,43057400
2017-10-11,222.7445526123047,222.7445526123047,222.13314760699538,222.29908992244182,47674300
2017-10-12,222.41270446777344,222.77954757510355,222.1768719960493,222.43017699506535,47065100
2017-10-13,222.68341064453125,222.96291769784074,222.41264651640637,222.84936629148,54800400
2017-10-16,222.9804229736328,223.17258078058654,222.56991856164902,222.91055952349745,38221700
2017-10-17,223.13758850097656,223.1812631411833,222.70959835115698,222.92795822456165,31561000
2017-10-18,223.3560028076172,223.55689020837087,223.1638450059807,223.51321555752034,40888300
2017-10-19,223.41712951660156,223.4520745672181,222.1593875746752,222.57863488865067,61903800
2017-10-20,224.570068359375,224.5962971394155,223.39967568822829,224.21198153918792,89176400
2017-10-23,223.69659423828125,224.9194309537116,223.61798787604818,224.89322883296725,63915300
2017-10-24,224.08966064453125,224.32547973958586,223.73154721149646,224.1246056918486,66935900
2017-10-25,222.9804229736328,223.87133523063355,221.85369158525188,223.75778380080655,103715300
2017-10-26,223.26858520507812,223.86251762653012,223.14630421668343,223.59176686040058,69798000
2017-10-27,225.0941162109375,225.2513555999806,223.27737353607554,224.01105961565028,85562500
2017-10-30,224.25559997558594,224.99802890928333,223.95863373315882,224.01103797268954,54285700
2017-10-31,224.60501098632812,224.85831595994026,224.308044690315,224.63121311082153,60304800
2017-11-01,224.90196228027344,225.7229976666513,224.5351325618353,225.38237007095873,54202700
2017-11-02,224.98927307128906,225.12902658710306,223.76646312698873,224.83206036171993,56449500
2017-11-03,225.74046325683594,225.7841245724056,224.73598644613577,225.14650410247782,59589700
2017-11-06,226.08987426757812,226.22088489302695,225.53960298542842,225.60946643391293,49652600
2017-11-07,225.9326629638672,226.52659557321505,225.426053001868,226.1946842164428,57502200
2017-11-08,226.31695556640625,226.41304779741046,225.47846088937456,225.75796800014018,50469600
2017-11-09,225.4959259033203,225.68808369230456,223.91497561583995,225.11161032535176,95085500
2017-11-10,225.42599487304688,225.60069343322567,224.79711737376437,225.11156945103457,59984700
2017-11-13,225.63563537597656,225.86273819686548,224.70979155194425,224.74473659867962,50228600
2017-11-14,225.111572265625,225.21638074093954,224.05469127726758,224.83206522794742,61315200
2017-11-15,223.98483276367188,224.66611452343398,223.2773488845058,224.1420454800957,80811500
2017-11-16,225.8889923095703,226.2558487465771,224.88454189064078,224.92820321766374,67777000
2017-11-17,225.22520446777344,225.8628252038303,225.1465980737836,225.53965669900387,75756800
2017-11-20,225.6094207763672,225.80157853989257,225.22510524931647,225.4696939076753,48075500
2017-11-21,227.08554077148438,227.26898226933415,225.57450740471495,226.3780568662347,69176800
2017-11-22,226.8846893310547,227.22531692979058,226.7187336670959,227.09430631489215,45033400
2017-11-24,227.40875244140625,227.51358759810742,227.2340804907674,227.37383404443742,27856500
2017-11-27,227.295166015625,227.74934495040995,227.09426533885556,227.4523787251362,52274900
2017-11-28,229.60105895996094,229.62726108124528,227.66202201913927,227.75811423402223,98971700
2017-11-29,229.46133422851562,230.26491047419557,229.015898110774,229.73209840085838,77512100
2017-11-30,231.47024536132812,232.37860338664402,230.29983945330548,230.37844582153883,127894400
2017-12-01,230.98983764648438,231.73226666483723,227.75812700080465,231.25188552927713,164390900
2017-12-04,230.71031188964844,233.03363739793878,230.65788099918234,232.6056605919785,94040600
2017-12-05,229.880615234375,231.59254972036592,229.74960459990797,229.880615234375,77994500
2017-12-06,229.9241943359375,230.35219779582366,229.46127248952516,229.97659857098364,75898600
2017-12-07,230.6492462158203,230.96367173815798,229.66225501192756,230.6492462158203,77218600
2017-12-08,231.90695190429688,231.91566817453804,230.61425172727832,231.60124271960038,76563900
2017-12-11,232.60568237304688,232.66682953826898,231.8807392812659,232.60568237304688,83077500
2017-12-12,233.01612854003906,233.4877932116486,232.64055604933668,233.39170103074144,85195800
2017-12-13,232.98997497558594,233.69745880279135,232.90262569890172,233.26073907462717,102905400
2017-12-14,232.03794860839844,233.40051214201415,231.98554436904854,233.28696073833632,100666700
2017-12-15,233.97019958496094,234.4354876252898,232.9869514085304,233.0396235043032,144610300
2017-12-18,235.45388793945312,235.80504421757664,235.26074796775922,235.36609217204557,83653600
2017-12-19,234.5496826171875,235.74361949835358,234.47943527623028,235.6997350038883,82382900
2017-12-20,234.4267578125,235.56802255763964,234.12827359902516,235.51535044887996,76751500
2017-12-21,234.90956115722656,235.6206881078484,234.66374908730396,235.05002902454035,67032300
2017-12-22,234.84817504882812,234.9623068882412,234.31263952346958,234.92718321653447,78720900
2017-12-26,234.56719970703125,234.78667573304617,234.30383919241618,234.4442802725395,45244400
2017-12-27,234.6813507080078,235.0412946350718,234.40920255682684,234.7340228152358,57751000
2017-12-28,235.1641082763672,235.20801954530978,234.79540364965078,235.18168350054432,45116100
2017-12-29,234.2775115966797,235.761171899079,234.08439838457934,235.74362345930018,96007400
2018-01-02,235.95431518554688,235.98943885710432,234.75159065194177,235.13787066453907,86655700
2018-01-03,237.44671630859375,237.59597178965154,236.12107258166156,236.12107258166156,90070400
2018-01-04,238.447509765625,238.9303730753286,237.50817277946746,238.08759267620826,80636400
2018-01-05,240.03651428222656,240.1594069059415,238.74599437995371,239.23761845781928,83524000
2018-01-08,240.4755401611328,240.6335564936815,239.65030803580805,239.94000464548068,57319200
2018-01-09,241.01974487304688,241.6430491421475,240.61588978805125,240.8968254667871,57254000
2018-01-10,240.6510772705078,240.9144645859903,239.59760838310203,240.2647973076733,69574300
2018-01-11,242.40687561035156,242.40687561035156,241.03734735877387,241.20415128096022,62361500
2018-01-12,243.987060546875,244.1538376375551,242.37169381507297,242.67020471376503,90816100
2018-01-16,243.15310668945312,245.89216327412473,242.45955492874856,245.24252279459583,106555100
2018-01-17,245.47080993652344,245.85708997416316,243.1531565021984,244.0837329224632,113258800
2018-01-18,245.05821228027344,245.7780734245086,244.56656123788784,245.35669651890993,100728000
2018-01-19,246.17306518554688,246.17306518554688,245.0581367444621,245.63752981107027,140920100
2018-01-22,248.1747589111328,248.1747589111328,245.90975090331943,245.96244980743063,91322400
2018-01-23,248.70144653320312,248.9911430822644,247.8937630166444,248.21858322942705,97084700
2018-01-24,248.60488891601562,249.93932036064535,247.4285005787556,249.3423251815439,134816100
2018-01-25,248.7102508544922,249.56181900601126,247.92014242735834,249.46526240327177,84587300
2018-01-26,251.5897216796875,251.63363295548834,249.2896174392641,249.54421710609475,107743100
2018-01-29,249.92166137695312,251.4579931131555,249.76364511404643,251.01904118852627,90118300
2018-01-30,247.3582763671875,249.97441352934558,246.88420063512552,248.0957126217795,131796400
2018-01-31,247.48109436035156,248.71015441392146,246.41005057263357,248.20976957205716,108364800
2018-02-01,247.20013427734375,248.4994415150702,246.41002623462379,246.75242156831752,90102500
2018-02-02,241.81874084472656,246.0151221655599,241.78361717245468,245.88341509241843,173174800
2018-02-05,231.7052459716797,242.1698756837403,231.1609496616137,240.06291099027115,294681800
2018-02-06,236.27029418945312,236.77070587057335,227.11376242714104,228.20235475111994,355026800
2018-02-07,234.98861694335938,239.10596278188044,234.90958199288642,235.71726560370294,167376100
2018-02-08,226.17445373535156,235.42757111233564,226.13933006721916,235.28710323131492,246449500
2018-02-09,229.57191467285156,231.42427940359678,222.03949613269174,228.95737110626445,283565300
2018-02-12,232.9430389404297,234.40915037593444,229.71235872257293,231.61739535676696,143736000
2018-02-13,233.52244567871094,234.0667418293669,231.16088196067,231.7403017701914,81223600
2018-02-14,236.67416381835938,237.03410771542661,232.03004361372035,232.0388312280291,120735700
2018-02-15,239.69419860839844,239.70298622426654,235.95431789418856,238.41246589270904,111200300
2018-02-16,239.76441955566406,241.70460725988548,239.02698319234702,239.07089448024806,160420100
2018-02-20,238.26316833496094,240.25602779649859,237.47306000010119,238.81625220681488,86369700
2018-02-21,237.0780792236328,241.177904676114,236.98152259682357,238.70220776797376,98883700
2018-02-22,237.38526916503906,239.711709729396,236.7180802507282,237.99981276687265,110511300
2018-02-23,241.16905212402344,241.16905212402344,238.13151113340072,238.60558689681895,92766400
2018-02-26,243.9695281982422,244.0661115745576,241.65187545623988,242.24005616182345,86491400
2018-02-27,240.92323303222656,244.8650409424878,240.86177331085185,244.15391392223984,99099200
2018-02-28,238.48269653320312,242.46838953671312,238.16666384672425,242.02064977268844,121907800
2018-03-01,235.0149688720703,239.81710599569337,233.52252099123643,238.27198600532518,176855100
2018-03-02,236.22647094726562,236.788342544187,232.48661694736793,233.34694599182436,139083200
2018-03-05,238.9567108154297,239.571254380669,234.93589517396205,235.04126616716488,97307400
2018-03-06,239.56251525878906,240.01025499813764,238.07006732196808,239.93122003936082,79213200
2018-03-07,239.47470092773438,239.82585724110842,237.2097199336888,237.40285992477092,87063500
2018-03-08,240.63356018066406,240.75645284402566,239.15868747125592,240.15069676846312,66901200
2018-03-09,244.8211212158203,244.8211212158203,241.72212069884188,242.0381801182192,113625300
2018-03-12,244.51382446289062,245.73412394284,244.1275445405689,245.11081957380026,71924800
2018-03-13,242.9336395263672,246.17310801074694,242.32788351439316,245.67269621102778,91968900
2018-03-14,241.68702697753906,244.07492758617036,241.1339698102425,243.89057519707148,105895100
2018-03-15,241.4236297607422,242.83704251505435,240.92321798909455,242.1961896626177,83433000
2018-03-16,241.68544006347656,242.73433229879393,241.63255700109175,241.9498553754007,100343700
2018-03-19,238.4153289794922,241.86168501139227,236.7670775944114,240.93620460870457,109208400
2018-03-20,238.8208465576172,239.45547026421977,238.14213569570916,238.8120237467934,59757300
2018-03-21,238.36244201660156,240.86567198647185,238.15090979060938,238.77671055837496,78709600
2018-03-22,232.404052734375,236.98742117685686,232.1307877527902,236.14126540111988,148785900
2018-03-23,227.45045471191406,233.17088967006566,227.2565412065732,232.8447685244487,183534800
2018-03-26,233.67335510253906,233.95541609321967,228.64927483777169,231.04673946092365,141956100
2018-03-27,229.69810485839844,235.13645231917573,228.1467967301256,234.60762172890932,129941400
2018-03-28,229.0194091796875,231.49622480159888,227.91763387941825,229.8303276361625,146452300
2018-03-29,231.9457244873047,233.80553513065988,229.0282257239141,230.1564425245714,111601600
2018-04-02,226.9392547607422,231.92809620608446,224.4712755675117,231.41685743848606,186286300
2018-04-03,229.84791564941406,230.32389004720667,226.38394102387377,228.17322279650818,119956900
2018-04-04,232.30706787109375,233.01219315656473,226.17239181131873,226.30459943999386,123715300
2018-04-05,234.1404266357422,235.02184665427976,232.9769457555596,234.06107516312605,82652600
2018-04-06,228.92242431640625,233.67326456153145,227.40638070243776,232.18368937282415,179521200
2018-04-09,230.05068969726562,233.43534029483922,229.11638636610888,230.37681089226027,105442900
2018-04-10,233.70860290527344,234.49307993653733,231.79593578879246,232.93294868522386,103529000
2018-04-11,232.48336791992188,234.14044196708517,232.1572467955175,232.22774856614302,91140200
2018-04-12,234.3961181640625,235.3392444383138,233.62928672756837,233.80558156532558,68890500
2018-04-13,233.70860290527344,235.81521047558147,232.70379768298352,235.70062152505398,85079200
2018-04-16,235.63003540039062,236.39689352112617,234.51946430947865,235.33917858817293,63405300
2018-04-17,238.15087890625,238.75023806803924,236.88163191728188,237.39284369673635,64682000
2018-04-18,238.3272247314453,239.12929345575915,237.86886900462565,238.5916400362949,57303900
2018-04-19,237.00509643554688,237.87769384781993,235.97382294019738,237.67495751316204,77655900
2018-04-20,234.99546813964844,237.15495877080377,234.1140477838813,236.934603681862,99953100
2018-04-23,234.96018981933594,236.1236709422671,233.88485609641046,235.56837191092225,65558000
2018-04-24,231.7958984375,236.2029995241592,230.2974733085117,235.98264446982625,112885500
2018-04-25,232.36880493164062,232.8095150189369,229.91845792222574,231.73418132998165,103840900
2018-04-26,234.73101806640625,235.559555230159,232.95055889473045,233.3912690074155,67731900
2018-04-27,234.9513702392578,235.6388769306565,234.0170669637368,235.3391972855658,57053600
2018-04-30,233.1444549560547,236.1236593984513,233.07392627997427,235.56836039425437,82182300
2018-05-01,233.55874633789062,233.6645124635416,231.02904763828548,232.58035587799654,74203400
2018-05-02,231.9897918701172,234.17569660455436,231.60196485617357,233.36480513816895,86368900
2018-05-03,231.47857666015625,232.1308190231915,228.3318999811481,231.1612782885642,136311500
2018-05-04,234.47540283203125,235.15411363285418,230.18289056208346,230.50901174745036,91222100
2018-05-07,235.26869201660156,236.23823271919028,234.55471690649136,235.24225048650933,55304900
2018-05-08,235.26869201660156,235.63005062825889,233.70856104472983,234.89848369650036,67499200
2018-05-09,237.54273986816406,237.86886103281918,235.41851399436158,235.9385486756778,59666100
2018-05-10,239.76394653320312,240.09009464765438,238.17740071163087,238.28316684656053,72063900
2018-05-11,240.4955291748047,240.75994449971634,239.37610820211677,239.88734702869564,59871500
2018-05-14,240.61009216308594,241.57963284906248,240.06358905252702,240.9273905187562,54790600
2018-05-15,238.9530029296875,239.40250890537564,238.00987693366224,239.3848901863238,87036100
2018-05-16,239.95785522460938,240.41621099844787,238.96184597615334,238.98831440816372,53942600
2018-05-17,239.75515747070312,240.83049137123183,238.97950326064117,239.69345159062675,56536400
2018-05-18,239.15574645996094,239.7727513992917,238.80318373697688,239.4113658661193,64368000
2018-05-21,240.95388793945312,241.49156836524816,240.24876238630932,240.6365895101831,58025900
2018-05-22,240.28392028808594,241.7294621619401,239.95779915524992,241.47384280155237,52966400
2018-05-23,240.94508361816406,240.9715520547834,238.8561214353816,239.01479756100912,64694200
2018-05-24,240.451416015625,240.82162432927402,238.67095692322204,240.54838622347975,76043800
2018-05-25,239.87857055664062,240.50437154569502,239.37615444344232,239.87857055664062,56374800
2018-05-29,237.1196746826172,239.01474980878663,236.00910341800926,238.25671437855638,115908600
2018-05-30,240.28392028808594,240.72463033760636,238.3536350180888,238.4241367905371,69678400
2018-05-31,238.8119659423828,240.17815634870945,238.21260672533674,239.87847674018641,93519900
2018-06-01,241.15658569335938,241.45626535039463,240.0371647610212,240.10769344433027,71258400
2018-06-04,242.30239868164062,242.55801806189862,241.73830376178478,241.97627752345397,45385200
2018-06-05,242.478759765625,242.85776408557587,241.6678411543008,242.43467260590893,51135000
2018-06-06,244.50595092773438,244.6117170448222,242.4698724773669,243.08687735879116,62732200
2018-06-07,244.4795684814453,245.28166426161448,243.57170655862802,244.99080736933206,72969400
2018-06-08,245.20223999023438,245.25512304006372,243.85366842197706,244.0211403793715,72139700
2018-06-11,245.5283966064453,246.2423447812001,245.3080415673529,245.4226304914903,58892500
2018-06-12,245.845703125,246.20706169063683,245.2022567762879,245.94264642338882,72329000
2018-06-13,245.06124877929688,246.33931878526906,244.85851245663383,246.08369940431285,79070600
2018-06-14,245.67823791503906,246.2070684640839,245.08767460352945,245.92503447086239,77097600
2018-06-15,245.36485290527344,245.70130092797672,243.7888808670294,244.895603562976,120041600
2018-06-18,244.8601837158203,244.98414962861307,243.43473783628795,243.91282259238102,52917600
2018-06-19,243.92169189453125,244.14303644252993,242.17749577551783,242.59362460653927,97531500
2018-06-20,244.3378143310547,245.00184795767245,244.0013663037661,244.60341697386283,53785500
2018-06-21,242.80615234375,244.34672906058458,242.3103426246502,244.3290042008718,71061400
2018-06-22,243.24876403808594,244.17842722996417,243.02741951900938,244.06332375690923,54898500
2018-06-25,239.93746948242188,242.25715582365535,238.2552564656156,242.09779424744752,137854200
2018-06-26,240.46868896484375,241.31864434566987,239.7515348904601,240.50411165309322,68547400
2018-06-27,238.47662353515625,242.47852327145034,238.32609735255744,241.05307733908927,105110700
2018-06-28,239.84005737304688,240.60146947724132,237.71512857523751,238.423447181038,76650500
2018-06-29,240.18539428710938,242.29259870231078,240.070290799281,240.9291087243102,97592500
2018-07-02,240.6988525390625,240.85824111556073,238.3791664787934,238.61823583374448,63554800
2018-07-03,239.84890747070312,241.69050893899274,239.42394330078528,241.59310330365744,42187100
2018-07-05,241.80563354492188,241.86761650524355,239.90207576914923,240.97340287322703,56925900
2018-07-06,243.85086059570312,244.22270428564602,241.4514663685335,241.83219950579445,66493700
2018-07-09,246.0465545654297,246.09967508683505,244.80703069998145,244.85128879462133,50550400
2018-07-10,246.9319305419922,247.02933617681353,246.20591406275534,246.49810394762574,51966800
2018-07-11,245.12583923339844,246.1706062307664,244.8248138340223,245.38260652271458,77054700
2018-07-12,247.34808349609375,247.40120402224898,245.7809739353221,246.3830245781455,60124700
2018-07-13,247.5428466796875,247.84387197545811,246.71945157482142,247.17100302827427,48216000
2018-07-16,247.32150268554688,247.72876902543337,246.87881365796778,247.58713231385073,48201000
2018-07-17,248.32199096679688,248.71155948323252,246.4981142851185,246.55123480830568,52315500
2018-07-18,248.84432983398438,248.9505708671419,247.9589518648833,248.40164084943382,44593500
2018-07-19,247.9058837890625,248.56105497851968,247.42777201912497,248.18034885597547,61412100
2018-07-20,247.62258911132812,248.3309079420703,247.46322750676137,247.7022699136115,82337700
2018-07-23,248.08294677734375,248.28656644152343,247.0736028050646,247.41891322282152,47047600
2018-07-24,249.33132934570312,250.17244940108057,248.46367604604748,249.49071794855155,68026900
2018-07-25,251.45639038085938,251.77511371447915,249.03929702246447,249.08355514559682,78882900
2018-07-26,250.8630828857422,251.54481444589769,250.6417383119721,250.7391439746236,57919500
2018-07-27,249.1631622314453,251.2880646550527,248.24236127402867,251.19065899609888,76768700
2018-07-30,247.86163330078125,249.4021826939374,247.3392363952235,249.24282110559668,63742500
2018-07-31,249.0834197998047,249.6943328768987,248.24232678004086,248.62303289486857,68570500
2018-08-01,248.66725158691406,249.79169893708507,248.02094294081422,249.28702699344575,53853300
2018-08-02,250.02186584472656,250.19006277942609,247.16208564142823,247.36573227545722,63426400
2018-08-03,251.09326171875,251.14638224892715,249.96881411760404,250.14590056459343,53935400
2018-08-06,252.0139923095703,252.32385297597003,250.73904590176275,251.1286143607923,39400900
2018-08-07,252.8461456298828,253.22687856665974,252.54512046143262,252.67794872892216,43196600
2018-08-08,252.7400665283203,253.13849754684549,252.27967956747327,252.67811058599844,42114600
2018-08-09,252.3947296142578,253.19156446296677,252.26192830940533,252.80199595567012,35717000
2018-08-10,250.70367431640625,251.50050922879808,249.99535560126085,250.9604415393712,77076000
2018-08-13,249.76512145996094,251.58899784882067,249.47293160974718,250.97808491065413,65732900
2018-08-14,251.3588104248047,251.59787977889283,250.10158878762996,250.49115727172162,43842000
2018-08-15,249.48187255859375,250.1547686488498,248.04756417218385,250.0131048919749,102925400
2018-08-16,251.50050354003906,252.36818381411726,250.88072805575527,250.91615074561037,69967900
2018-08-17,252.38587951660156,252.82856856746483,250.88958836311608,251.29685472442358,65618500
2018-08-20,252.9259796142578,253.19158224261395,252.38588491047236,252.83743639827378,39807500
2018-08-21,253.5191650390625,254.37798288744068,252.9613725060463,253.439484251431,67272000
2018-08-22,253.36868286132812,253.891052739408,252.8462859636508,253.1119156264762,44993300
2018-08-23,253.03228759765625,254.05046730181147,252.71353733971716,253.19164921682426,49204900
2018-08-24,254.55506896972656,254.69673270963204,253.5545873826161,253.60770790763118,57487400
2018-08-27,256.56488037109375,256.6711214264323,255.5909589978284,255.75032058083627,57072400
2018-08-28,256.6888427734375,257.1315318443619,256.2284288471343,257.0252637708789,46943500
2018-08-29,258.07000732421875,258.3001872470909,256.66225944752415,256.90130179728936,61485500
2018-08-30,257.0252685546875,257.96376724094705,256.4320803195823,257.5919235454238,61229500
2018-08-31,257.0340576171875,257.4767465699944,256.13098188051356,256.61792892076545,66140800
2018-09-04,256.5913391113281,256.9454848288669,255.59085787008118,256.61789936465385,57594400
2018-09-05,255.90081787109375,256.4409125342316,254.89150093970582,256.2372658547544,72452400
2018-09-06,255.13067626953125,256.30821780652195,254.10363394919548,256.00719235360407,65909900
2018-09-07,254.63475036621094,255.608671693143,253.84675087727635,254.08582026001167,73524800
2018-09-10,255.0774688720703,255.90972655484634,254.8826845841951,255.6440968788717,50210900
2018-09-11,255.91851806640625,256.36120709749815,254.08580601257725,254.43108940663996,50530500
2018-09-12,255.9805145263672,256.58256515572646,255.19254205962258,255.92739400139993,59810800
2018-09-13,257.4945068359375,257.68045569530796,256.75965488471724,257.0429823679138,51034200
2018-09-14,257.5387878417969,257.8840712530081,256.75965078524433,257.69814941620206,55079900
2018-09-17,256.1752624511719,257.52102725876375,255.9007974379103,257.48563159353705,68244000
2018-09-18,257.5653991699219,258.1585874876803,256.3612706566257,256.3878309242925,61930400
2018-09-19,257.83978271484375,258.25591145639254,257.4944723248046,257.61843821443676,49080600
2018-09-20,259.92926025390625,260.2480103827484,257.8574789850048,259.097029795445,100360600
2018-09-21,259.69189453125,260.78584944072276,259.53181151286344,260.6702248801384,105479700
2018-09-24,258.8291320800781,259.25604717756437,258.25103654562844,259.11374214506895,53409600
2018-09-25,258.5890197753906,259.3894618716786,258.3488952890775,259.2827398777616,44370000
2018-09-26,257.815185546875,259.91412321436593,257.3971730938539,258.7312519258059,79739700
2018-09-27,258.5356140136719,259.6206660004718,258.0108795398294,258.2865870236804,59249500
2018-09-28,258.5624084472656,259.06046264672426,257.87759070848955,257.9131466213664,70091400
2018-10-01,259.4606018066406,260.5278487801344,258.7935622699914,259.7985457060066,62078900
2018-10-02,259.3094482421875,260.0209463727001,258.9359212233382,259.3094482421875,47258200
2018-10-03,259.4517822265625,260.77695917771814,259.09603312163875,260.3589465154056,64694600
2018-10-04,257.4239501953125,259.02483453770105,255.8408438062701,258.971473535749,111545900
2018-10-05,255.9830322265625,258.16201119191044,254.56000949174071,257.6461793607619,105951700
2018-10-08,255.9830322265625,256.33878112479266,253.91965061816597,255.2981877770208,87742200
2018-10-09,255.60952758789062,256.9080235309674,255.04921007260296,255.6006521845047,74339000
2018-10-10,247.5160675048828,255.17369367290726,247.14254065292167,255.10252760650397,214731000
2018-10-11,242.06423950195312,248.04979089872194,240.45442560578684,246.43110159758785,274840500
2018-10-12,245.42613220214844,246.44001835410387,242.2421144137428,246.15540825667637,183186500
2018-10-15,244.04754638671875,246.39553877632216,243.95860234615915,245.0703349983781,102263700
2018-10-16,249.38377380371094,249.75732778351343,245.53274521806253,246.0041186081105,118255800
2018-10-17,249.42828369140625,250.05083752922465,246.857945441356,249.4193811470977,110626000
2018-10-18,245.82635498046875,249.0904144724787,244.55453915232613,248.49451374033328,134557500
2018-10-19,245.69285583496094,248.4054719837981,244.99913591592662,246.47551977272352,139901600
2018-10-22,244.59007263183594,246.68010818995015,244.0564355596308,246.35994223177246,82415800
2018-10-23,243.3448486328125,244.46548348573245,238.89791939665656,240.97910616405136,146352700
2018-10-24,235.97181701660156,243.4782343871147,235.4204022333004,243.09577791381793,177806700
2018-10-25,240.205322265625,241.7439695818075,236.78120840190687,237.80399671737732,138061500
2018-10-26,235.9807891845703,241.02362004077827,233.27707512923888,236.50555084001812,201574600
2018-10-29,234.67340087890625,240.35659102695715,231.10698111147096,239.06697033859635,160749100
2018-10-30,238.15084838867188,238.4621388764539,234.0152094564338,234.50438797777792,157116000
2018-10-31,240.69454956054688,243.0069587045786,240.2409539924511,240.71232751034958,128296300
2018-11-01,243.2559814453125,243.45164745734314,240.4721988322022,241.55725087311626,99495000
2018-11-02,241.81520080566406,244.78574713551563,239.76959648164814,244.35883203457692,122634100
2018-11-05,243.14926147460938,243.70067647437028,241.33490636095422,242.30433388342226,65622500
2018-11-06,244.68789672851562,244.8479797106511,243.02474908298626,243.08701262334208,60085900
2018-11-07,249.92640686035156,250.0064483555935,246.43109871665462,246.8580138331892,102752100
2018-11-08,249.4727783203125,250.11313733964522,248.33436530171073,249.12590474479975,65584900
2018-11-09,247.03582763671875,248.3521013519031,245.6305827643591,248.16533791916257,98812600
2018-11-12,242.42002868652344,246.76911355069015,241.9041694364947,246.5289890223831,99673600
2018-11-13,241.9663543701172,244.87463683563516,241.2459538773567,242.88242086967105,98176600
2018-11-14,240.31207275390625,244.23424055284536,238.7556474825517,243.83403319678155,125335900
2018-11-15,242.8201446533203,243.28264272262598,237.4749534984664,239.0491568741506,135101400
2018-11-16,243.45159912109375,244.3587629193547,241.21032940248097,241.72618839628007,126668000
2018-11-19,239.33372497558594,243.14029512611222,238.41765868432543,242.846782611707,103061700
2018-11-20,234.9045867919922,237.4660223874147,234.04188143022697,236.0074165626149,136021300
2018-11-21,235.705078125,237.5994747294918,235.6962027211134,236.4521591402249,75563700
2018-11-23,234.13088989257812,235.52723257807557,233.97080690927402,234.06862635176773,42807900
2018-11-26,237.91075134277344,238.1330978393555,235.98967435527595,236.38100636061282,79981400
2018-11-27,238.71119689941406,238.71119689941406,236.27428794556133,236.8790639113208,75502400
2018-11-28,244.2075958251953,244.2075958251953,238.64893332775299,239.77847091805359,127629600
2018-11-29,243.6739959716797,245.07031142067817,242.29543133041074,243.4338443710822,82346400
2018-11-30,245.1593017578125,245.71961940916108,243.20266839373255,243.52283439912432,98204200
2018-12-03,248.405517578125,249.38384767989874,246.81353606087058,249.27712569459774,103176300
2018-12-04,240.35658264160156,248.00530818364757,240.04529209231492,247.57839310389085,177986000
2018-12-06,239.9918975830078,240.10752209732985,233.41044708855944,236.50551991524597,204185400
2018-12-07,234.41551208496094,241.21931064647666,233.57948693968595,239.65398235031736,161018900
2018-12-10,234.86021423339844,235.82964190912955,230.0130487128308,234.2376330528424,151445900
2018-12-11,234.91351318359375,238.23980792098703,233.446031807797,238.05304447291599,121504400
2018-12-12,236.09637451171875,239.2448082120867,236.01633303737512,237.8840488644376,97976700
2018-12-13,236.0164031982422,237.90189753280507,234.90467048758845,237.03919186366127,96662700
2018-12-14,231.65838623046875,234.82459840670106,231.1069712205048,233.87294881626218,116961100
2018-12-17,227.1136016845703,231.81844749138895,225.48602373208445,230.7067150296598,165492300
2018-12-18,226.8645782470703,229.41712524737136,225.26368076295105,228.75008575990108,134515100
2018-12-19,223.46713256835938,230.70673442492728,221.76841553795205,226.94463525802686,214992800
2018-12-20,219.8295135498047,223.7872781315787,217.58825725874033,222.22196381691975,252053400
2018-12-21,215.32533264160156,223.3855045339363,214.6812341608542,220.72860171340417,255345600
2018-12-24,209.63575744628906,215.45052421549275,209.57314397918623,213.8402783801348,147311600
2018-12-26,220.22767639160156,220.22767639160156,209.1169955121157,211.09402312558956,218485400
2018-12-27,221.91836547851562,222.1151604301616,213.7687448663179,216.998177732737,186267300
2018-12-28,221.63209533691406,224.8973054085378,220.46913912982842,223.269177638779,153100200
2018-12-31,223.5733642578125,223.81490460672552,221.38164665156634,223.25131500932955,144299400
2019-01-02,223.80596923828125,224.7273989963419,220.02190048222155,220.04873678437622,126925200
2019-01-03,218.46533203125,222.36570038148278,217.9822513104657,222.06153288497993,144140700
2019-01-04,225.7830047607422,226.42710333610125,221.11329691449131,221.4890188084166,142628800
2019-01-07,227.56317138671875,228.96765431227632,225.15674999016903,226.05132962307513,103139100
2019-01-08,229.7012176513672,230.1842983290865,227.22324173305432,229.7459630162037,102512600
2019-01-09,230.7747802734375,231.61568757213706,229.18242912704284,230.40799923460793,95006600
2019-01-10,231.5888214111328,231.83930266140655,228.56513733970846,229.24502671919808,96823900
2019-01-11,231.67828369140625,231.7051199930724,229.9338421818793,230.51531358491874,73858100
2019-01-14,230.26478576660156,231.06990195416668,229.37916069032022,229.78170513390126,70908200
2019-01-15,232.9038543701172,233.2169627574834,230.6316140537097,230.6405685877629,85208300
2019-01-16,233.46743774414062,234.3530629785704,233.1274930641431,233.33322893857783,77636700
2019-01-17,235.2386474609375,236.09746354596547,232.55490862113237,232.59965398203775,96118400
2019-01-18,238.36965942382812,238.8348582624264,235.2744218226689,237.0456991611133,127900300
2019-01-22,235.1492156982422,237.11730203256215,233.53898309773086,236.9026116326025,115531200
2019-01-23,235.64125061035156,236.87577500924823,233.18115634601335,236.17800390992494,86030300
2019-01-24,235.7664794921875,236.34797816335373,234.4514461827318,235.46232565671974,59204100
2019-01-25,237.76141357421875,238.58443898655247,235.86490880279874,237.60932299896712,96883400
2019-01-28,235.95436096191406,236.01696079540557,234.1920377820725,235.62337082617444,85613700
2019-01-29,235.64125061035156,236.66105730917477,234.80929801123665,236.09749501004995,66136300
2019-01-30,239.37159729003906,240.21250429784018,236.39265923503496,237.15305735490657,92473700
2019-01-31,241.47390747070312,241.95698818402894,239.0943220389077,239.30903974505677,104012100
2019-02-01,241.5902099609375,242.61004400064866,240.80297539703585,241.6707188640082,85782500
2019-02-04,243.28990173339844,243.35252886814231,240.96398891789138,241.63492373195646,60744800
2019-02-05,244.30970764160156,244.61386144626238,243.21831937762838,243.71928179711728,79552800
2019-02-06,243.9877166748047,244.52447008255368,243.25418189464057,244.032462050691,58347800
2019-02-07,241.6618194580078,242.9231530517658,240.0068412365628,242.37747243464892,95482000
2019-02-08,241.9569549560547,242.05534561170498,239.59525161560148,240.4182768919302,75788900
2019-02-11,242.09115600585938,242.86943598309523,241.56335725463512,242.61002752428735,68021400
2019-02-12,245.20436096191406,245.5800692392094,243.62989157024313,243.70147325190771,72270200
2019-02-13,246.0004425048828,246.84134953696977,245.61577981797595,246.03623333401944,65277200
2019-02-14,245.454833984375,246.58201337914272,244.1040096176557,244.91808059160886,83234400
2019-02-15,248.12962341308594,248.16541425333372,247.02035306911316,247.22608897461075,97088700
2019-02-19,248.55899047851562,249.21201622764568,247.32446604809505,247.33342058177877,59120800
2019-02-20,249.05996704101562,249.5162114781635,248.0222511901044,248.52321369738445,76610800
2019-02-21,248.17437744140625,248.78268524476772,247.21717035939122,248.42485873104997,64214700
2019-02-22,249.71299743652344,249.90977876755096,248.15641015139627,248.79155411176745,78114600
2019-02-25,250.05291748046875,251.65422284883292,249.97240858043799,251.13537861516554,69030700
2019-02-26,249.87396240234375,250.75063287485753,249.49822698526583,249.7039901065705,56844100
2019-02-27,249.76657104492188,250.11544280304506,248.22789343637814,249.1582363249705,56921600
2019-02-28,249.30145263671875,249.99029644590678,248.9794170639072,249.5519338490404,69268300
2019-03-01,250.85804748535156,251.26954649667508,249.4267145280981,250.87592925092025,78880500
2019-03-04,249.94561767578125,252.15523111262803,247.6554953242816,251.91370436866936,106494600
2019-03-05,249.6056671142578,250.2676747866207,249.05998649422446,250.07086612193086,59114600
2019-03-06,248.09381103515625,249.730907404324,247.77177540211915,249.72195286993642,75039800
2019-03-07,246.01840209960938,247.78965264981824,245.17749489480767,247.64651660427654,94885100
2019-03-08,245.5263214111328,245.69629372749952,243.7013985939388,244.1665701806032,85795800
2019-03-11,249.08680725097656,249.24782506646932,246.21521367305095,246.24204997563308,65098900
2019-03-12,250.0260772705078,250.54494879646793,249.453560445773,249.64141454290714,79667500
2019-03-13,251.6811065673828,252.61147731037204,250.7507358243936,250.91178095520416,80639200
2019-03-14,251.52005004882812,252.12835773703998,251.08171470002955,251.7079041553978,67518400
2019-03-15,252.7627410888672,253.57140386734258,251.88218133147745,252.07089033563017,81309000
2019-03-18,253.67918395996094,253.97571096745602,252.75370929471526,252.97833933405315,62199800
2019-03-19,253.74208068847656,255.50317247562955,252.85255452926685,254.73945229726,90268100
2019-03-20,252.97833251953125,254.73045774743304,251.87317030498068,253.52644405949383,84609200
2019-03-21,255.83563232421875,256.2399499079423,252.115746030022,252.16068848642908,79550400
2019-03-22,250.91172790527344,254.99998322875308,250.8488249198276,254.47885365665272,122659300
2019-03-25,250.7230987548828,251.75639156038153,249.46517588642084,250.57033824697652,85575200
2019-03-26,252.59197998046875,253.54440914506105,251.19029074123256,252.47516797375593,68125900
2019-03-27,251.2711639404297,253.16705578717867,249.7257081273142,252.58299573112288,72224700
2019-03-28,252.2235870361328,252.67284711720208,250.75002822896835,251.90013293967937,56238500
2019-03-29,253.8139190673828,254.13737307946633,252.60990565465173,253.73305556436193,82186800
2019-04-01,256.8238525390625,257.1203793710923,255.53897605531424,255.8085483953998,77617900
2019-04-02,256.9498291015625,257.1834531340026,256.1591269185293,257.0127320980904,40070400
2019-04-03,257.3541564941406,258.55817021900583,256.7521359213784,258.16281915464305,68243200
2019-04-04,258.0370178222656,258.2886023749723,256.98576457085767,257.67761523563604,48997500
2019-04-05,259.28594970703125,259.3398587189356,258.41438412036786,258.70191713096256,58621700
2019-04-08,259.4836120605469,259.59143007888594,258.20770152867095,258.86363103444137,53566300
2019-04-09,258.15380859375,258.8456592016085,257.60572449284734,258.522205126451,66142300
2019-04-10,259.03436279296875,259.1242202855344,258.1538032388763,258.56711479989013,52601500
2019-04-11,258.9625244140625,259.5285965825624,258.3964522455626,259.5196026050741,55093100
2019-04-12,260.714599609375,260.9931386511058,259.0074168766403,260.57083310063365,69727800
2019-04-15,260.54388427734375,260.8853263154702,259.74418819639936,260.78647484201645,49596700
2019-04-16,260.714599609375,261.47834719052565,260.12157304356356,261.4244381773299,52153200
2019-04-17,260.0766906738281,261.8557431740678,259.6633516265314,261.8287886640842,58268300
2019-04-18,260.5887756347656,260.8583481027852,259.36680152584245,260.6606725944999,68708500
2019-04-22,260.81341552734375,260.9661760070736,259.7352078763909,259.8250653691345,40160100
2019-04-23,263.1585998535156,263.39222387949684,260.9482478452623,261.1818444505832,52246600
2019-04-24,262.5745849609375,263.41020222021825,262.4308184291265,263.07775411194496,50392900
2019-04-25,262.41278076171875,263.06871029746924,261.22675508512435,262.47568374884355,57770900
2019-04-26,263.6346740722656,263.7065435847097,261.68487421672967,262.45761543389335,50916400
2019-04-29,264.04815673828125,264.56931386896713,263.6348450771833,263.7247025915081,57197700
2019-04-30,264.1828918457031,264.47042488251304,262.29602141570473,263.7066772500253,81111700
2019-05-01,262.1971435546875,265.0185097807534,262.1881495792361,264.8118402899683,71671900
2019-05-02,261.63104248046875,262.9968104059952,260.13949601586444,262.0803024726753,65030200
2019-05-03,264.19183349609375,264.47037250137964,261.7388640340087,263.10463197802125,56543700
2019-05-06,263.10467529296875,263.54494138916215,259.58246426144535,259.8969517961515,107198100
2019-05-07,258.7108459472656,261.2985878238254,256.8059880160905,260.705561358726,144729900
2019-05-08,258.35150146484375,260.0586842910349,257.75847486656824,258.35150146484375,91568300
2019-05-09,257.5698547363281,258.1718480337544,254.55081200881037,256.2849771773048,103471100
2019-05-10,258.8636474609375,259.6184010578606,253.652214405053,256.6353077314568,112429300
2019-05-13,252.3582763671875,254.72138800173758,251.52265947288163,253.7599925849476,127290500
2019-05-14,254.6406707763672,256.1681663940438,253.24797515252428,253.3737537472588,77003200
2019-05-15,256.13214111328125,256.77008271546595,252.80760572827901,253.01427522562122,73956400
2019-05-16,258.5042419433594,259.8609886388919,256.76111076781007,256.83298031022184,76749600
2019-05-17,256.8329162597656,259.3128398746993,256.1859808567677,256.20396880337756,100353000
2019-05-20,255.1347198486328,256.9407260832024,254.38893302495606,255.23354386924208,62877600
2019-05-21,257.4350280761719,257.8123911999107,256.57242895202023,256.8240135080661,46847100
2019-05-22,256.6442565917969,257.59668554101046,256.16804211719005,256.4825295824555,49482500
2019-05-23,253.50848388671875,254.46987959084603,252.09780069472387,254.42496455238847,98733800
2019-05-24,254.08348083496094,255.35939128162846,253.46349985025927,254.94605234472476,55268100
2019-05-28,251.72047424316406,255.31455569563306,251.70251370734124,254.362126304382,70029400
2019-05-29,250.03115844726562,251.01054198780503,248.62946939652528,250.6062244273925,104972900
2019-05-30,250.71400451660156,251.62151838266803,249.6178091508855,250.78587404291775,62523800
2019-05-31,247.3356475830078,248.9979154505843,247.30869307361624,248.1712922154684,86862800
2019-06-03,246.70668029785156,248.48573261773257,245.37686062526726,247.3715764238145,96428000
2019-06-04,252.061767578125,252.19654006890423,248.5485517416839,248.99781165804745,77231900
2019-06-05,254.24525451660156,254.27220902433356,251.87317557420914,253.67918243357073,71169700
2019-06-06,255.8984832763672,256.57237327174454,253.89480123933046,254.54173673171888,69430400
2019-06-07,258.4593200683594,259.53755523499956,256.74314326213107,256.9138642871934,74272200
2019-06-10,259.6453552246094,261.3076228990596,259.5554977301904,260.0047577816279,60799100
2019-06-11,259.58251953125,261.82882037077394,258.93558379264056,261.46042374261225,58641300
2019-06-12,259.1241760253906,259.90588397794284,258.61201308383846,259.348806008108,47096300
2019-06-13,260.1934509277344,260.55288092143763,259.3308792682955,260.0317238829631,48945200
2019-06-14,259.9058532714844,260.50784619847957,259.1421059363474,259.9058532714844,52324700
2019-06-17,260.0047607421875,260.7685083224592,259.83403972704474,260.13953327502185,39205700
2019-06-18,262.7272644042969,263.7785449569694,261.4603478082686,261.81977777473696,85434800
2019-06-19,263.3202819824219,263.85040551806713,261.8916384024987,262.8620279852303,78674400
2019-06-20,265.8361511230469,266.240496147716,263.3832087300726,265.9979055853094,116570000
2019-06-21,265.4497375488281,266.82212083031214,265.2330527028107,265.5671176917623,83309500
2019-06-24,265.1247253417969,265.97341688825486,264.9712218644644,265.6574273212025,47582700
2019-06-25,262.5243225097656,265.2059070885623,262.4159801112717,265.1788214889388,82028700
2019-06-26,262.2625427246094,263.92385754593755,262.1542002988309,263.41824118962137,51584900
2019-06-27,263.19256591796875,263.6981823651526,262.6418159699409,263.0210145283139,40355200
2019-06-28,264.546875,265.0434536754882,263.6530223625105,264.16764892571615,59350900
2019-07-01,266.948486328125,268.08613665460155,265.74762708261784,267.86942429707057,78705600
2019-07-02,267.6437072753906,267.6978784773819,266.0636495912675,266.90333077615117,61504500
2019-07-03,269.78369140625,269.8017668522389,268.17654729314495,268.32101309088887,40898900
2019-07-05,269.4765625,269.6391036536074,267.26449836154364,268.55562454830994,51677300
2019-07-08,267.99591064453125,269.2960749060107,267.45417094324387,268.1674620091727,45841800
2019-07-09,268.33001708984375,268.6279588168469,266.7860821236766,266.84025334676807,41101300
2019-07-10,269.6121520996094,270.56020377349176,268.8627650163246,269.3954671702807,58448500
2019-07-11,270.2439880371094,270.4877584035389,269.2417934211066,270.2530257538709,50826100
2019-07-12,271.4538879394531,271.5261345736811,270.42460761085414,270.731586921279,40326000
2019-07-15,271.544189453125,271.8872920895059,271.0385732165695,271.8872920895059,33900000
2019-07-16,270.66845703125,271.66164188673037,270.3614776311971,271.45396719521267,36650100
2019-07-17,268.8265686035156,270.8039007082595,268.8265686035156,270.641387055438,36036300
2019-07-18,269.8106384277344,270.18986439626957,267.88750564607955,268.32991298102115,51392600
2019-07-19,268.3119201660156,270.9302965017042,268.1403688062337,270.90321089510843,58678600
2019-07-22,268.9709777832031,269.5127173993327,268.19450545816716,268.7091319171699,43638100
2019-07-23,270.8941955566406,270.8941955566406,269.25996619761105,270.09063745855633,44564500
2019-07-24,272.16729736328125,272.16729736328125,270.0454993112613,270.13579386637423,47213200
2019-07-25,270.8669738769531,271.7698637898763,270.06338862852505,271.71569259942197,55394100
2019-07-26,272.6820068359375,272.8806438758629,271.4269756395827,271.55339355318756,45084100
2019-07-29,272.1853332519531,272.68193950616376,271.6345833318975,272.5645593450953,38126500
2019-07-30,271.5171203613281,271.92343194048675,270.40655558457587,270.7857815620586,45849000
2019-07-31,268.5466613769531,271.9505755193534,266.5332335970876,271.7609487131754,104245200
2019-08-01,266.208251953125,271.6526809798995,265.4137038440711,268.7002387398789,142646600
2019-08-02,264.203857421875,265.5581933959909,262.6508844027274,265.31442284010296,116749700
2019-08-05,256.25830078125,260.22197439410274,254.36222586817163,260.1136319797592,178745400
2019-08-06,259.85186767578125,260.0685801265157,256.6737031233253,258.1454190061771,120711700
2019-08-07,260.0053405761719,260.7728029003708,254.65120730275834,256.78201534695285,140572300
2019-08-08,265.1065673828125,265.1065673828125,260.9442575518692,261.4950072466984,87713900
2019-08-09,263.30084228515625,264.76352003700896,261.5221474446139,264.1676091836573,93730000
2019-08-12,260.0956115722656,263.2918233491414,259.1475602385619,261.80205988649254,65527600
2019-08-13,264.1405029296875,265.58513268360247,259.4545008367751,259.79760350315723,94299800
2019-08-14,256.33050537109375,260.70049034452813,256.20411507951735,260.09556938065884,135622100
2019-08-15,257.0076904296875,257.9015704661981,254.96717731036955,257.215365095548,99556600
2019-08-16,260.7999572753906,261.2333271320565,257.06197693743957,258.6601109459989,83018300
2019-08-19,263.94189453125,264.6190622184229,263.13833653723043,263.81550422440336,53571800
2019-08-20,261.9193420410156,263.9688923061297,261.7929517762229,263.43619054261586,51596400
2019-08-21,264.0501708984375,264.4203315219926,263.39105133047104,264.0772564941614,49524700
2019-08-22,263.968994140625,265.3865385206094,262.1993368727227,264.75453184479977,51666400
2019-08-23,257.1882629394531,264.3301272824833,255.94227013252467,262.6688127245855,149161500
2019-08-26,260.0323486328125,260.0323486328125,257.8473424684489,259.3732289407894,72423800
2019-08-27,259.01214599609375,261.7930636581838,258.2537214211673,261.42287531434596,66668900
2019-08-28,260.8360900878906,260.9986037900425,257.5495549339619,258.3531408291057,59696700
2019-08-29,264.1676025390625,264.69129428520955,262.3889077432596,263.3911301931494,57899400
2019-08-30,264.0501708984375,265.66632403331914,263.12019537323226,265.64827615417454,62901200
2019-09-03,262.5063781738281,263.26480289607287,261.1791280213919,262.35290221731935,69101400
2019-09-04,265.4858093261719,265.5038572084943,263.92379955368773,264.6732137573608,46887300
2019-09-05,268.8988037109375,269.81070420416734,265.44975604997495,267.9688277765969,83258100
2019-09-06,269.1064758300781,269.7475478604389,268.5376780168426,269.21484582472306,49584300
2019-09-09,269.2418518066406,270.1808377169626,268.3028383422982,270.09057074583126,51260300
2019-09-10,269.1786193847656,269.24182830225595,267.22837353862485,268.48337640040836,57947100
2019-09-11,271.0928039550781,271.1740607730114,268.83557827685104,269.4856603743414,68821100
2019-09-12,272.0317687988281,273.0881347966629,271.2372210938471,271.9956454793237,72908700
2019-09-13,271.8511962890625,272.82633309685326,271.4810080151809,272.47419270681183,62104800
2019-09-16,271.01153564453125,271.89637799232213,270.3704912942259,270.72260415700487,58191200
2019-09-17,271.69775390625,271.7880208906066,270.64136015983695,270.8129115165538,41475500
2019-09-18,271.8602600097656,271.9686024312111,269.27797956454594,271.30948262871954,73375800
2019-09-19,271.8422546386719,273.2417514204653,271.50818956843375,272.24856637784467,76560500
2019-09-20,270.557861328125,272.72574806029104,269.7687235406922,272.44453398766126,89565000
2019-09-23,270.4943542480469,271.21093939721106,269.64171563544,269.89569132762455,43476800
2019-09-24,268.37176513671875,271.97279346935863,267.4102840114436,271.5827644184251,94869400
2019-09-25,269.9591369628906,270.40358741300247,266.97490242905855,268.45341435241266,71854000
2019-09-26,269.3966979980469,270.17675595776956,267.99076670726214,269.96814996825674,56179700
2019-09-27,267.9454650878906,270.2584842358922,266.394400547626,270.1496138053091,84746600
2019-09-30,269.1881408691406,269.8956464426555,268.41716214409126,268.4625040639401,51662400
2019-10-01,265.9861755371094,270.72102824217234,265.76849006877796,270.06794415591315,88242400
2019-10-02,261.28765869140625,264.4170262525811,259.99964920337914,264.4079467960568,122539500
2019-10-03,263.4282531738281,263.45546385374735,258.34871403256653,261.06081329580894,85278800
2019-10-04,266.9930419921875,267.2470176140269,264.0269389043035,264.0813879558739,65091200
2019-10-07,265.841064453125,267.81847578384463,265.55987813972894,266.19483104942367,59610500
2019-10-08,261.7138977050781,264.7253421334106,261.6776075713752,263.990626093179,95708100
2019-10-09,264.1993103027344,265.13358083305707,263.1017756443016,263.72764914999317,62359400
2019-10-10,265.9861755371094,266.86602454663546,263.954370682643,264.1176347838915,55296300
2019-10-11,268.7436218261719,270.97498072998906,268.6166478742334,268.73454237201105,98720400
2019-10-14,268.4443054199219,269.0973894531063,268.0996183355658,268.42614651152667,40394800
2019-10-15,271.1019592285156,271.84575469340325,269.36947218865987,269.48739435763724,46754500
2019-10-16,270.6667175292969,271.3560920358637,270.2313464146453,270.63950683463116,48928200
2019-10-17,271.46484375,272.3356133684746,270.77546947468795,271.8276621175921,45736600
2019-10-18,270.27655029296875,271.5736388782995,269.4239120539197,270.929634312639,64304000
2019-10-21,272.1088562011719,272.30841046123777,271.15645449887944,271.5918531611871,39048600
2019-10-22,271.2199401855469,272.9342686902184,271.1292286758053,272.6440029315517,48594700
2019-10-23,272.009033203125,272.063454563809,270.75728654487045,270.96592021500015,34352200
2019-10-24,272.4535827636719,273.08853577790205,271.62815491768134,272.9434028694703,35453100
2019-10-25,273.56927490234375,274.11351638561285,271.8277076921369,271.8821290723367,45205400
2019-10-28,275.1111755371094,275.61007494387354,274.7574366745982,274.7846473563298,42147000
2019-10-29,275.02960205078125,275.95482078917917,274.7121255754735,274.83912723810425,44284900
2019-10-30,275.873291015625,276.24516132259726,273.923089521892,275.22925836994864,49643900
2019-10-31,275.138427734375,275.864092158819,273.68715424802167,275.864092158819,69053800
2019-11-01,277.6872863769531,277.73262829214644,276.41738057633785,276.5806723698209,71141500
2019-11-04,278.80291748046875,279.3743694834143,278.43101970583336,279.23831607348995,60606900
2019-11-05,278.49462890625,279.30192558808307,278.2043630646061,279.00258028848964,42933200
2019-11-06,278.5581359863281,278.83024291816537,277.6147858205009,278.4946351418078,46487100
2019-11-07,279.5377197265625,280.8710989172841,279.06605853304166,279.89148638265715,54272300
2019-11-08,280.2270202636719,280.28144163006976,278.49453294996727,279.19295893958304,49032100
2019-11-11,279.6919860839844,279.86432971669336,278.7123456789777,278.8484268383734,35797300
2019-11-12,280.281494140625,281.17947453569053,279.5104877305214,280.05472917772806,46484600
2019-11-13,280.3721923828125,280.77130091310977,279.0660240438884,279.29278899604503,53917700
2019-11-14,280.7802429199219,280.8619026302907,279.4559438678023,280.0908965581207,51219900
2019-11-15,282.8121643066406,282.8575062211695,281.4243640106054,282.1137105902836,62023600
2019-11-18,283.0207214355469,283.25656578539156,282.1227413053871,282.5762710973889,49228000
2019-11-19,282.93914794921875,283.62852223373176,282.2951432620522,283.619442778009,67804700
2019-11-20,281.8870544433594,282.8666948429063,280.3359894389001,282.3496639476608,79406200
2019-11-21,281.4334411621094,282.10468425402297,280.6352517705745,281.9958415043259,54664700
2019-11-22,282.0592956542969,282.31327128023827,281.05247260615073,282.1772178522817,44850200
2019-11-25,284.2452392578125,284.2452392578125,282.98444091082035,282.98444091082035,48647200
2019-11-26,284.889404296875,285.07082737682066,283.9642130242134,284.28168957348055,37569000
2019-11-27,286.1591796875,286.1591796875,285.1523291122122,285.3700145636202,44444600
2019-11-29,285.0979919433594,285.8417876970087,284.87122697075444,285.59686381058185,36592700
2019-12-02,282.6761474609375,285.41545826710006,282.24982822038623,285.3519574335292,75767800
2019-12-03,280.7802429199219,280.8619026302907,278.58517454269366,279.9638949475539,73941700
2019-12-04,282.51287841796875,283.1115412943075,281.4788444906727,281.8235316935288,49080000
2019-12-05,283.0207214355469,283.2293551051219,281.71455342008073,283.21122387869605,40709000
2019-12-06,285.60595703125,286.00506561677,284.91658262330225,284.92566208065074,48927000
2019-12-09,284.70794677734375,285.88711349587976,284.63536648869166,285.21589807283027,34838500
2019-12-10,284.3905029296875,285.31569410664116,283.73741866322825,284.6535580640139,52649800
2019-12-11,285.1977844238281,285.4517600872291,284.3088557612892,284.8440177776958,53429100
2019-12-12,287.6559143066406,288.43597254390977,284.971024718016,285.206841471859,96389600
2019-12-13,287.8282470703125,289.0527834416107,286.6490526203965,287.42005905278955,81503900
2019-12-16,289.80560302734375,290.39518635483904,287.7647184989822,289.5516273932872,82749700
2019-12-17,289.86907958984375,290.48587355216506,289.7874475372953,290.18655602615394,61097700
2019-12-18,289.88726806640625,290.48593091791935,289.83284668729334,290.2591659445252,48133000
2019-12-19,291.075439453125,291.14801972745664,289.8236926929126,290.07766829054526,85310500
2019-12-20,292.3516540527344,293.4819293110863,291.1302212825293,292.10552598899403,147142100
2019-12-23,292.7983093261719,293.19025605431125,292.65246286090326,293.13556710700664,52990000
2019-12-24,292.807373046875,293.0716936318886,292.50655608135855,293.02612879098643,20270000
2019-12-26,294.36614990234375,294.37527400015193,293.181185516875,293.19028179731185,30911200
2019-12-27,294.29315185546875,295.1499823509916,293.7644828220485,295.0952934102021,42528800
2019-12-30,292.67059326171875,294.5118799794698,292.18748916413625,294.3751576532409,49729100
2019-12-31,293.381591796875,293.6277198137139,291.82290156546304,292.1692833540794,57077300
2020-01-02,296.1252136230469,296.1434618086508,293.99226220909725,294.91290542669935,59151200
2020-01-03,293.88299560546875,295.0041745676097,292.68890732538284,292.74359626818324,77709700
2020-01-06,295.0041198730469,295.08615327203825,292.0143098616565,292.1328118215423,55653900
2020-01-07,294.1747131347656,294.9130417417363,293.7280496413541,294.43903377463585,40496400
2020-01-08,295.7424621582031,296.95477064555246,294.11995883928836,294.3660590478099,68296000
2020-01-09,297.7477111816406,297.8206482880284,296.7176901384193,297.30107572009905,48473300
2020-01-10,296.8909606933594,298.4861195611985,296.42610473911026,298.33117684890317,53029300
2020-01-13,298.9328308105469,298.94192708972656,297.0824473403548,297.51086261756024,47086800
2020-01-14,298.47705078125,299.54351294484616,297.92100945963375,298.4952711557389,62832800
2020-01-15,299.1515197753906,299.9080685509151,298.3038135068561,298.38584690535674,72056600
2020-01-16,301.64007568359375,301.64007568359375,300.30014077039544,300.52802066844026,54050300
2020-01-17,302.5788269042969,302.7884585291991,301.5761501633732,302.3509470912397,95846000
2020-01-21,301.98638916015625,302.78853074420584,301.5488776178504,301.62178693577914,77742400
2020-01-22,302.0228271484375,303.49038781097767,301.8678844320141,302.84318902456715,48914900
2020-01-23,302.36920166015625,302.77939649699647,300.2635941747511,301.3756489009387,51963000
2020-01-24,299.6802978515625,303.107620551751,298.39505183899183,303.025587123379,87578400
2020-01-27,294.8765869140625,296.3532441968251,294.11091379771784,294.44817159472285,84062500
2020-01-28,297.966552734375,298.8416034600196,294.96764649476006,296.2984568633764,63834000
2020-01-29,297.7204895019531,299.55265256689614,297.5199541027187,299.3247726958283,53888900
2020-01-30,298.6866149902344,298.89627442765044,294.9129398382602,295.66036446661803,75491800
2020-01-31,293.26318359375,298.221851981053,292.35166407869235,298.0668814238513,113845600
2020-02-03,295.44171142578125,297.30121909243115,294.6213493961139,294.73985138812446,69083000
2020-02-04,299.9446105957031,300.8105652654087,298.72317777873883,299.0422151737549,62573200
2020-02-05,303.4082946777344,303.61795412672234,301.4120930432873,302.87050163975044,65951100
2020-02-06,304.4292907714844,304.62070207645655,303.35367662683126,304.3654777307045,50359700
2020-02-07,302.8067321777344,304.4383317479117,302.25981501693957,303.3718697108561,64139400
2020-02-10,305.0672912597656,305.1311042908256,301.886097610239,301.92256617332515,42070000
2020-02-11,305.5959167480469,307.200171523737,305.0672200674489,306.4162784131797,54864500
2020-02-12,307.5649108886719,307.7745425630313,306.66248770025715,307.02708992369514,43992700
2020-02-13,307.23675537109375,308.202963799749,305.86947614367216,306.1429208622096,54501900
2020-02-14,307.72894287109375,307.8474448392001,306.4528213248784,307.64690946641167,64582200
2020-02-18,306.9358825683594,307.79271287619065,305.550355525555,306.735347223604,57226200
2020-02-19,308.4033508300781,309.07786602288104,307.61945780248055,307.90202648148465,48814700
2020-02-20,307.1365051269531,308.6769752996938,304.1558185736376,307.8565854998732,74163400
2020-02-21,303.9735107421875,306.0973387829116,303.1531209980254,305.7874255135602,113788200
2020-02-24,293.89215087890625,304.046464384972,292.81653664920486,294.5484460794996,161088400
2020-02-25,284.986572265625,295.8883379321786,284.1115213155918,295.2776354317167,218913200
2020-02-26,283.93829345703125,289.9634233462724,283.2090890630601,286.3811587759355,194773800
2020-02-27,271.18609619140625,283.99293030133657,271.18609619140625,278.43265741082325,284353500
2020-02-28,270.0467834472656,271.5325647241753,260.2752930240666,263.15569806188904,384975800
2020-03-02,281.7415466308594,281.80535966924487,268.40601247661044,271.82421045255126,238703600
2020-03-03,273.6745910644531,286.07126116142535,271.24084970802795,282.1152700822015,300139100
2020-03-04,285.177978515625,285.39676211227726,276.4911987598748,279.03434596352906,176613400
2020-03-05,275.6981506347656,281.17639114422417,273.46494478951723,277.995197331708,186366800
2020-03-06,271.1404724121094,272.34368433894815,264.5502069103932,267.2118271902237,228667200
2020-03-09,249.96600341796875,259.04472988247346,249.25501931805033,250.94130814535401,309417300
2020-03-10,262.9004211425781,262.99155082298614,249.30054030564344,259.45487913879975,276444100
2020-03-11,250.08444213867188,256.9937745724308,246.91237251975267,255.86349945004477,255316300
2020-03-12,226.1570587158203,243.06574485920348,225.7650981762707,233.34894558391483,392220700
2020-03-13,245.4904022216797,247.45928738947632,226.53079663529957,239.8116265596918,329566100
2020-03-16,218.62791442871094,234.16930770515287,216.3582263151674,219.84022288446778,297240000
2020-03-17,230.43209838867188,233.50392810842425,216.09390266325667,223.35869921057358,262070500
2020-03-18,218.76463317871094,226.39404531004064,207.84463580030425,215.34643578529358,327597100
2020-03-19,219.22947692871094,225.491623266157,211.6729889100404,218.08096774832077,289322000
2020-03-20,209.78201293945312,224.149511692918,209.50694631687315,222.37076338943308,347158800
2020-03-23,204.41824340820312,210.58883736917826,200.11807712080454,209.22269612416616,326025200
2020-03-24,222.93923950195312,223.81028619851725,214.3664247760725,214.93488557553914,235494500
2020-03-25,226.27664184570312,235.04201992086357,219.82181757105965,224.5162352253458,299430300
2020-03-26,239.4889373779297,240.95592219798814,228.34884302210628,228.77977750775747,257632800
2020-03-27,232.35556030273438,239.13129805518238,230.18256074726233,232.21803399813555,224341200
2020-03-30,239.90150451660156,240.6166693743866,232.45644779685475,234.44607454125364,171369500
2020-03-31,236.32565307617188,241.4418275508448,234.92282878626662,238.90208181788717,194881100
2020-04-01,225.68983459472656,236.24312431481496,223.62685616519354,227.36772539626958,189554600
2020-04-02,230.89773559570312,231.67707467324524,224.25952385795503,224.8096570813122,177660400
2020-04-03,227.56028747558594,232.26388300481995,224.83715469449982,229.91666012342145,135561200
2020-04-06,242.84471130371094,244.80684702910452,227.54200291744624,236.40822674709685,188061200
2020-04-07,243.09226989746094,252.16937148515606,242.87222776811677,251.41752356864058,201427200
2020-04-08,251.25245666503906,253.05871017209918,243.20225678677284,245.68699208459705,153774500
2020-04-09,255.07591247558594,257.8265512385249,252.57282112817146,254.50742362725188,189999200
2020-04-13,252.74697875976562,254.44321124594032,248.85024130979565,254.10397034489313,114839100
2020-04-14,260.201171875,261.2188944182337,252.60941275513804,257.6247434043118,134143400
2020-04-15,254.67237854003906,260.3386853472331,252.56353956668622,254.49816925151632,121775000
2020-04-16,255.9010467529297,256.75373788155946,252.83867290726175,255.94687953066466,131798300
2020-04-17,262.81427001953125,263.4193856745287,258.9266831445482,261.65899326176117,146684800
2020-04-20,258.1839904785156,262.95177313986176,257.96394844153764,259.1191971166025,100109300
2020-04-21,250.3446807861328,254.92907634999656,249.40944618330943,253.72796695073868,126385700
2020-04-22,255.9010467529297,257.64311202094046,253.89307862361522,255.21338720127235,92951600
2020-04-23,255.8826904296875,260.33873886010645,255.58013253954968,257.17549374033564,104709700
2020-04-24,259.44940185546875,260.11873398584896,255.3509492350438,257.39560066112443,85063200
2020-04-27,263.190185546875,264.3087793852271,260.96217561684955,261.420615255831,77896600
2020-04-28,261.97991943359375,267.1786091367333,261.6773336103177,266.83019054311086,105270000
2020-04-29,268.8382568359375,270.3694580633469,266.27100517548735,267.2979058396674,118745600
2020-04-30,266.3351135253906,268.9390474225819,264.60219818898923,267.462857175173,122901700
2020-05-01,259.2843017578125,266.5001372793607,258.1198471539412,261.5948274910563,125180000
2020-05-04,259.9994201660156,260.3019779656264,255.92847461294295,257.4046365732007,80873200
2020-05-05,262.4017639160156,265.2074131354292,260.1278925305998,262.81437091102384,79569900
2020-05-06,260.6230163574219,264.48307149149906,260.1920818426239,264.0979977435184,73632600
2020-05-07,263.76788330078125,265.69333581380084,263.2636107768448,263.83207158010157,75250400
2020-05-08,268.13214111328125,268.59975843411314,265.7665772347648,266.89434866344646,76452400
2020-05-11,268.18719482421875,269.56251377203523,265.7849755389823,266.2067321816507,79514200
2020-05-12,262.8417663574219,269.78252047171196,262.70421209592996,269.36994163003214,95870800
2020-05-13,258.19317626953125,263.31852740068314,255.77260186362162,262.28244947607476,144721100
2020-05-14,261.2830810546875,261.41142959963264,250.29885756390482,255.76347804149395,121977900
2020-05-15,262.4842834472656,262.5301162336093,257.9548961111286,258.899280953549,111146300
2020-05-18,270.47943115234375,272.0839701507051,268.3706196611589,268.6915050760796,119703800
2020-05-19,267.70123291015625,271.58879193513707,267.6829053984864,269.88340997902395,95189300
2020-05-20,272.2489929199219,273.1108617924765,271.00205036955106,271.23127021904025,85861700
2020-05-21,270.3694763183594,272.92757838266874,269.27838729376293,272.1207198117793,78293900
2020-05-22,270.8828430175781,271.0570523361643,268.8473696991475,270.08516244349306,63958200
2020-05-26,274.2203063964844,277.0718161691973,270.90120710948116,276.83341854716673,88951400
2020-05-27,278.30035400390625,278.3370370080894,272.1939349208289,277.0075509205538,104817400
2020-05-28,277.7868347167969,281.33515200775486,277.117502966513,279.3271847378299,90405200
2020-05-29,279.02471923828125,279.61150744849493,274.5778489741923,277.3193091660714,119090800
2020-06-01,280.1524353027344,280.75757894742645,277.8694149921172,278.3828651183529,55758300
2020-06-02,282.47216796875,282.51802872321025,279.739885508997,281.06934373149255,74267200
2020-06-03,286.2313537597656,287.1849160018017,284.17755322085765,284.4526057998422,92567600
2020-06-04,285.47955322265625,286.9832488519643,283.38906933428206,285.2503333753304,75794400
2020-06-05,292.7962951660156,294.565865879508,290.797504578311,290.86169285851645,150524700
2020-06-08,296.33544921875,296.52798606844794,293.062182869184,293.60313838658124,73641200
2020-06-09,294.125732421875,296.40875303318035,292.814573695221,293.67644251654445,77479200
2020-06-10,292.4844665527344,295.59270049020836,291.769301891686,294.7033265416414,95000800
2020-06-11,275.6230773925781,286.20387252008595,275.0729721884442,285.5712235543959,209243600
2020-06-12,278.9238586425781,283.38905659074294,273.7801789307393,282.6188812960742,194678900
2020-06-15,281.52783203125,282.65560386034076,272.07480686820895,273.24841147874247,135782700
2020-06-16,286.94659423828125,289.4038525103005,282.0963219351536,289.2571484357814,137627500
2020-06-17,285.75457763671875,288.2576679504427,285.0210574809537,287.96425988813667,83398900
2020-06-18,285.8646240234375,286.34139118127837,283.78331810749904,284.2417577526698,80828700
2020-06-19,284.2308654785156,289.5169020088502,282.28772263184885,289.32351796858586,135549600
2020-06-22,286.0544738769531,286.45046038965376,282.49053905448363,283.63246410658104,74649400
2020-06-23,287.3712158203125,289.6274664668477,286.96601139314646,288.69733429029844,68471200
2020-06-24,280.04083251953125,285.953114826548,278.20822201391996,285.336089865643,132813500
2020-06-25,283.0429992675781,283.31007226818923,277.4530430466422,279.469847494696,89468000
2020-06-26,276.32025146484375,282.1588713157659,275.7400992165521,281.9470509652658,127961000
2020-06-29,280.3815612792969,280.5196928041572,275.28890629956817,277.5727838921979,79773300
2020-06-30,283.9731140136719,285.66762102118946,279.7921834155964,279.94872310498295,113394800
2020-07-01,285.9622497558594,287.22392574002134,284.62694111006857,285.08739818187286,72396500
2020-07-02,287.5370178222656,290.7325908541107,286.8739585501112,289.38803604130976,69344200
2020-07-06,291.975830078125,292.55601050927066,290.6036769406393,291.3496151795207,61713800
2020-07-07,288.9644470214844,292.408657022588,288.5868688394488,290.43791531370204,82910000
2020-07-08,291.1745910644531,291.2850962513282,287.96982822881216,289.7287492933504,54638600
2020-07-09,289.51702880859375,292.0219167134949,286.10963481375455,291.78247001320926,83354200
2020-07-10,292.4730529785156,292.74012588856067,288.02505104229334,289.4524563986217,57550400
2020-07-13,289.9405822753906,297.18817150586733,289.28674115516975,294.8122255722936,102997500
2020-07-14,293.69793701171875,294.47150148289853,287.3251990766644,288.5223761645233,93657000
2020-07-15,296.3962707519531,297.4921610086868,294.0202961383002,296.91198050758385,87196500
2020-07-16,295.42010498046875,295.871343992354,293.85453943512255,294.49919068416483,54622500
2020-07-17,296.276611328125,297.0593942667122,294.45319051749493,296.42396101925385,62774900
2020-07-20,298.6709289550781,299.4168672808463,295.26353484413016,296.0094731698983,56308800
2020-07-21,299.30633544921875,301.0744749886083,298.32095050262376,300.63245415579655,57292200
2020-07-22,301.010009765625,301.32314533336705,298.83666568694713,298.9471708971752,57792900
2020-07-23,297.41845703125,301.35077884843804,296.0555219337203,300.6508750281461,75738000
2020-07-24,295.5029602050781,296.5251615020732,294.0018655257891,295.56743094562876,73766600
2020-07-27,297.6579284667969,297.8329044364121,295.40167713485863,296.1936780663919,48293000
2020-07-28,295.77001953125,298.04467867981947,295.47532024869815,296.9303522871835,57495000
2020-07-29,299.4075927734375,299.9693649980808,296.60800599281623,296.64485042658015,48454200
2020-07-30,298.33935546875,298.7537780991364,294.36102749576685,296.44227447076116,61861700
2020-07-31,300.6968994140625,300.79821459184643,295.9173523890963,300.1259370973195,84986800
2020-08-03,302.78741455078125,303.55176103880365,301.81124766050027,302.35458371421714,53077900
2020-08-04,303.95697021484375,303.95697021484375,301.9309475225113,301.9309475225113,41917900
2020-08-05,305.8447265625,306.1026094552458,304.98828331124287,305.25535623296946,42697700
2020-08-06,307.8891906738281,308.00891400036295,304.9422824929676,305.2646080403921,43679400
2020-08-07,308.1102294921875,308.39571060773704,306.0197365507583,306.9222424636981,57308300
2020-08-10,309.0312194824219,309.2153854806249,306.6276185368531,308.56154419446693,44282100
2020-08-11,306.4803161621094,310.84546974371733,305.75281398524015,310.21003652811766,69601100
2020-08-12,310.7532958984375,311.52686046889016,308.88384116049235,308.91146746286313,53774400
2020-08-13,310.1915588378906,311.4992695414481,309.2706445155212,309.9889565628064,41816100
2020-08-14,310.20074462890625,310.73489061846544,309.07722814860483,309.80475825655594,47260400
2020-08-17,311.1861267089844,311.58211307766084,310.2099598864431,311.2137530113555,35481000
2020-08-18,311.85833740234375,312.28194998264934,309.98885496076423,311.5820463337453,38733900
2020-08-19,310.5598449707031,312.75159673010216,309.9980728045905,312.23588712741235,68054200
2020-08-20,311.52685546875,312.0057207368476,308.7088602558769,308.8377736301808,42207800
2020-08-21,312.6319274902344,312.85293788001695,310.8545419255064,311.1953037485117,55106600
2020-08-24,315.7999572753906,315.8736180566661,312.60438339712664,315.06320894225934,48588700
2020-08-25,316.90496826171875,316.9878471615432,315.2012714878101,316.36163229349035,38463400
2020-08-26,320.0821228027344,320.34916765874164,316.9510204608459,317.4943564112972,50790200
2020-08-27,320.7820739746094,322.227916207643,319.1244394337551,320.94785991195465,58034100
2020-08-28,322.85406494140625,322.983006410203,320.61625033931085,321.804237442081,48588900
2020-08-31,321.6844177246094,323.5170273100685,321.4541892599412,322.64217600676585,66099200
2020-09-01,324.71435546875,324.81564254170917,321.620069114732,322.51335702094957,54908700
2020-09-02,329.4110107421875,330.37795938167653,325.4786892390397,326.6206419236981,69540000
2020-09-03,318.0744934082031,328.19532906675,315.495917398797,327.7256539431089,148011100
2020-09-04,315.4775695800781,320.32155893623025,308.3865193279406,318.7560217314167,139156300
2020-09-08,306.8576965332031,315.5419355103499,306.55380732805014,310.0808950128652,114465300
2020-09-09,312.9173583984375,315.37618290240937,309.9888306834143,310.85449204324215,91462300
2020-09-10,307.4841003417969,315.4407855701406,306.5263415656927,314.7869442624126,90569500
2020-09-11,307.640625,310.32048895230275,304.8226295252226,309.2614431412323,84680200
2020-09-14,311.69256591796875,313.46073328485505,307.78789928384793,310.7992781526269,65605700
2020-09-15,313.267333984375,314.9710024350509,311.70176891157143,314.14218543935834,52920900
2020-09-16,312.0240783691406,315.92874461250403,311.7477873154288,314.5013391992171,82096000
2020-09-17,309.27978515625,310.99269998077335,306.6551743743273,307.1801021515254,91523300
2020-09-18,305.71917724609375,310.19424068358853,303.2412544546544,310.0832931282361,105877900
2020-09-21,302.31671142578125,302.4646509332724,297.471812475892,301.14247861932574,99450800
2020-09-22,305.3955383300781,305.95030428150574,301.29030979270976,303.79599750028683,63612100
2020-09-23,298.31317138671875,306.22775080288056,297.8138791281714,305.9503536740996,93112200
2020-09-24,299.1082458496094,302.15941605078405,295.68721289484193,297.0001579503366,76681300
2020-09-25,303.9440612792969,304.72994946395926,297.38864434328906,298.25774322221287,71069400
2020-09-28,308.9923095703125,309.7042419499173,307.1061162454565,308.09544576444915,64584600
2020-09-29,307.3094482421875,309.5284836874694,306.6159979020015,308.788814611231,51304000
2020-09-30,309.6395263671875,312.78316294549495,307.7810700245136,307.9752282610911,104081100
2020-10-01,311.6273498535156,313.1991537202758,309.75041203082435,312.22833451482296,88698700
2020-10-02,308.66864013671875,311.59963625667905,306.2184543549931,306.69000965854815,89431100
2020-10-05,314.14227294921875,314.32717611812427,310.67502109585257,310.72123983393703,45713100
2020-10-06,309.67645263671875,316.37057974539914,309.16793362544905,314.28097349200937,90128900
2020-10-07,315.06689453125,315.87129250041943,312.5981986311307,312.62593551915137,56999600
2020-10-08,317.85906982421875,317.92379861308393,316.0838249456432,316.9991983717875,45242500
2020-10-09,320.6977233886719,321.1600236881462,318.8855141153723,319.50498071538817,59528600
2020-10-12,325.8569641113281,327.32707559553944,322.7410647815939,323.2311019429976,80388500
2020-10-13,323.73040771484375,325.89396970025575,322.76881520469266,325.71829333157706,73255500
2020-10-14,321.6962585449219,325.39466069842285,320.96584443553525,324.30363883511666,57727900
2020-10-15,321.2987060546875,321.7794882050628,317.25820597808996,317.7944619067174,60357700
2020-10-16,321.1045227050781,324.30363260576735,320.92884634883575,322.648589773227,89501900
2020-10-19,316.22265625,322.9907111121093,315.3257925506402,322.36198948401005,68425600
2020-10-20,317.4893493652344,320.7254513716909,316.8051539703146,317.5633049958053,60051900
2020-10-21,316.88836669921875,319.6066946596672,316.58323270677243,317.4431044735385,63575000
2020-10-22,318.62664794921875,319.2091509309516,314.96523691392366,317.10106236922707,55399300
2020-10-23,319.7084045410156,319.9025627725712,317.25821851614603,319.8470889921267,49143900
2020-10-26,313.8002014160156,317.1195140807674,310.31443920384794,316.33359795190205,91473000
2020-10-27,312.718505859375,314.4752418605165,312.5058375023406,314.14239909289313,65994100
2020-10-28,302.030029296875,312.7461466489848,301.5399921174108,307.05985871686283,127094300
2020-10-29,305.0997009277344,308.2618190207296,300.57839067530114,302.26117045534187,90597700
2020-10-30,301.9190368652344,304.8315226203362,298.2761088587803,303.52783260839107,120287300
2020-11-02,305.3031005859375,307.30021286282704,302.56626275236454,305.3031005859375,86068300
2020-11-03,310.6935119628906,312.746126248305,305.38631400131226,308.52995012960014,93294200
2020-11-04,317.6373291015625,321.7055664962755,313.9851450876126,315.1593778065313,126959700
2020-11-05,323.8320617675781,325.63504398286517,322.55610859572175,322.9074612913422,82039700
2020-11-06,323.75811767578125,325.0063340064699,321.4373613684711,323.5454494007083,74973000
2020-11-09,327.82635498046875,336.9059387720614,327.36405472488747,336.52684917649657,172304200
2020-11-10,327.3455810546875,328.39961099114294,324.0817422973662,326.83703383089585,85552000
2020-11-11,329.77728271484375,330.60016251209254,328.2886611922482,329.5276225136965,58649000
2020-11-12,326.5781555175781,329.8235125087104,324.7752013576145,328.76945432758134,67546200
2020-11-13,331.09942626953125,331.83909534174575,327.9650172049905,328.48279119885393,62892200
2020-11-16,335.232421875,335.42658008620566,332.4771021299016,333.762310414162,74541100
2020-11-17,333.4294738769531,334.63147162301595,331.3213855742676,332.82848911220765,66111000
2020-11-18,329.416748046875,334.2431650021247,329.37975611691144,333.69765395560677,70591300
2020-11-19,330.8036193847656,331.1734540014024,327.44731451105605,328.7879967400085,59940900
2020-11-20,328.5382995605469,330.7481084092092,328.46434393216515,330.5446951604477,70417300
2020-11-23,330.5076599121094,331.7651311623136,328.112948198128,330.3412386076394,63230600
2020-11-24,335.83343505859375,336.3789460330993,332.19976142931375,333.05037819016013,62415900
2020-11-25,335.3155822753906,335.7778824723925,334.2245605824417,335.750145589235,45330900
2020-11-27,336.24951171875,336.7210388362217,335.24167223686067,336.4066780190502,28514100
2020-11-30,334.7608337402344,335.7409079513326,332.0887531357319,335.4727659225405,83872700
2020-12-01,338.4222717285156,339.95711197569057,337.4144605490259,338.00621842500254,74231400
2020-12-02,339.1342468261719,339.2914131198718,336.73953476512753,337.3127825968703,45927000
2020-12-03,339.0417175292969,340.42861810719086,337.94144081350913,339.0324624961436,62882000
2020-12-04,341.9635925292969,341.9635925292969,339.53188804571107,339.6243537638906,50749900
2020-12-07,341.2607727050781,341.75080980917244,339.9940746180739,341.19604390236077,48944300
2020-12-08,342.25933837890625,342.82333107219165,339.9478374066258,339.99405613944555,42458900
2020-12-09,339.18975830078125,343.0730641489794,338.3576233487797,342.91589783781166,74098300
2020-12-10,339.07879638671875,340.12357138803657,336.95219802540623,337.82132486772645,57735400
2020-12-11,338.6811828613281,339.08800937588853,335.8704174000004,337.38674768616795,57698600
2020-12-14,337.16485595703125,341.9172883370529,336.98917958686485,340.84477647871296,69216200
2020-12-15,341.7231140136719,341.7231140136719,338.329845795208,339.6982365511047,63865300
2020-12-16,342.25933837890625,343.1746837346286,341.05734094338163,341.93572259947405,58420500
2020-12-17,344.17327880859375,344.3766920459077,343.0730019635639,343.8959099470601,64119500
2020-12-18,342.79901123046875,344.62823947679175,340.7933577976849,344.4611087749372,136542300
2020-12-21,341.5733947753906,351.415944151772,336.1600082036477,338.8899235370573,96386700
2020-12-22,340.99774169921875,342.0098490392824,339.87421385740157,341.8984285375289,47949000
2020-12-23,341.3041076660156,343.20760697353194,340.979112376798,341.9633643931626,46201400
2020-12-24,342.6318664550781,342.6597215709097,341.1926382423749,341.77759567483866,26457900
2020-12-28,345.57537841796875,345.9653500649846,344.5539768762825,345.1760839492796,39000400
2020-12-29,344.91607666015625,347.27458040793783,344.3310908811892,347.09815522580993,53680500
2020-12-30,345.408203125,346.43889910302494,345.018231496331,345.73319837345264,49455300
2020-12-31,347.16326904296875,347.8875306310018,344.7026385411162,345.2133252792332,78520700
2021-01-04,342.4369201660156,348.62101162593734,338.75060828235917,348.49100217915696,110210800
2021-01-05,344.79547119140625,345.88187774542536,341.7498547168132,341.7962988166081,66426200
2021-01-06,346.8567810058594,350.04170094295614,342.743347597711,343.29118386394964,107997700
2021-01-07,352.01019287109375,352.7530149569909,349.04814233936133,349.22456754371,68766800
2021-01-08,354.0158386230469,354.2293850911422,350.1531015213458,353.3937031789076,71677200
2021-01-11,351.6295166015625,353.3844459686813,350.72882987062206,350.84954484541544,51034700
2021-01-12,351.70379638671875,352.7159036317569,349.4660070637659,351.8152452148604,52547700
2021-01-13,352.65087890625,353.6443970420134,350.84950564563337,351.6294773146356,45303600
2021-01-14,351.4159851074219,353.89520462901476,351.0817236007902,353.39378403221525,49989100
2021-01-15,348.8531799316406,350.59881478443,346.9960962553196,349.800282405299,107160000
2021-01-19,351.5923156738281,352.13088573862603,349.82809207789774,351.3044700083426,51233300
2021-01-20,356.4578857421875,357.2935676023044,353.48654097639,353.87651262058415,61836100
2021-01-21,356.7829284667969,357.4422136144088,355.8636810590546,357.0150639404166,47840100
2021-01-22,355.5200500488281,356.6807271719311,354.5543587480902,354.9350642448892,52860500
2021-01-25,356.9222106933594,357.27503278883,351.4159360582794,356.25365943655754,70402000
2021-01-26,356.3650817871094,358.2778757163541,356.1329463264064,357.869315038569,42665300
2021-01-27,347.6553649902344,353.1430508430368,345.4268701693278,353.05019098865546,123351100
2021-01-28,350.6452331542969,354.6379514307327,349.0295795422171,349.465966970764,94198100
2021-01-29,343.6254577636719,349.75383907984985,341.9540655846165,348.78814770996314,126765100
2021-02-01,349.34527587890625,350.375943628793,343.9133009262217,347.01462699809997,75817600
2021-02-02,354.2851257324219,355.83580306474755,349.42887007201125,352.52090191367535,64450700
2021-02-03,354.56365966796875,356.281467508707,353.2915620518551,355.11149587959494,52427100
2021-02-04,358.59356689453125,358.63998265068375,354.6751192898168,355.59436662167684,47142600
2021-02-05,360.0049133300781,360.71061412663744,358.54712432112404,360.4599180558391,48669800
2021-02-08,362.6048278808594,362.6512436310637,360.5991744109489,361.45341690524697,38365200
2021-02-09,362.3634338378906,362.95771418565323,361.3606211720995,361.769153490128,35551100
2021-02-10,362.2055358886719,364.24833897480704,359.80991075751706,364.09976890155684,59154400
2021-02-11,362.7905578613281,363.7005390243798,360.3670773709089,363.2826838806573,42913300
2021-02-12,364.5826721191406,364.82407372216704,361.91773330512245,361.9920325190132,50593300
2021-02-16,364.2668762207031,366.0032729008585,363.5519093548807,365.8082587527633,50972400
2021-02-17,364.35052490234375,364.6012209832248,361.5091609681263,362.52129645099154,52290600
2021-02-18,362.7998352050781,363.54265727343494,360.0327705772848,361.7505784893111,59712800
2021-02-19,362.1591796875,364.34125872083973,361.71346939446187,364.05341301185115,83241000
2021-02-22,359.3735046386719,361.77842431901905,359.1042196026477,359.4013597570989,67414200
2021-02-23,359.80999755859375,361.15639469065013,353.0316528102948,357.17294188013483,107284100
2021-02-24,363.77484130859375,364.2019909749651,357.7393191021612,358.7235712258007,72433900
2021-02-25,355.0093994140625,363.8769912428288,353.57017085547034,362.5120335653563,146670500
2021-02-26,353.1802062988281,358.02719646343246,351.20243572701213,356.88510798823404,152701600
2021-03-01,361.7413330078125,362.98560406297776,353.3751899411778,358.03645997578053,105348800
2021-03-02,358.9185791015625,362.19633073939394,358.41715856200267,361.964195274004,79595300
2021-03-03,354.1644287109375,359.18781495345684,354.06227437694446,358.22215187611573,119940200
2021-03-04,349.7817687988281,356.5601137940259,345.3061897362982,353.97876827034526,183433000
2021-03-05,356.2164611816406,357.26571784913307,346.01179684391315,353.27297148908974,152039600
2021-03-08,354.4429931640625,359.977094609663,354.16444194612137,357.17290844727864,123149200
2021-03-09,359.5035705566406,362.04776622878813,357.77646793232316,358.27788847962165,113633600
2021-03-10,361.7413330078125,363.4312860296286,360.43211389392627,361.8434873497362,109899400
2021-03-11,365.4090270996094,367.3775310399198,363.7469294630154,364.2019341812967,86245000
2021-03-12,365.90118408203125,366.0404596864284,363.2455681020347,364.05339494438545,64653600
2021-03-15,368.083251953125,368.343242519141,364.0162344057818,366.15186917399524,73427200
2021-03-16,367.6189880371094,369.40177242737843,366.84828247321997,368.6960999272851,73722500
2021-03-17,368.87249755859375,369.67102984650717,365.19545189698175,366.3375684287189,97959300
2021-03-18,363.5055236816406,368.37107323916246,362.8276780230335,366.291148848804,115349100
2021-03-19,362.83294677734375,364.77995178052817,360.66234252833834,363.205574280837,113624500
2021-03-22,365.73016357421875,367.10891663764517,363.28942068287944,363.3453133880508,73778600
2021-03-23,362.8515319824219,366.5405922291803,362.0690057743006,365.09665013615654,90686600
2021-03-24,361.0070495605469,365.87923909623805,360.9604817803928,364.248968775631,97588600
2021-03-25,363.0379333496094,363.8297562145069,357.6347344917859,359.57244319585334,116128600
2021-03-26,368.88836669921875,369.2889406965437,363.5876554287264,364.1838539594504,114409100
2021-03-29,368.7018737792969,369.60551031662703,365.935071468474,367.4162848468423,108107600
2021-03-30,367.7237854003906,368.39452632963565,366.13075792489735,367.43499693096027,76262200
2021-03-31,369.21429443359375,370.7700506223906,368.2640899656706,368.29203631973724,112734200
2021-04-01,373.20147705078125,373.25739818982174,370.9377370318491,371.14268644280133,99682900
2021-04-05,378.5579833984375,379.09831735793875,375.7818847728783,375.85639888988624,91684800
2021-04-06,378.3344421386719,379.3778104361055,377.66370131465686,377.9990859414913,62021000
2021-04-07,378.7723693847656,379.11705058317233,377.7103794337197,378.16684605543014,55836300
2021-04-08,380.5702209472656,380.6261136446718,379.08900760669604,380.02059046966957,57863100
2021-04-09,383.3370666503906,383.5047731912766,380.328071856803,380.4491821914655,61104600
2021-04-12,383.4768981933594,383.7470368351651,382.1354161945966,382.74093955092366,56704900
2021-04-13,384.6133117675781,385.2374848347506,382.99236657978923,383.374318989603,56551000
2021-04-14,383.2998046875,385.6380584899132,382.7594706720506,384.58536523914717,61659900
2021-04-15,387.4174499511719,387.68761700399335,385.3866056650256,385.4331734470441,60229800
2021-04-16,388.71234130859375,389.3178645876654,387.28702042046496,388.70301638087244,82037300
2021-04-19,386.80255126953125,388.2278720552796,385.4797193923822,387.78073043129933,78498500
2021-04-20,383.9705505371094,386.6907567846418,382.4986335803177,385.5914957452918,81851800
2021-04-21,387.6037902832031,387.8087397039986,383.21601337839934,383.3557735882246,66793000
2021-04-22,384.0636901855469,388.2651383615414,383.0017004125384,387.43604432459205,97582800
2021-04-23,388.2278747558594,389.6345741269456,384.54813911119874,384.6226532391619,73209200
2021-04-26,389.03839111328125,389.60667156779255,388.2931360312582,388.8800379124394,52182400
2021-04-27,388.9544982910156,389.53210359386003,387.8179659687333,389.33645070740164,51303100
2021-04-28,388.8427429199219,390.342606350338,388.3769514146441,389.2246953658085,51238900
2021-04-29,391.32080078125,391.9356490483459,387.94847445568877,391.56302148849824,78544300
2021-04-30,388.74957275390625,389.90475500080083,387.8552610382918,389.057011063111,85527000
2021-05-03,389.5880432128906,391.1158246327663,389.0943053331574,390.73387217038277,68128300
2021-05-04,387.1844787597656,388.0974402326931,383.5047433776642,387.6037024349062,101591200
2021-05-05,387.30560302734375,389.0569834839452,386.7466475835862,388.8240877515174,60162200
2021-05-06,390.3985595703125,390.5289664285822,385.3773127188648,387.3802108160868,74321400
2021-05-07,393.23980712890625,393.8919265936675,390.4823294392389,391.16239525650957,67733800
2021-05-10,389.34576416015625,393.8173507618117,389.2246538329622,393.5937799606252,81852400
2021-05-11,385.87109375,386.8585697301666,382.00502891108385,384.8370499787494,116888000
2021-05-12,377.673095703125,384.3618553205323,376.3595601632733,383.0949159919616,134811000
2021-05-13,382.20989990234375,384.13828367571983,379.17293000396353,379.21952621514686,106394000
2021-05-14,388.078857421875,388.9266014154042,384.9114807136324,384.9394270681594,82201600
2021-05-17,387.0913391113281,387.9018401628468,385.07911651757036,386.97025720812496,65129200
2021-05-18,383.75634765625,387.59446551118776,383.5979660188922,387.352244805697,59810200
2021-05-19,382.7501220703125,382.92712508894346,377.5984699667049,379.0797117393857,106467100
2021-05-20,386.8677978515625,388.1254406224363,383.5047967743601,383.62587868681237,78022200
2021-05-21,386.5510559082031,389.5880256140857,386.0945893314259,388.3490042918943,76578700
2021-05-24,390.49163818359375,391.56295289159766,388.544604797389,388.7868254622032,51376700
2021-05-25,389.6252746582031,391.9262858634761,389.0476977323679,391.57227976579446,57451400
2021-05-26,390.3985595703125,390.901594004632,389.1781879116937,390.2122315674567,43088600
2021-05-27,390.60345458984375,391.9356114927395,390.3239626244938,391.4232522007512,56707700
2021-05-28,391.3021240234375,392.42933147222897,391.0692282777566,392.1684893742527,58520200
2021-06-01,390.9573669433594,393.7986831170101,390.5195218893241,393.6589513826693,54216600
2021-06-02,391.5722961425781,392.410743642536,390.60347022695476,391.6095674253817,49097100
2021-06-03,390.118896484375,391.25542857219557,387.79926454327256,389.26185627827056,58138800
2021-06-04,393.68701171875,393.985125124761,390.1842502722685,391.9635773504691,55938800
2021-06-07,393.3050842285156,393.8547148640748,392.3735010978064,393.67771179486715,51555000
2021-06-08,393.38885498046875,394.25522031845156,391.56296032167944,394.1620563356279,47134300
2021-06-09,392.802001953125,394.30186550282065,392.5784311103021,394.22732293544,48436300
2021-06-10,394.62786865234375,395.5781015257895,392.7088099094243,394.0223453765083,51020100
2021-06-11,395.2799987792969,395.3917841957337,393.8919491424424,395.17753829078254,45570800
2021-06-14,396.1650085449219,396.26746903201445,394.1527857880061,395.3917787091995,42358500
2021-06-15,395.4383850097656,396.3513182077345,394.5626946646038,396.31407535492747,51508500
2021-06-16,393.2304992675781,395.8016775286566,391.19035858653814,395.5781066988787,80386100
2021-06-17,393.1001281738281,394.07827907271417,390.63143860500963,392.8206646111922,90949700
2021-06-18,387.7969665527344,390.51671667728624,387.5913466663332,389.82509911514796,118676300
2021-06-21,393.3486328125,393.53557034735695,388.7409106571749,389.55403474074245,72822000
2021-06-22,395.4515380859375,396.28337300789326,392.6196085187923,393.339292332768,57700300
2021-06-23,394.9749450683594,396.3301424887815,394.8908317268986,395.5263737663793,49445400
2021-06-24,397.31158447265625,397.7321512462469,396.86295139148933,397.115319978314,45110300
2021-06-25,398.72283935546875,399.17147241602134,397.73213297075046,398.05925946140326,58129500
2021-06-28,399.5265197753906,399.6947464278682,398.0498160658753,399.24614202126133,53159600
2021-06-29,399.7415771484375,400.5453458904214,399.20883078354126,399.9098038354574,35970500
2021-06-30,400.07794189453125,400.7508770162043,399.25546246552415,399.283500240483,64827900
2021-07-01,402.2931213378906,402.4520211210759,400.7696685970019,400.83509959729395,53441000
2021-07-02,405.3680419921875,405.72320623377107,402.3772122424309,403.45206040174946,57697700
2021-07-06,404.62969970703125,405.6391169295271,401.9005937821132,405.4241415803903,68710400
2021-07-07,406.05975341796875,406.34015981579034,403.3026092367635,405.3120600691236,63549500
2021-07-08,402.7510986328125,403.50814726468866,399.57333123869796,400.7509751205796,97595200
2021-07-09,407.05035400390625,407.3494426746745,402.55478259875076,404.2558173257462,76238600
2021-07-12,408.5083312988281,408.7606998160739,406.5362744179092,406.9661965088275,52889600
2021-07-13,407.1158142089844,409.2187334442086,406.854118733952,407.72331850573784,52911300
2021-07-14,407.7232666015625,409.2934677745335,406.48022038406873,408.80744158086895,64130400
2021-07-15,406.3307189941406,407.05972983900836,404.43341971053184,406.38679455738685,55126400
2021-07-16,403.1436462402344,407.55510476141916,402.75111727654803,407.50838463044124,75874700
2021-07-19,397.1900634765625,403.209088281005,394.38617099707693,398.33031422579336,147987000
2021-07-20,402.8819580078125,404.1530707517098,397.0591977452092,397.8536396448114,99608200
2021-07-21,406.1438293457031,406.2840467930264,402.8352566332123,404.0783031286955,64724400
2021-07-22,406.9942321777344,407.2372452604418,405.33994628759945,406.32129700633567,47878500
2021-07-23,411.1814270019531,411.51788035862415,408.2373460404216,408.91960818789283,63766600
2021-07-26,412.1907958984375,412.2001513321197,410.54586536220575,410.59258548528925,43719200
2021-07-27,410.312255859375,411.1814556139232,407.48965273178777,411.15341783224966,67397100
2021-07-28,410.1439514160156,411.51785959844165,408.72332311063053,410.93839316496434,52472400
2021-07-29,411.8450012207031,412.91982079238494,411.05991487644866,411.06927031045103,47435300
2021-07-30,409.8449401855469,411.29360644207577,409.1532940336554,409.28415602981516,68951200
2021-08-02,408.9850769042969,412.10674026622047,408.62991264660883,411.5553115323718,58783300
2021-08-03,412.3123779296875,412.4338844991458,407.5925037276187,409.7795364098606,58053900
2021-08-04,410.28424072265625,412.28433581198715,410.050583021591,411.03193395699765,46732200
2021-08-05,412.8824768066406,412.96659014888616,411.12536648595767,411.4431375086628,38969700
2021-08-06,413.56475830078125,413.9853535543252,412.9198607907698,413.2002671340216,46930000
2021-08-09,413.2283020019531,413.8544886377314,412.4618979342041,413.53671760242094,41222600
2021-08-10,413.74237060546875,414.4526991663154,412.9946773475972,413.6769396016709,43339300
2021-08-11,414.77044677734375,414.8639155599606,413.6862716488568,414.80783999492405,44034300
2021-08-12,416.01348876953125,416.15370620330873,413.72366049428854,414.62089804805976,38909400
2021-08-13,416.77056884765625,416.7892511950456,415.9761269822574,416.46212471839107,39470300
2021-08-16,417.75189208984375,417.8827255582406,413.9199004513762,415.4713908619817,73740000
2021-08-17,415.0134582519531,415.87330259419554,412.03198379117543,415.2003672937734,92673900
2021-08-18,410.4711608886719,415.5649103189403,410.22817626839674,414.00406428357036,89351900
2021-08-19,411.1066589355469,412.3030136509168,407.61114913490746,407.7513380397817,92812200
2021-08-20,414.37786865234375,414.7049951138694,410.96647217681397,411.4524984131377,72008700
2021-08-23,418.0229797363281,418.92957275106846,414.4526832434195,416.0602493564847,54973000
2021-08-24,418.68658447265625,419.2193309044513,418.1725489124351,418.68658447265625,38744700
2021-08-25,419.5650939941406,420.0791294982954,418.49960124676494,418.87347636542324,40529700
2021-08-26,417.0882873535156,419.5183042507706,416.9948185830064,419.2846465858296,57829600
2021-08-27,420.8175354003906,421.19138203158167,417.8360607411706,417.8921363097158,77235100
2021-08-30,422.6681213378906,423.4532078324658,421.2474641854184,421.49047733469286,48357400
2021-08-31,422.0418395996094,422.9110393113264,421.44369077915854,422.57458594782264,59300200
2021-09-01,422.2662048339844,423.4905689604895,422.03254712247315,422.9765334042328,48721400
2021-09-02,423.5653076171875,424.36907636322894,422.3689814101181,423.686814177093,42501000
2021-09-03,423.4625549316406,423.9766190394055,422.03257079787886,422.434483761454,47170500
2021-09-07,421.9483337402344,423.2100907878115,421.2753985497041,423.11662202083113,51671500
2021-09-08,421.43438720703125,422.14471575872943,419.51837690907405,421.4157048587594,56181900
2021-09-09,419.6304626464844,422.98578312246457,419.387449559995,421.2380284408069,57970400
2021-09-10,416.3219909667969,421.9764965107279,416.2004843859975,421.5559297187358,89948200
2021-09-13,417.3873596191406,419.57442052650157,415.07882068151736,419.3127250750678,83738600
2021-09-14,415.13494873046875,419.03234294728094,414.2470381175579,418.82672304337876,78197100
2021-09-15,418.60247802734375,419.09783124683656,414.45271468859767,415.55557226819735,78792200
2021-09-16,417.9388427734375,419.0510271190857,414.99473310868217,418.07903168064803,77786700
2021-09-17,413.8676452636719,417.5900174422534,413.5113432060983,417.16810338516024,118425000
2021-09-20,406.9667663574219,409.3295710757895,402.10984707082173,407.75436793021106,166445500
2021-09-21,406.58233642578125,410.59537031179264,406.05726871090457,409.30144322368784,92526100
2021-09-22,410.5484924316406,412.5831513891095,406.6948671942367,408.85139337293356,102350100
2021-09-23,415.53662109375,417.1399803704705,412.17993634176355,412.41434258074156,76396000
2021-09-24,416.2210998535156,416.9337039803391,413.6895010133059,413.90516505538227,62094800
2021-09-27,415.0303955078125,416.3524217423701,414.3365334637065,415.1897757538297,61371100
2021-09-28,406.6667175292969,412.59251441684535,405.93537117136833,412.26433994291904,130436300
2021-09-29,407.3512268066406,409.77967232630994,406.78864603672207,408.04506020824715,82329200
2021-09-30,402.3724670410156,409.52652283633495,402.03490711070083,408.82330398006496,140506000
2021-10-01,407.15423583984375,408.83259245748525,400.5815046124614,404.0975980601775,129240100
2021-10-04,401.90362548828125,406.89176913571015,399.76581284989487,405.9916570765266,128570000
2021-10-05,406.08544921875,408.3263583984505,402.6068680010138,403.40382646967265,90682500
2021-10-06,407.77313232421875,407.9794109817039,400.8722256266175,402.4942986652522,113032200
2021-10-07,411.298583984375,414.13020116989895,410.86728449835147,411.0454355366307,72437500
2021-10-08,410.5484924316406,412.45189876084635,409.9202996692927,412.0674690550003,74557400
2021-10-11,407.5762634277344,412.79884218436496,407.5106228023292,409.89219860577384,65233300
2021-10-12,406.5729675292969,408.89828794249456,405.785365924999,408.49511604042164,71181200
2021-10-13,408.03564453125,408.8513737107969,404.62270437794365,407.59495963247764,72974000
2021-10-14,414.8990173339844,415.0490407513381,411.2235151439211,411.69232759288604,70236800
2021-10-15,418.0588684082031,418.42455590539737,416.38989699593026,417.0087329506892,66260200
2021-10-18,419.2964782714844,419.6340094982905,415.6209761000303,416.27732497087453,62213200
2021-10-19,422.5313415527344,422.59695355572194,420.3091462784129,420.91862541650084,46996800
2021-10-20,424.19097900390625,424.491025906163,422.87830957409244,422.99082000892685,49571600
2021-10-21,425.29736328125,425.5223841474882,423.1595792098458,423.59087874148474,41305400
2021-10-22,424.8565979003906,426.3099336904653,422.91570745443045,424.8659833060559,58845100
2021-10-25,427.1350402832031,427.4632147429343,424.17217058163135,425.9442668817109,45214500
2021-10-26,427.51953125,429.8917216010357,427.1444869339798,428.68220582792407,56075100
2021-10-27,425.6254577636719,428.6446111455954,425.5504317463337,427.97890546543795,72438000
2021-10-28,429.7323303222656,429.80732773792477,427.0413509410185,427.05070773419686,51437900
2021-10-29,430.604248046875,430.8949094853391,427.1444097745334,427.4350712129975,70162400
2021-11-01,431.344970703125,431.96380657611127,429.61974430603044,431.5887337216653,48433600
2021-11-02,433.0889587402344,433.3983909976397,431.3824744636354,431.5137556913935,48908400
2021-11-03,435.7330627441406,436.1362346004919,432.0856879971298,432.5263728629684,52509800
2021-11-04,437.7864685058594,437.87085131761023,435.9862160130472,436.33313266603705,52847100
2021-11-05,439.3053894042969,441.29314959663833,437.7958270632598,440.00860807313694,66390600
2021-11-08,439.6805114746094,440.8994412181432,438.9960634954237,440.40250108208477,50405200
2021-11-09,438.2272033691406,440.2806045314554,436.8207657847632,440.0461982673925,51149100
2021-11-10,434.7016906738281,438.2271697715408,433.220255788708,436.53942763125457,69429700
2021-11-11,434.84234619140625,436.2675545379645,434.8236039920207,436.19252851233256,34848500
2021-11-12,438.1239929199219,438.67718819768925,435.161094692695,436.1081050332003,53466700
2021-11-15,438.27392578125,439.5678525019665,437.1487932605668,439.4084723198703,46980500
2021-11-16,440.00860595703125,441.1431240587056,437.93646296807935,438.0114603688836,48857500
2021-11-17,438.9397277832031,439.9242224676994,438.32089192487604,439.74607145027005,47858300
2021-11-18,440.4305419921875,440.69307581212365,437.25197993727926,439.9710863467691,50625600
2021-11-19,439.64300537109375,441.5651251990252,439.27731788187225,440.31806790988196,57315600
2021-11-22,438.4053039550781,444.00292604113224,438.1990253218852,441.518225650883,72762000
2021-11-23,438.9866638183594,439.8399060268832,435.4799553727706,438.0771663973215,73206500
2021-11-24,440.15869140625,440.2805872370219,436.17378507370955,436.98951426235885,61858800
2021-11-26,430.3417663574219,434.96425094373944,429.21660486222436,433.50155816840993,112669600
2021-11-29,435.6205749511719,437.4583119148909,432.92959581507233,435.1236348523177,86268800
2021-11-30,427.1444396972656,435.08612453579684,426.90064804249147,433.1827469437874,148559600
2021-12-01,422.4000244140625,435.68618205628803,422.2031311937479,432.8451797070104,131939200
2021-12-02,428.8697204589844,430.4355669860337,422.22196184931875,422.6157769864965,127637800
2021-12-03,425.1379699707031,431.5888063882985,420.9186571741517,430.52931409962997,137331600
2021-12-06,430.1729431152344,432.04819294676213,425.2691545047344,427.6788574056175,98977500
2021-12-07,439.0710144042969,439.633595102183,430.0416814760553,435.4424103932935,95484700
2021-12-08,440.2336730957031,440.68374339000826,437.7114595944113,439.46484235390875,72238800
2021-12-09,437.261474609375,440.3368838174408,437.0645813487315,438.9491883572712,61272600
2021-12-10,441.3775329589844,441.52755637554407,437.4113979747184,439.9617388281514,77159800
2021-12-13,437.4676818847656,441.20879629669554,437.1863772299923,440.86187964178026,87724700
2021-12-14,434.4578552246094,436.6894070406909,431.54185555192583,434.20470680540546,97264100
2021-12-15,441.246337890625,441.49010093703475,432.00134036114184,434.5141971486355,116899300
2021-12-16,437.355224609375,443.3747615247552,435.80812035524764,443.0934854498481,116568600
2021-12-17,432.7004089355469,437.28267979708494,430.9973478702641,434.2811459384775,135511600
2021-12-20,428.0994567871094,428.4946267975632,424.4863302615028,427.62899715542244,107134800
2021-12-21,435.7020568847656,435.8431890265247,429.3508520744213,431.5149548202637,69806300
2021-12-22,440.0585021972656,440.1714079067417,435.25039016185815,435.44800386801643,58890200
2021-12-23,442.7965087890625,444.2925666264492,440.9523154989883,441.0558028110541,56439700
2021-12-27,449.06304931640625,449.11008378457836,444.12322414632985,444.17025861450196,56808600
2021-12-28,448.6961364746094,450.5215220285828,447.9339942160981,449.4959235413833,47274600
2021-12-29,449.27008056640625,450.28626060152465,447.8022490075834,448.7996209971791,54503000
2021-12-30,448.0280456542969,450.70025247373695,447.56700448030426,449.6934621372565,55329000
2021-12-31,446.89898681640625,448.68672759999293,446.6261409158033,447.53883371212675,65237400
2022-01-03,449.4864501953125,449.61819265083415,445.8545162929149,448.15975083339737,72668200
2022-01-04,449.33587646484375,451.62233155714586,447.4822648058163,450.9072238974489,71178700
2022-01-05,440.707763671875,449.74059423041956,440.6136660037969,448.96903355258615,104538900
2022-01-06,440.2936706542969,443.0035221624816,437.9319546066855,440.2466361867598,86858900
2022-01-07,438.55291748046875,441.4791903967264,437.19799187206786,440.30304168905667,85111600
2022-01-10,438.00726318359375,438.2236562011222,429.62367048499374,435.36328278709937,119362000
2022-01-11,441.9967041015625,442.0908017452963,434.7516162526011,437.74376052174716,74303100
2022-01-12,443.1917419433594,445.24296757937765,441.2346426828555,443.7280727675989,67605400
2022-01-13,437.0851135253906,444.9417931268879,436.0595152339108,444.2925567024861,91173100
2022-01-14,437.263916015625,437.6120514809011,432.7286791584299,433.94247281173614,95890900
2022-01-18,429.5201110839844,432.7851012078921,428.40983354006795,432.5780978764357,109709100
2022-01-19,425.0602111816406,432.45582165960354,424.7873365975809,431.0632797435182,109357600
2022-01-20,420.35565185546875,431.6372638548228,418.2385836592185,426.9420862438029,122379700
2022-01-21,412.1037902832031,421.58824292541317,412.07556385655806,419.23594498974285,202271200
2022-01-24,413.8538513183594,414.36195566976323,395.90112761933347,406.5052754832323,251783900
2022-01-25,408.8011169433594,413.7409421509055,401.9135823339121,407.47441758472695,167997300
2022-01-26,407.7754821777344,417.80568219701877,403.5225099061903,414.68182421507754,186391100
2022-01-27,405.7619323730469,415.50045053402,404.0777079047049,412.3672026513168,149878300
2022-01-28,415.8392639160156,415.88629839154174,402.54407064233396,407.11692430319016,164457400
2022-01-31,423.32891845703125,423.677053931945,413.82562974282484,415.17113717300543,152251400
2022-02-01,426.1893310546875,426.82914917104256,420.5343978995624,424.0534262540882,123155400
2022-02-02,430.32940673828125,431.0539041932423,426.2834369036978,428.5887004556451,117361000
2022-02-03,420.2145080566406,426.208158589354,419.37707621036856,424.30751219871513,118024400
2022-02-04,422.1904296875,426.0293671450485,417.6081293545503,419.97926396514714,118454400
2022-02-07,420.83544921875,424.3450587788941,419.5087499574974,422.95251700944823,84472900
2022-02-08,424.2980651855469,425.2201762493433,418.91600673505786,420.33680377789557,81012000
2022-02-09,430.5081481933594,430.8280572528607,428.1276239352286,428.3252089130967,92589900
2022-02-10,422.7737731933594,430.66806944150386,420.7790293131962,424.67441942143387,140103700
2022-02-11,414.4371643066406,424.9284051506269,413.00697779975184,422.85840063128,153214600
2022-02-14,413.082275390625,415.5098626456239,409.6197001412661,413.9291255162954,123006300
2022-02-15,419.7440185546875,419.9133771021189,416.99652213320917,417.5140448697904,88482700
2022-02-16,420.2145080566406,421.5882420080019,415.8298212683436,417.7022412323989,84863600
2022-02-17,411.23809814453125,420.186247943638,410.63592485416507,417.0341632264874,102259100
2022-02-18,408.57525634765625,412.7435205102697,406.30763817495443,411.4920821949047,132642900
2022-02-22,404.19061279296875,409.7702560003978,400.6997823601273,406.37355193227506,124391800
2022-02-23,397.0208435058594,407.6626367061376,396.45628627766916,407.0980794779474,132578000
2022-02-24,402.99566650390625,403.42850999389174,386.3790593344902,386.73658449661104,213942900
2022-02-25,411.8873291015625,411.97200837339045,402.58162557598797,404.22823397331,121804500
2022-02-28,410.83355712890625,412.3108071724536,405.2539131340016,406.50532304240727,145615000
2022-03-01,404.5763854980469,411.34159579885494,401.8759236906789,409.3374336179091,137785900
2022-03-02,412.01904296875,413.74091213892484,406.0724278778105,406.825151607102,117726500
2022-03-03,409.96783447265625,415.04879163986294,408.17067562721684,414.4466183746847,105501700
2022-03-04,406.63702392578125,407.7661096277124,402.60047290853925,406.2418252656333,113978200
2022-03-07,394.6496887207031,406.7593128666358,394.5838174926232,406.0536235461076,137896600
2022-03-08,391.6575927734375,401.97005852746355,390.59434954887394,394.82848568696517,164772700
2022-03-09,402.1581726074219,404.13410814898197,397.83935806469975,400.0222969242245,116990800
2022-03-10,400.3422546386719,401.2361105228519,395.6000145047704,397.55711352812676,93972700
2022-03-11,395.25189208984375,403.4378710075181,394.7437877372273,402.82627933719436,95636300
2022-03-14,392.36328125,399.46720926881693,391.22477713105775,396.0234704863825,95729200
2022-03-15,400.9914855957031,401.62188528128036,393.69936293232934,394.9695806826798,106219100
2022-03-16,409.8832092285156,409.9396620822366,399.7024567937387,404.49176069614015,144954800
2022-03-17,415.0111999511719,415.0111999511719,407.5967527483876,407.9731146505722,102676900
2022-03-18,419.556640625,419.87754345248976,412.666605461863,413.40280107875645,106345500
2022-03-21,419.4340515136719,421.3877829881189,415.9323761926658,419.3868421211315,88349800
2022-03-22,424.34197998046875,425.27637447242336,420.8214384644653,420.8214384644653,74650400
2022-03-23,418.8770751953125,423.30369655482366,418.79213287032195,421.8124388431465,79426100
2022-03-24,425.1914367675781,425.200884406194,419.7832397355188,420.8969665486931,64736900
2022-03-25,427.2679443359375,427.54166664957455,423.247167191328,425.8238668662759,77101300
2022-03-28,430.3071594238281,430.3071594238281,424.78567604159133,426.6733606985077,68529800
2022-03-29,435.63043212890625,436.12124859322284,431.50584560165987,434.1863544623269,86581500
2022-03-30,432.9404602050781,435.3000658769964,430.8356815763662,434.48834654789084,79666900
2022-03-31,426.2768859863281,432.9970375414447,425.823831381212,432.17589947274035,121699900
2022-04-01,427.48492431640625,427.9945782493482,423.9172027669551,427.85300771241987,89048800
2022-04-04,431.1470947265625,431.2509323439472,426.86207198374484,427.683210068739,59601000
2022-04-05,425.701171875,432.1192876988634,424.5591308094842,429.6558732347616,74214500
2022-04-06,421.4443664550781,423.71902938512,418.5656595556562,421.793612229182,106898000
2022-04-07,423.56805419921875,425.38024389891154,418.6223302828864,420.56664291276263,78097200
2022-04-08,422.4354248046875,425.32357938924946,420.89695753959705,422.8129558921499,79272700
2022-04-11,415.215087890625,420.00979376147524,414.7148526591951,419.1697603481383,89770500
2022-04-12,413.6766052246094,420.71765996000386,412.12869019333453,418.19758861647455,84363600
2022-04-13,418.4147033691406,419.16976564370555,413.25188513631514,413.4312174671857,74070400
2022-04-14,413.20465087890625,419.7549175134308,413.1008132674667,418.64116191799894,97869500
2022-04-18,413.37457275390625,415.05461073103595,411.1470901663332,412.2797123367979,66002500
2022-04-19,420.0474853515625,420.7647857423862,413.10079269782085,413.27067735850744,77821000
2022-04-20,419.7360534667969,422.4354571159878,418.5751460041488,421.8219654514646,65224400
2022-04-21,413.45947265625,424.7383973991878,412.55339229515056,423.3509483444846,85417300
2022-04-22,402.1144714355469,413.478308876768,401.54816044987837,412.374029818299,132471800
2022-04-25,404.4458312988281,404.61571598232445,395.31886452951045,399.87763849644267,119647700
2022-04-26,392.7327575683594,402.11455163658286,392.70444345361744,401.9163240296101,103996300
2022-04-27,393.83697509765625,399.169705902769,391.7039115793856,393.8086609873536,122030000
2022-04-28,403.7851257324219,405.51237307337215,394.1485050200903,398.5751272035263,105449100
2022-04-29,388.863037109375,401.95412552190345,388.11739360908206,399.80216617743,145491100
2022-05-02,391.20367431640625,392.5628092111438,382.2749075321882,388.92901145512707,158312500
2022-05-03,392.99700927734375,395.4037953011167,390.1465874755705,391.7039501067172,100028200
2022-05-04,404.96490478515625,405.53121582781534,390.47692222902697,393.65766562044956,144247900
2022-05-05,390.57135009765625,401.1329469341785,386.44676416954945,400.7082064100307,172929100
2022-05-06,388.2400207519531,391.50570647733946,382.9450801949944,388.01350785652954,151770800
2022-05-09,375.8096618652344,383.5869123846669,374.23343271582064,382.3504814055953,155586100
2022-05-10,376.6779479980469,383.27539519585025,372.6477525173204,381.7746896823651,132497200
2022-05-11,370.6940612792969,381.3500488525497,369.94841780135306,375.71530920049423,142361000
2022-05-12,370.3070983886719,373.57278480387015,363.52086969331447,367.5038855005772,125090800
2022-05-13,379.1602783203125,380.53827982576547,373.3933876739787,374.43161982347493,104174400
2022-05-16,377.6217956542969,381.28390774009296,375.271637959596,377.51798684544667,78622400
2022-05-17,385.3896179199219,385.62557844782094,379.9719446127917,383.70013247510735,83029700
2022-05-18,369.8540344238281,381.1235139294289,368.6176032998475,380.8403727574415,117674500
2022-05-19,367.5888366699219,372.0060407960963,365.3708013679359,366.79601254568104,98510700
2022-05-20,367.7492370605469,374.7336635050742,359.1697150107811,371.1659411793916,131432200
2022-05-23,374.6298828125,375.39439273940906,368.45714636210454,370.7695426186861,76414900
2022-05-24,371.77001953125,372.95924112163084,365.22917116715337,370.5146932699092,91448800
2022-05-25,375.0545959472656,377.0178039870792,369.8823587734453,370.2787563943249,91472900
2022-05-26,382.54864501953125,384.18150224653084,376.07390194163645,376.28154835892093,82168300
2022-05-27,391.9399108886719,392.0531673410909,384.80446634850006,385.0026651402334,84768700
2022-05-31,389.74072265625,393.07248421298215,387.00358624823434,390.3259001664865,95937000
2022-06-01,386.5883483886719,392.86489366619827,384.07772451690533,391.8550043373775,86585800
2022-06-02,393.9502868652344,393.9974674509903,384.1815149003103,386.4278638148007,79609600
2022-06-03,387.4849853515625,390.78843305581245,386.5128290364629,389.2405180200075,71874300
2022-06-06,388.6648254394531,393.21412339545446,387.49444141094756,391.48690467497266,57508900
2022-06-07,392.3929138183594,392.8459684053957,384.7194727728496,385.1819749982957,59272400
2022-06-08,388.1268005371094,392.4684805286195,387.33397652533813,390.6846048993001,64350000
2022-06-09,378.8960266113281,388.61759004588066,378.8960266113281,386.3523744576506,86289800
2022-06-10,367.9096984863281,373.55388552538324,367.86251789521714,372.7044332589276,132893900
2022-06-13,353.9408874511719,360.3684516629825,352.33634390654663,358.51852868963033,170004900
2022-06-14,352.874267578125,356.7157121238985,349.7784664118968,355.6869276147928,104011800
2022-06-15,357.9049377441406,362.3409783554577,351.22251951050276,356.1682429235863,125666800
2022-06-16,346.0596923828125,350.1087829653544,343.63401132773026,349.70293778443306,134473300
2022-06-17,346.8057556152344,350.14245020385545,343.30795986691686,346.474006989018,111113900
2022-06-21,355.5360412597656,356.91999511391333,352.4458155848116,352.5216653163301,76811900
2022-06-22,354.89154052734375,358.9960185982588,350.9007792220965,351.3178660517575,90059400
2022-06-23,358.3703918457031,359.1002793406204,353.46966494173824,357.0243625508475,79292100
2022-06-24,369.7643737792969,369.7738622299875,361.5080041964566,361.53644062032527,98050300
2022-06-27,368.3519592285156,370.9776852889989,367.2618578134948,370.683832618729,66009600
2022-06-28,360.825439453125,372.68391795995,360.7116937770823,369.9065216331798,86548900
2022-06-29,360.5317077636719,362.36118549956745,358.71171848002905,361.37537002434766,65676000
2022-06-30,357.60260009765625,360.83500878132185,353.1568557172421,356.64519222936855,112508300
2022-07-01,361.38482666015625,361.82089046538835,354.33230315393695,356.948570272498,74839700
2022-07-05,362.0672302246094,362.0862071237408,353.4790840960441,356.30389388763615,81438000
2022-07-06,363.2900085449219,365.7735520504945,359.83010948727616,362.2093668453206,70426200
2022-07-07,368.7311706542969,369.52741950591667,363.30907034528104,365.06272708039626,64525900
2022-07-08,368.4278259277344,370.2952282014979,365.5745794315864,367.10071569720793,72397800
2022-07-11,364.218994140625,366.72148571389,363.527002730403,365.7546185718872,58366900
2022-07-12,360.99609375,366.0485198112267,359.251925711996,363.6692331147653,62219200
2022-07-13,359.1002197265625,362.02931552702955,355.1474128412304,355.56449960571507,84224600
2022-07-14,358.2281799316406,359.3087928722651,351.715979081912,354.1521096552973,89704800
2022-07-15,365.0721740722656,365.185919762693,360.72122784420594,362.6265260152687,79060400
2022-07-18,362.0577697753906,368.825898190188,360.8349458407432,368.1528836213448,63203600
2022-07-19,371.84027099609375,372.4090283274704,365.31861090466685,365.97264856832055,78506000
2022-07-20,374.2100830078125,375.62250240338216,370.6648741646818,372.02988023942527,71843800
2022-07-21,378.020751953125,378.06813634762244,371.2336461823122,373.63188089355765,64903900
2022-07-22,374.513427734375,379.33833343517273,372.29530007355766,378.1439748043947,72197300
2022-07-25,374.9683837890625,375.82150523542174,372.7312795602707,375.139002292695,53631500
2022-07-26,370.5321960449219,373.5370840827539,369.64114957187473,373.328540675696,52946400
2022-07-27,380.153564453125,381.8977324950311,373.5275888700464,373.82144153900765,82342100
2022-07-28,384.9215393066406,385.61350177770953,377.4140068493156,380.9592441702565,73966600
2022-07-29,390.53326416015625,391.51910833460266,385.585124244229,386.352936564959,87003700
2022-08-01,389.3768005371094,391.8793213752261,387.1302364241008,387.8411758992656,69997500
2022-08-02,386.8079528808594,391.4906766053588,385.63254218875403,387.8127450392465,63435400
2022-08-03,392.8652038574219,394.0311261963377,388.64695098882254,388.9313152353376,67820600
2022-08-04,392.5998229980469,393.47189271815853,390.9599118866752,392.78938953675487,45656600
2022-08-05,391.9361267089844,392.58070477933853,388.26768427752603,388.3245571114869,56814900
2022-08-08,391.4811096191406,395.8699797901509,390.3815199643233,393.6234160956121,53886100
2022-08-09,389.9266052246094,391.25368644325886,388.8554517997777,390.7512903773344,44931800
2022-08-10,398.11663818359375,398.2588492285253,395.01695232609546,396.96966387104465,68665700
2022-08-11,398.11663818359375,402.81833898357877,397.37726224840134,400.9603962309802,59489700
2022-08-12,404.8563537597656,404.9606110010774,399.10247645360926,400.050395788599,61694500
2022-08-15,406.5246276855469,407.04600061972724,402.5907686609456,402.64764150057266,54048300
2022-08-16,407.3208923339844,409.2451671553258,404.6477532437864,405.45349035046,59289000
2022-08-17,404.4297180175781,407.13129350400095,402.4296224053403,403.7282670715911,63563400
2022-08-18,405.60516357421875,406.2876376325339,403.3396227828059,404.62877901944364,49023200
2022-08-19,400.1546325683594,403.1121358999802,399.2825341593999,402.8467196760706,68016900
2022-08-22,391.8224182128906,395.5003494416631,390.92188337608326,395.329701995395,77695600
2022-08-23,390.8744812011719,393.7846000380237,390.3246718748115,391.3958251809502,49105200
2022-08-24,392.12579345703125,393.49077064865355,389.96453858867704,390.6470127203874,49177800
2022-08-25,397.66162109375,397.70900548583626,392.5238859364247,393.6139873082117,50942300
2022-08-26,384.2011413574219,398.088152311537,384.14426851779484,397.5478603350803,103087000
2022-08-29,381.66070556640625,384.7035180462259,380.3051880764658,381.2531072601776,65370800
2022-08-30,377.4709167480469,383.0541750206006,375.3760233037477,382.81719520790887,85652400
2022-08-31,374.5987243652344,380.3431127380741,374.46603071215685,379.10134082789193,76029700
2022-09-01,375.77423095703125,376.1154680642841,369.7265004007181,372.42807654595646,78740100
2022-09-02,371.8118591308594,380.64647400085363,370.0013297859772,379.4331384469464,99632100
2022-09-06,370.4089660644531,373.5939611226999,368.1908383071308,372.6555302445026,76637400
2022-09-07,377.0633544921875,377.83116684452074,369.87813861226584,370.0961415467539,70964200
2022-09-08,379.52789306640625,379.98287576733065,373.59390963079943,374.79778552612436,80821700
2022-09-09,385.4239807128906,386.28659071940456,381.4995810521483,381.7649972904449,76706900
2022-09-12,389.5664367675781,390.2868647682197,387.18714981782034,387.49049096842776,69256300
2022-09-13,372.6270446777344,382.10623671263886,371.5085069603833,380.90236081015905,122947100
2022-09-14,374.0489807128906,375.5656574561683,370.75021096587693,373.9257465690702,85023700
2022-09-15,369.80224609375,375.3380909362644,368.53203779447915,372.4943332407687,87633800
2022-09-16,366.9811706542969,367.63792422132923,363.69740281913516,365.6296118982591,103084800
2022-09-19,369.8269958496094,369.8269958496094,363.7639505998914,363.84011191988435,73278500
2022-09-20,365.5818786621094,367.51405803281153,362.8311539935767,366.50513850212155,77274900
2022-09-21,359.2048034667969,370.5504007332188,359.19527603958755,367.504586823731,106746600
2022-09-22,356.1875,360.0708846733697,355.44508694272207,358.4337649769324,89472600
2022-09-23,350.2197265625,352.76105188849385,345.7842729569001,352.7229712221048,122346900
2022-09-26,346.7550354003906,352.37072699861113,345.53671576875286,348.753848761664,92581200
2022-09-27,345.8698425292969,352.5515599107997,343.48078239742836,350.2862401271678,108294100
2022-09-28,352.67535400390625,354.3600529595543,345.127482081543,346.8217084645166,110802200
2022-09-29,345.30828857421875,349.4200991606359,342.367189530678,349.1345668445761,112952300
2022-09-30,339.9686279296875,348.2779675279083,339.8353891876637,344.36600021604005,153711200
2022-10-03,348.9441833496094,350.79070306991537,341.9007722856018,343.6806581182504,89756500
2022-10-04,359.7568054199219,359.7853586515844,348.90614168269303,354.4551993806732,103602800
2022-10-05,358.9192199707031,361.17501250579096,353.07510228982494,355.397528717206,88065700
2022-10-06,355.2167053222656,360.47070383972516,354.72174385776447,357.5200770483229,82333500
2022-10-07,345.30828857421875,355.3023262947486,343.5474284997668,351.19048666130027,107789500
2022-10-10,342.6717834472656,346.65988314467035,340.43504562807703,346.42192984075376,76042800
2022-10-11,340.5015563964844,345.53665504932576,338.56937726442624,340.97746287282405,92482800
2022-10-12,339.37847900390625,342.48139902682294,339.1309983011124,340.91091321016154,76991800
2022-10-13,348.3350830078125,349.8008834901985,331.3356839052994,332.3826842498608,147254500
2022-10-14,340.3969421386719,352.4183468938871,339.7592145462475,350.7907254903841,123737000
2022-10-17,349.14410400390625,350.24821073516875,340.0637984886666,346.4695113964719,93168200
2022-10-18,353.2464294433594,357.35826934412756,349.81036876588746,357.0536821558411,97162900
2022-10-19,350.7431335449219,353.9317132956456,347.9352732315164,351.2095126771094,79746900
2022-10-20,347.80206298828125,354.7122360773966,347.0405950042413,350.2958089110657,88283100
2022-10-21,356.25421142578125,356.7396164612049,346.02221835785116,347.5260706048134,131038400
2022-10-24,360.61346435546875,361.74612439325887,355.13101099924324,357.77707959447656,85436900
2022-10-25,366.3719787597656,366.6860643599622,360.4231457883191,360.53735873384517,78846300
2022-10-26,363.6116638183594,368.9037428227225,362.97396524839513,363.23094435236135,104087300
2022-10-27,361.6699523925781,366.44804370025827,361.0512506396155,364.61105138754175,81971800
2022-10-28,370.27435302734375,370.75025961760167,361.3844214069697,361.5652682350303,100302000
2022-10-31,367.5997314453125,369.6842044707059,366.69552642305183,367.81865891657014,96631300
2022-11-01,365.9911804199219,371.5783479860967,364.8204688405162,371.34039469961164,85407600
2022-11-02,356.8061828613281,369.9031408055681,356.70149735976,365.4010542504777,126990400
2022-11-03,353.1322021484375,356.16848838692556,351.0191758170607,353.5700280593983,87100100
2022-11-04,358.2149353027344,360.61349432188257,352.170915138916,358.8336081280306,103505200
2022-11-07,361.6413879394531,362.2315073959389,357.4343613850076,359.5093069084671,68286900
2022-11-08,363.5926208496094,366.5622732100706,359.5188617569453,362.745493209243,84641100
2022-11-09,356.1018371582031,362.77405623568103,355.60687575970667,361.62234147920316,78495500
2022-11-10,375.671142578125,376.00428299719744,367.0572450041489,369.35108918360226,141455800
2022-11-11,379.3070983886719,380.1066180137116,374.64319033872147,376.5277909851231,93839900
2022-11-14,376.0804443359375,380.89661702699635,375.80441036199727,377.5462448649226,71903500
2022-11-15,379.2880859375,382.92401984243446,375.48083260383993,381.8199128900285,93194500
2022-11-16,376.3946228027344,378.6123352567277,375.7664224694947,377.660521851281,68508500
2022-11-17,375.2427978515625,375.91860608551974,371.34038726892305,371.6449453937852,74496300
2022-11-18,376.9465637207031,378.64078997970154,374.10065167393867,378.57415608736795,92922500
2022-11-21,375.57598876953125,376.746729530004,373.73899615884227,375.62359686049797,51243200
2022-11-22,380.63006591796875,380.79188693120494,376.1089535381112,377.5176474312929,60429000
2022-11-23,383.0285949707031,383.51399984204585,380.0684414769768,380.29686729878506,68261600
2022-11-25,382.9429931640625,383.49506108811516,382.1910816475926,382.46708656258517,30545400
2022-11-28,376.83233642578125,381.4962149118125,376.0708685003482,379.8590951809206,67881600
2022-11-29,376.1851806640625,378.1554121174717,374.34815892103285,376.96564549358453,52310000
2022-11-30,388.0352783203125,388.0352783203125,374.51954552497676,376.43267069900065,144566700
2022-12-01,387.7497253417969,390.2434716595096,385.24645159557684,389.0727307875974,76398200
2022-12-02,387.30230712890625,388.20651222768515,382.76216868711776,382.86685419503635,85342700
2022-12-05,380.3350524902344,385.4177317516839,378.9834939436765,384.48497335823737,77289800
2022-12-06,374.85260009765625,380.7157732131678,372.76815579992063,380.1732617355015,77972200
2022-12-07,374.21484375,376.5753507067164,373.0821838315825,374.0054437050733,65927900
2022-12-08,377.14642333984375,378.212449392276,374.3195371968257,376.0994521400108,60737900
2022-12-09,374.3290710449219,378.45993659247966,374.205330689029,375.9090843451082,81447700
2022-12-12,379.7258605957031,379.7258605957031,374.4528077117335,375.119059475854,75405800
2022-12-13,382.6003723144531,390.7098107273862,379.8401197057134,390.45283160745686,123782500
2022-12-14,380.1541748046875,385.9602409589763,377.21307559103866,382.257673780074,108111300
2022-12-15,370.8550109863281,376.20419694431035,369.19886518287717,375.2999627142446,117705900
2022-12-16,366.4765930175781,369.6415593936089,364.34432159505855,368.302907769073,119858000
2022-12-19,363.3690185546875,367.0025351167428,361.70526779936387,366.6678648941245,79878100
2022-12-20,363.8663024902344,365.4822559399263,361.2941649486737,362.61370366432016,74427200
2022-12-21,369.30694580078125,370.4352358837999,365.92204637130624,366.4575070608886,78167400
2022-12-22,364.038330078125,369.28777027212345,358.34902428686854,366.2662256920997,100120900
2022-12-23,366.1324157714844,366.2758375341586,361.46623322301946,363.0152466207401,59857300
2022-12-27,364.6885986328125,366.36192075609665,363.0152765095284,366.01770849733794,51638200
2022-12-28,360.1562194824219,366.59134742365524,359.92674469166934,364.6215818081712,70911500
2022-12-29,366.63922119140625,367.50935219451696,362.47024348311885,362.99616222851824,66970900
2022-12-30,365.67340087890625,365.8168226274327,361.8486652893112,363.9618527124626,84022200
2023-01-03,364.1339416503906,369.4981190554035,361.2749320892196,367.52838265402187,74850700
2023-01-04,366.94512939453125,368.9722345195995,363.34986872415914,366.3905264117615,85934100
2023-01-05,362.757080078125,365.10928447945327,362.1642506841692,364.9945470716449,76970500
2023-01-06,371.07586669921875,372.1946147969525,362.7857679206914,365.845539153224,104189600
2023-01-09,370.865478515625,376.44961824670435,370.6838304181261,373.26550947515705,73978100
2023-01-10,373.4663391113281,373.53327899556643,369.34518834804146,370.28225918611713,65358100
2023-01-11,378.18988037109375,378.26639143115705,374.231293835196,375.04405606095594,68881100
2023-01-12,379.5667419433594,381.0297021014003,375.2256881711222,379.2894696301709,90157700
2023-01-13,381.03936767578125,381.61308397762616,376.10545416859213,376.3731845520633,63903900
2023-01-17,380.3412780761719,382.6935115955875,379.6623956443495,381.0201896884126,62677300
2023-01-18,374.3363952636719,382.58826631918953,374.1356048315,381.5269162830095,99632300
2023-01-19,371.6112976074219,373.9443593060729,370.2917592534764,372.2997219516563,86958900
2023-01-20,378.5341491699219,378.68714212069887,371.36276874212075,373.00740648744664,91806400
2023-01-23,383.0759582519531,385.0074392135379,378.3810918291715,379.3372757234957,84178800
2023-01-24,382.664794921875,383.57315208650715,380.21696655885887,381.4026252152029,59524900
2023-01-25,382.80828857421875,383.14295882633485,376.31579073268307,378.6010846087599,84800300
2023-01-26,387.0154113769531,387.1779754700334,382.5022224600164,385.4663982164665,72287400
2023-01-27,387.9046630859375,390.2760095744735,385.762820567528,385.97318218490153,68346200
2023-01-30,383.0377197265625,387.37880296998725,382.7413050405992,385.1508780562935,74202000
2023-01-31,388.6696472167969,388.7174447402499,383.20981606709955,383.5540574493801,86811800
2023-02-01,392.80035400390625,395.54462644508357,384.7206171548962,387.45528923844535,101459200
2023-02-02,398.51837158203125,399.981331954011,394.7892597691829,396.6824854385565,101654500
2023-02-03,394.2825012207031,398.70006688935706,393.0776999727351,393.5557920006054,94736800
2023-02-06,391.8728332519531,393.26888274999055,390.21865378736663,391.8346069060138,60295300
2023-02-07,396.9979553222656,398.24098259343725,389.7118394155706,390.9548666867422,90990700
2023-02-08,392.65692138671875,396.3669196696717,391.9684677962696,395.02826801613645,76227500
2023-02-09,389.2528991699219,396.40516522520073,388.028984948847,396.25217230001425,78694900
2023-02-10,390.1612854003906,390.54375312300726,387.26404936045475,388.07678232835883,70769700
2023-02-13,394.7414245605469,394.8753043260224,390.352543539111,390.8115223602018,64913500
2023-02-14,394.55975341796875,396.86413102531327,390.61070909281807,393.2210725630297,88389300
2023-02-15,395.84100341796875,395.9174852871057,391.52860488743005,392.3700513500147,61555700
2023-02-16,390.3907470703125,394.8178830322616,390.25689650308516,390.87841017898984,76431500
2023-02-17,389.41552734375,389.6545733573568,386.3461555191352,388.2680948062688,89257800
2023-02-21,381.6033935546875,386.45125247879577,381.34523443071777,385.3994444508215,82655900
2023-02-22,381.0775451660156,383.55405800104023,379.624126941612,382.01458672604707,83742300
2023-02-23,383.10467529296875,384.5772067863999,378.88790045751995,383.96523503521115,96242400
2023-02-24,379.01220703125,379.84408241701556,376.39227228887677,378.0942785897589,108194400
2023-02-27,380.3030700683594,383.7070827492521,379.36599925020045,382.3492886397092,80444700
2023-02-28,378.8974609375,381.78512595829335,378.79226552930106,379.82496053517093,96438600
2023-03-01,377.44403076171875,379.30860107550785,376.1436346387775,378.0846868266854,99706800
2023-03-02,380.3794860839844,381.22093252105213,375.13958820432623,375.47425838003477,85127800
2023-03-03,386.4800109863281,386.7286281625777,381.54609807414363,382.1962961869598,90120000
2023-03-06,386.74774169921875,389.5971805098177,386.30790523195174,387.3023155770407,72795900
2023-03-07,380.8193359375,386.9389359941927,380.2073934400801,386.69989002886615,108310600
2023-03-08,381.44091796875,382.1962822868647,379.21299300204765,380.93414163742426,74746600
2023-03-09,374.4033203125,383.8886762938207,373.41845218171284,382.22489666616246,111945300
2023-03-10,369.0009460449219,375.93327957719293,367.4806170891498,373.8583475978051,189253000
2023-03-13,368.4750671386719,373.2847008664306,363.9714484870125,365.08062547353046,157790000
2023-03-14,374.56591796875,376.21055539266825,370.0909552792131,373.38980130348455,149752400
2023-03-15,372.2232666015625,372.4240570496017,366.89731528704147,368.98181836154816,172996900
2023-03-16,378.7540283203125,379.09826973239205,369.364323664859,369.8711000150825,143254200
2023-03-17,374.32537841796875,378.5582467760813,372.943216125859,377.42565051475987,140553400
2023-03-20,377.9247131347656,378.33746367070916,374.40214170963634,375.1028011958168,93055800
2023-03-21,382.88702392578125,383.3669404738883,379.6907633119906,381.28408976671983,91524200
2023-03-22,376.3601989746094,386.3232727268631,376.3218267349629,382.71431965042825,111746600
2023-03-23,377.377685546875,383.25186087562724,374.6709485097319,379.2205491483167,119351300
2023-03-24,379.85400390625,379.94038538264834,373.7590569871103,376.10105243097433,107682400
2023-03-27,380.5643005371094,382.8967177472465,379.671662586895,382.12883352250185,74010400
2023-03-28,379.7099609375,380.5641971213973,377.87667629457644,379.8731161528176,62871700
2023-03-29,385.22906494140625,385.4690232440617,382.6662973806607,383.8660888939379,77497900
2023-03-30,387.4847106933594,388.10859647318574,385.62263176835995,387.8590304445402,69840000
2023-03-31,392.9461364746094,393.24368242982905,388.30051790737826,388.4061147934353,112062600
2023-04-03,394.4434814453125,394.84659500245755,392.03429064106433,392.4278257842298,67391100
2023-04-04,392.2550354003906,395.3744932102715,390.8824517022873,395.0865256835199,66601500
2023-04-05,391.2279968261719,392.2838191469049,389.577082640603,391.52554275858984,65200200
2023-04-06,392.75408935546875,393.03244914257624,389.3850659655968,390.43128047849984,63743300
2023-04-10,393.1572265625,393.23402961478297,389.66344926995697,390.2777272293107,63681000
2023-04-11,393.2628479003906,394.6641961280183,392.4949930804865,393.78116601430696,59297900
2023-04-12,391.659912109375,395.61444936283374,391.0744279375137,395.3264818376402,86420400
2023-04-13,396.86224365234375,397.21737725795947,391.60234704835096,392.7445509263928,85814800
2023-04-14,395.8927917480469,398.4171577397506,393.58919793642514,396.22873922494233,78161500
2023-04-17,397.31329345703125,397.332479572913,394.57776341721416,395.8063485445851,66436400
2023-04-18,397.5725402832031,399.0218979297028,396.1999857035815,398.8875072085601,63560000
2023-04-19,397.5053405761719,398.4075568472331,395.60486027089866,395.6624479202901,55227300
2023-04-20,395.33612060546875,397.08302413683805,393.79077385332334,394.69301944461137,75840400
2023-04-21,395.6432800292969,396.10398124565415,393.6948196903557,395.63367232336066,73457400
2023-04-24,396.0559997558594,396.47832873039835,394.1075394245126,395.44169241406223,64332100
2023-04-25,389.76904296875,394.6450119030647,389.7114553215701,394.088292257947,97766700
2023-04-26,388.11810302734375,391.4583328014488,387.56141271088387,390.3833244029181,80447000
2023-04-27,395.8448181152344,396.11357024267807,390.40255091976803,390.65211692803183,92968400
2023-04-28,399.223388671875,399.2329963765921,394.904139565875,394.9617272106124,89433100
2023-05-01,398.82037353515625,400.84560788880884,398.58999360759657,398.78197199859795,62122300
2023-05-02,394.3378601074219,398.1580067083917,391.43917444922255,398.1099974743272,103998500
2023-05-03,391.631103515625,397.2461331896153,391.3911452329056,394.83694265774216,91531800
2023-05-04,388.8572692871094,390.91129731617235,387.5230869408355,390.58495750937874,94901900
2023-05-05,396.0559997558594,397.102214486308,392.2262744508848,392.48541888407567,87891800
2023-05-08,396.1615905761719,396.64150723066325,394.76024214675766,396.3823627822816,50046800
2023-05-09,394.42425537109375,395.53766541370464,394.1939047732381,394.61623373049684,49220100
2023-05-10,396.2671203613281,397.8892407221348,392.44697389350114,397.2557473304781,96142900
2023-05-11,395.5760498046875,395.8639880395315,393.5028066384593,395.4032868637811,70157100
2023-05-12,395.0577697753906,397.0254455424627,392.63900049417026,396.8142810526254,70481500
2023-05-15,396.4207458496094,396.82385941720236,393.75241054660967,395.66246936913564,54289400
2023-05-16,393.7716064453125,396.2383850257728,393.7619987390595,395.31692397910456,57705500
2023-05-17,398.5515441894531,399.1562144912637,394.14591338269895,395.78721992832476,87287000
2023-05-18,402.3908996582031,402.8132286270494,398.0140624281471,398.23480532655367,97177200
2023-05-19,401.805419921875,403.8210757531866,400.5864421499419,403.2931791436521,103793300
2023-05-22,401.9685363769531,403.50427528786696,400.586374286309,401.8245672616326,60745400
2023-05-23,397.4573059082031,401.90133808318683,397.06377080135275,400.3271976557855,86383500
2023-05-24,394.5777893066406,396.2383111304324,393.41639944632345,395.8543837451471,89213700
2023-05-25,397.994873046875,399.44423070710803,395.84485582251955,398.0812545290906,90961600
2023-05-26,403.1491394042969,403.86901432087706,398.5707454798897,398.6475192492727,93830000
2023-05-30,403.30267333984375,405.60626696953454,401.9205113036728,405.0783704702366,72216000
2023-05-31,401.06634521484375,402.3813121326053,399.5018122688516,401.47906649861943,110811800
2023-06-01,404.8768615722656,405.9326839874396,400.0489015795839,401.2966730663804,88865000
2023-06-02,410.7318115234375,411.51885243910056,406.92127277329087,407.4491692853337,91426200
2023-06-05,409.9447937011719,412.3635629860605,409.2441048720611,411.0773899248413,65460200
2023-06-06,410.8374328613281,411.3653294424387,408.87936479133043,409.5320736758542,64022200
2023-06-07,409.41680908203125,412.36350381538136,408.99448016231673,411.2309077542299,85373300
2023-06-08,411.8932189941406,412.344341762355,408.71617349799953,409.4840283285931,61952800
2023-06-09,412.63226318359375,414.63831094166113,411.6436362158996,412.689850828952,85742800
2023-06-12,416.3756408691406,416.4524439304632,412.89147087099775,413.61134578902306,76104300
2023-06-13,419.1207580566406,419.76382988102273,417.1722978814529,417.8345851160925,95899700
2023-06-14,419.619873046875,421.4243641568749,416.1740753599218,419.45671780561304,100612100
2023-06-15,424.8221435546875,426.069914890404,418.70801128446885,418.80397116276845,110303100
2023-06-16,423.37518310546875,427.3732818174655,422.90312715218045,426.80488011436864,114165800
2023-06-20,421.1786193847656,422.32506614292663,419.1073181445954,421.4387558395076,76160400
2023-06-21,419.02056884765625,420.9955241203809,418.43288044222425,420.19591625792975,76982300
2023-06-22,420.5331115722656,420.6390713007603,417.72961825633774,418.06681362984074,70637200
2023-06-23,417.3538818359375,419.13617505158805,416.6409763099136,417.0841314152319,92074500
2023-06-26,415.6486511230469,418.70260790321004,415.4078014980868,416.7854542967168,72823600
2023-06-27,420.2055358886719,420.82209563920264,416.07254809930254,416.52534656947205,72813700
2023-06-28,420.4175720214844,421.4291288943605,418.51003201482644,419.1265918933675,75636000
2023-06-29,422.07452392578125,422.2383146152685,419.59861200085055,420.0032229268465,67882300
2023-06-30,427.0553894042969,428.0380455282395,424.96480121636677,425.2827392627515,104964000
2023-07-03,427.54669189453125,427.82605633249915,426.4291459408796,426.70853977944085,32793400
2023-07-05,426.91082763671875,427.6430199831629,425.7258367708566,425.7354801650757,58418400
2023-07-06,423.5678405761719,423.991738320798,421.06299828536083,423.3366343156822,80658300
2023-07-07,422.4984130859375,426.43873894163033,422.25756345371417,422.57550143257924,86134200
2023-07-10,423.5678405761719,423.7412452715391,421.57359837767063,422.1420000351028,62443500
2023-07-11,426.26531982421875,426.7566624993896,423.3558667490492,424.32890870557475,64463800
2023-07-12,429.695068359375,431.10165159958825,428.6257099376319,430.0515505672172,91924500
2023-07-13,433.10546875,433.89546265173254,431.07271183277675,431.50622355890425,72425200
2023-07-14,432.835693359375,434.83954937929775,432.0746002832751,433.99178336356243,69815800
2023-07-17,434.3385925292969,435.3886934056767,432.6430016974079,432.6911892645716,52680200
2023-07-18,437.5660095214844,438.2114701147798,433.5775252322227,434.0110663595222,80668200
2023-07-19,438.5390930175781,439.72405458332963,437.48896257877516,438.35604491544507,65891700
2023-07-20,435.6295471191406,438.44268380742795,434.9166416038705,437.54673021651973,70591600
2023-07-21,435.6295471191406,437.54673021651973,435.6199331260899,437.34439535359957,71275600
2023-07-24,437.57562255859375,438.38487379289774,435.7451418375123,436.77598531715506,54023400
2023-07-25,438.77032470703125,440.0227313093904,437.25778162836633,437.30596920574715,55191200
2023-07-26,438.83770751953125,440.263518637083,436.7856637889011,437.83576473919794,71052900
2023-07-27,435.9281921386719,442.62382369326946,435.0225951669556,442.2191833737535,92194400
2023-07-28,440.19610595703125,441.0246146496096,435.92822776892785,439.1941631701477,80011800
2023-07-31,441.0342712402344,441.39072403261815,439.35793761574195,440.6681750532694,62040400
2023-08-01,439.7722473144531,440.51405372612544,438.81846261305157,439.56991241987384,55291500
2023-08-02,433.6546325683594,436.9205386548979,432.9031828085776,436.66043160748643,93933400
2023-08-03,432.41180419921875,434.29044314301314,430.995607146359,431.6410971149184,64276100
2023-08-04,430.4561462402344,436.3232404604835,429.9359027397443,434.2230384704291,100128900
2023-08-07,434.2134094238281,434.36755674020003,431.5929638466943,432.28661207007076,58357500
2023-08-08,432.3250732421875,434.20371206163696,428.97243590614755,431.6795833163524,71361300
2023-08-09,429.4349670410156,432.75870428928835,428.6738738420237,432.59491357535535,78789600
2023-08-10,429.58905029296875,435.1671361209915,428.4233462814403,431.7855978075418,93005500
2023-08-11,429.3385925292969,430.3501787286785,427.1227874459535,427.72008989099777,68690900
2023-08-14,431.7085266113281,431.7085266113281,428.1150686990038,428.4233633029166,47867400
2023-08-15,426.6796569824219,430.292402044995,426.1112258867205,429.935919835655,75707500
2023-08-16,423.5486145019531,427.9224233894094,423.4426253576642,426.26537646534126,80107200
2023-08-17,420.32122802734375,425.2730820684876,419.8009844959738,425.0129750031002,95711300
2023-08-18,420.52349853515625,421.5543421169173,417.1612467523088,417.5080561439708,98852000
2023-08-21,423.259521484375,424.0013277942752,419.38666984217986,421.53502982303786,68719000
2023-08-22,422.1130676269531,425.0321640493009,421.5543094057689,425.0321640493009,64994200
2023-08-23,426.814453125,427.431042301619,423.0283039267051,423.17280782729074,68441000
2023-08-24,420.8992614746094,428.9243595057039,420.87033128977225,428.4137593836846,88517300
2023-08-25,423.866455078125,425.14776219480035,419.07836317797603,422.62366273446645,102325100
2023-08-28,426.55438232421875,427.1709421526019,423.8664919427265,426.05339622552776,61595400
2023-08-29,432.7201232910156,432.999517120143,426.26534084235647,426.4483889303442,83081900
2023-08-30,434.5024108886719,435.1382574911251,432.35402143192493,433.05731299234867,69053900
2023-08-31,433.8665466308594,436.2557562391773,433.6834985527266,435.1189529964718,66084600
2023-09-01,434.67578125,437.06502016743536,433.2210400744053,436.5833209067049,58944100
2023-09-05,432.79718017578125,434.55057269413254,432.72976461783867,434.23266409054196,55166200
2023-09-06,429.8877258300781,432.093916863234,427.56593166865076,431.9879277285903,70758500
2023-09-07,428.56793212890625,429.2422936014499,426.54478891008307,426.89159834157476,70355400
2023-09-08,429.21331787109375,430.74511806057524,428.2595627004295,428.6160154651993,61659700
2023-09-11,432.03607177734375,432.344336954817,430.12853215124545,431.8337369226589,60180100
2023-09-12,429.6661682128906,432.11320909412444,429.08815252492514,430.59105211482444,67565400
2023-09-13,430.1671142578125,431.3231749266096,428.78943192828973,429.8877204342684,60199300
2023-09-14,433.8760986328125,434.5697466717378,431.3327420904775,432.63333583853574,83430800
2023-09-15,428.64874267578125,432.62229333118586,428.21370176743056,432.2935859212208,111848900
2023-09-18,428.900146484375,430.1956508895868,427.86566664070887,428.3393877167999,55752200
2023-09-19,428.0106201171875,428.57137880593234,425.3326034960519,427.981617392204,66514600
2023-09-20,424.0757751464844,429.68318495179983,423.8727265693422,429.2674693964477,82562600
2023-09-21,417.0665283203125,421.4944451347644,416.9118372759941,421.2334205936458,104095800
2023-09-22,416.12872314453125,419.6865285568745,415.71297806578804,418.09131961695476,100829700
2023-09-25,417.87860107421875,417.9172517040119,414.485134786977,414.920205158679,70874500
2023-09-26,411.7393798828125,415.54856120938774,410.90791938551405,414.84278900272807,96168400
2023-09-27,411.9037780761719,413.4700137261174,408.2686420542666,412.90925504168933,104705800
2023-09-28,414.29180908203125,415.96437838949197,410.7630061946947,411.3527676631777,92258300
2023-09-29,413.28631591796875,417.5112133076614,411.7684378270295,417.3371969608053,115111300
2023-10-02,413.1219482421875,414.3691244055631,410.36657139466814,412.454856073705,83798600
2023-10-03,407.59185791015625,413.1799422139496,406.22867088652805,410.94664397430034,103760600
2023-10-04,410.5599365234375,411.30435944495287,406.59606370497346,408.0559363281981,87453000
2023-10-05,410.4052429199219,411.2463514179395,407.1858225474584,410.269877205424,70142700
2023-10-06,415.2779541015625,416.81515765208843,406.63478734252965,407.95929439211045,113273300
2023-10-09,417.93658447265625,418.5069910271343,412.8318987010215,413.3829504373266,80374400
2023-10-10,420.1119384765625,422.70294712015226,418.1686672417201,418.5650575162268,78607300
2023-10-11,421.83282470703125,422.08417183466213,418.797068320578,421.17540990507433,62451700
2023-10-12,419.2611389160156,422.8189443567332,416.91182957643576,422.4419089154139,81154200
2023-10-13,417.1728210449219,421.9584770278049,415.60661494268294,420.7596289275812,95143100
2023-10-16,421.5621032714844,422.6255856986061,419.1741138914331,419.4158131019472,75433200
2023-10-17,421.542724609375,423.59235858221746,418.09128250171426,418.43931518310666,75324700
2023-10-18,415.9256896972656,420.73067151213604,414.84288188055683,419.77355201420596,93559800
2023-10-19,412.2711486816406,418.44899434083845,411.5944086302288,416.64108906158174,121323000
2023-10-20,407.20513916015625,412.37750784711915,407.0987761718527,411.83610400929126,123919900
2023-10-23,406.4993896484375,410.35692908932583,403.92770652261123,405.67760643648245,92035100
2023-10-24,409.56414794921875,410.7146385432617,406.7700909338865,408.61667642933105,78564200
2023-10-25,403.68603515625,407.9109624071266,403.17363397769196,407.8819596802007,94223200
2023-10-26,398.8520202636719,403.47330792914914,397.9335809780985,402.6225515026816,115156800
2023-10-27,397.0440979003906,400.83395429205797,395.6229054415524,400.43756406837696,107367700
2023-10-30,401.7911071777344,402.84491222424634,398.53300645045545,399.82851071417565,86562700
2023-10-31,404.3144836425781,404.63351364420447,400.4569438698378,402.36153498192397,79665200
2023-11-01,408.6263122558594,409.4384179741357,404.7494479004914,405.2812038082296,98068100
2023-11-02,416.45745849609375,416.61214954670544,412.3968995543654,412.41622487157895,94938900
2023-11-03,420.2569274902344,421.80380835994043,418.63271585397734,418.75840416588386,100167800
2023-11-06,421.2237548828125,421.66847320739254,419.28048362094427,421.01105837900457,67831700
2023-11-07,422.4225769042969,423.060666420668,420.0829448485705,421.2237581486123,64256100
2023-11-08,422.7318420410156,423.54394769961874,420.4308612561604,423.0218692389836,61746000
2023-11-09,419.4351501464844,423.91142437106953,419.00975716373983,423.8727442351021,83174400
2023-11-10,425.9803771972656,426.28975929301595,419.4254952530958,421.50413223667414,89462200
2023-11-13,425.57427978515625,426.6764127794683,423.86306009469695,424.64616313137293,52236100
2023-11-14,433.83074951171875,435.1165763059157,431.2783917339626,431.50076562505876,97176900
2023-11-15,434.74920654296875,436.3927730128096,433.8984205823122,435.16492211328534,77327600
2023-11-16,435.28094482421875,435.59997479434537,433.24098818272,434.30447059030485,66665800
2023-11-17,435.82232666015625,436.43141334936854,434.3721314970017,435.29057073108856,83133200
2023-11-20,439.1771545410156,440.0182630951851,435.5613141930735,435.57099160312566,69936200
2023-11-21,438.2200012207031,439.0514618608499,436.9534996970191,438.13299304399567,49244600
2023-11-22,439.9118957519531,441.22675482120695,438.8194400859089,439.8732451207241,59394900
2023-11-24,440.1826171875,440.3759883694041,439.63156537724313,439.96027278304024,29737400
2023-11-27,439.38983154296875,440.36627627306393,439.00308920962266,439.55417048077294,50506000
2023-11-28,439.8249206542969,441.12042500107185,438.4424081242647,439.00313736224456,62115000
2023-11-29,439.5154724121094,443.10230972873876,439.1191116939092,441.97114450802434,63146000
2023-11-30,441.2460632324219,441.59412543023933,438.28766732031204,440.35662667945024,79752700
2023-12-01,443.8564147949219,444.38814123082403,440.0472330596215,440.6369649429203,89183400
2023-12-04,441.5264892578125,443.87579870037587,439.25451058722007,440.4726841519421,72430900
2023-12-05,441.4394226074219,442.3965419933345,439.7668535301099,440.14391844231596,69793500
2023-12-06,439.6605529785156,443.60507121667763,439.225482586349,443.57606849081975,69124700
2023-12-07,443.0153503417969,443.6630877368815,441.13976201140014,441.73917136361564,66995400
2023-12-08,444.9198913574219,445.4516177863762,442.02914891320626,442.2708481089666,83194400
2023-12-11,446.6504821777344,446.8245280398024,444.21416465607524,444.4268611503367,65002200
2023-12-12,448.6903991699219,448.78708475043413,445.30661038207074,446.30240990232363,68327600
2023-12-13,454.8779602050781,455.1293368508186,448.7097910080703,449.067501155131,93278000
2023-12-14,456.33782958984375,458.00072149405844,453.6694606145386,456.8115506454331,119026000
2023-12-15,455.5863952636719,456.9163018501235,453.7420397034311,455.7417134699126,141553700
2023-12-18,458.1491394042969,459.12957270241793,456.13006180277284,457.1881393985243,70375300
2023-12-19,460.93511962890625,461.01279355520546,458.6151220933891,458.6927663957653,55761800
2023-12-20,454.54779052734375,461.96405036999886,454.1206728290634,460.0808576886502,102921000
2023-12-21,458.85772705078125,459.1295265010188,455.1107457468796,457.5278204873464,86667500
2023-12-22,459.7799377441406,461.4592882220052,457.8870580411275,459.98377994700513,67160400
2023-12-26,461.7213439941406,462.62410332069675,460.1099508863103,460.1876248035588,55387000
2023-12-27,462.55615234375,462.7017539013479,460.98359627385656,461.51747852635486,68000300
2023-12-28,462.73089599609375,463.5656980482324,462.31349497002446,462.9153345190397,77158100
2023-12-29,461.39129638671875,463.060930093317,459.44014657654174,462.53673484415077,122283100
2024-01-02,458.8092041015625,459.7993540123723,456.7124526493962,458.3335624378489,123623700
2024-01-03,455.06231689453125,457.39203118698566,454.4604772449057,456.65427697187073,103585900
2024-01-04,453.59649658203125,457.1687269140432,453.3732210773095,454.5866169474703,84232200
2024-01-05,454.21771240234375,456.6639075045455,452.77132456262234,453.80028176128866,86118900
2024-01-08,460.7021179199219,460.84771948944723,454.5865853845721,454.71278328613425,74879100
2024-01-09,460.003173828125,461.02241437904433,457.54726208619434,458.05202403896755,65931400
2024-01-10,462.604736328125,463.4686883884697,459.99350610212235,460.275022232607,67310600
2024-01-11,462.4008483886719,464.1190060691037,458.43062113494074,463.6045274671268,77940700
2024-01-12,462.72119140625,464.58498035155515,461.3136700813151,463.8472262405501,58026400
2024-01-16,461.02239990234375,462.65319658217305,459.207164709733,461.3427529504032,85014900
2024-01-17,458.4598083496094,458.94516670999695,456.1106608508071,458.0035703058881,68843900
2024-01-18,462.5367431640625,463.09005873569527,458.58594911701266,460.12938495584103,91856200
2024-01-19,468.30279541015625,468.5843115147551,462.5852901238366,463.66277131466796,110834500
2024-01-22,469.29302978515625,471.01118778689147,468.6426365209948,469.8366288012055,75844900
2024-01-23,470.6616516113281,470.9043307691421,468.7493682867175,469.836566173897,49945300
2024-01-24,471.1761779785156,474.45717543420074,470.68110299788805,473.525295727068,81765000
2024-01-25,473.73883056640625,474.0106300348732,471.1761540957068,473.30199623812143,72525000
2024-01-26,473.1369934082031,474.79691054106985,472.29247468488353,473.3117152908374,76641600
2024-01-29,476.8838806152344,477.0295117882454,472.9039666950393,473.44756556093665,61322800
2024-01-30,476.51507568359375,477.2236798269538,475.7578883130134,476.1947226231299,58618400
2024-01-31,468.7396545410156,474.75807991768903,468.7202212489611,474.31155855924624,126011100
2024-02-01,474.8746032714844,474.90372358641025,469.6327095934461,470.43842101293257,91891600
2024-02-02,479.873779296875,481.5239798187347,474.971642466127,475.31139921660196,99228200
2024-02-05,478.1264343261719,479.9028622372628,475.8743943997294,479.24278207992484,75757100
2024-02-06,479.5146179199219,479.84465802363434,477.6411122849623,479.0680669349689,55918600
2024-02-07,483.5139465332031,483.93134756331705,480.8541628931194,481.75695184930976,70556500
2024-02-08,483.7275390625,484.10610316011065,482.69858176017516,483.51398020972,52343600
2024-02-09,486.5231628417969,486.95996752942966,483.89249957484776,484.2322563033971,63979400
2024-02-12,486.3096008300781,488.7557959365899,485.59125041968997,486.4940393494017,56502300
2024-02-13,479.6116027832031,482.53346897353373,476.3500095116949,480.0484370645988,113099200
2024-02-14,483.97021484375,484.4555731763151,479.92231331563113,482.2423403647749,68387800
2024-02-15,487.3094482421875,487.4938867654942,484.19342663721847,484.6690979139186,61683000
2024-02-16,484.8826599121094,488.14425347916483,484.1449058140717,487.0085316428908,75532900
2024-02-20,482.2132263183594,483.8149029118612,479.97087316267243,483.14510603430045,71736700
2024-02-21,482.6500244140625,482.8053426352379,479.1069145137689,480.9124629140013,59293400
2024-02-22,492.6387023925781,493.59970240133447,488.2898811137423,489.25091074641995,76402500
2024-02-23,492.9784240722656,495.1916567031526,492.25038663284334,494.3568250348437,61321800
2024-02-26,491.1728820800781,493.8520693709636,491.0466841824756,493.4152350521733,50386700
2024-02-27,492.0853576660156,492.30863314805396,489.9692025931845,491.86211180789684,48854500
2024-02-28,491.43499755859375,492.0174038220213,490.17304819868775,490.53220860244136,56506600
2024-02-29,493.20166015625,494.8130532117829,490.55162288856457,493.19197313484807,83924800
2024-03-01,497.83203125,498.2591489639279,493.6676779750869,494.075392019808,76844800
2024-03-04,497.2981262207031,499.1425115484434,497.00692307628157,497.03607301464484,49799300
2024-03-05,492.3280029296875,495.7449440770518,490.1244870696133,495.29839314371003,72855600
2024-03-06,494.8228454589844,497.0749153474701,493.53180526259257,495.5994069813958,68382400
2024-03-07,499.7345886230469,500.78297909459656,494.88100583529064,498.1135085613306,58652100
2024-03-08,496.7350769042969,503.04470489035225,496.16235769149256,500.3655769656846,86532500
2024-03-11,496.3079833984375,496.89041928478855,493.6093924281333,495.5314219659159,62557200
2024-03-12,501.64697265625,502.22937893995004,495.90028750048145,498.41446966211043,73114400
2024-03-13,500.86065673828125,502.14200986510485,499.4240150117718,501.9672879725168,55104100
2024-03-14,499.87054443359375,501.9866995940405,496.8321966177629,501.831351753217,110171800
2024-03-15,496.4381408691406,498.2590460217431,494.77306623402836,496.80816405826874,107646300
2024-03-18,499.3885498046875,501.93972478311895,498.9795987021718,500.498619372016,88893300
2024-03-19,502.1636657714844,502.44602683293346,497.69420694088996,498.6971800566581,60755300
2024-03-20,506.8083801269531,506.94471696954355,501.5502591703246,502.22213711517423,69594600
2024-03-21,508.4832458496094,510.34304922248214,508.20082532016534,509.6419901809582,60256100
2024-03-22,507.519287109375,508.8824773514824,507.2855413177628,508.39561095817277,79070800
2024-03-25,506.11712646484375,507.26612405969263,505.9612959318849,506.1463075448143,48512100
2024-03-26,505.1822509765625,507.87950952715136,504.78304672651166,507.53866742888704,65463700
2024-03-27,509.4276428222656,509.4666301607913,505.84431416109436,508.00603133212223,82999800
2024-03-28,509.33026123046875,510.8297878712115,509.04790020355074,509.4665980428767,96294900
2024-04-01,508.44415283203125,510.6058699579784,507.2854087415083,510.07032895168504,62477500
2024-04-02,505.2115783691406,505.34785579995645,502.91352367339005,504.62730299960265,74230300
2024-04-03,505.7664794921875,507.266065898289,504.0721940901131,504.1208688391064,59155800
2024-04-04,499.5930480957031,510.10934946561747,499.2911933332161,509.76856679026787,96858100
2024-04-05,504.81219482421875,506.7694068986325,500.5083132867227,500.9465048519071,74546500
2024-04-08,505.0946044921875,506.5162756490336,504.2864491311744,505.51336185898396,48401800
2024-04-09,505.67889404296875,507.0713247303679,500.83941141698267,506.8278915451877,68049200
2024-04-10,500.61541748046875,502.60181066009386,498.6387711363,499.9922143304957,82652800
2024-04-11,504.39361572265625,505.83472132078697,498.6291338981967,502.1345483814096,70099000
2024-04-12,497.43133544921875,502.2707879594682,495.70780962230026,500.85886371567153,92561100
2024-04-15,491.199462890625,501.7644387082916,490.3522904966187,501.5989207934361,92101400
2024-04-16,490.3036193847656,493.19560665785394,489.01828510429004,491.6765860412786,73484000
2024-04-17,487.4018859863281,492.9229634124424,486.00945537176443,492.7574157801548,75910300
2024-04-18,486.3989562988281,490.8878795783521,485.46418121059236,488.794360179131,74548100
2024-04-19,482.15350341796875,487.31427501412566,480.8876330360681,486.3210783246666,102212600
2024-04-22,486.59368896484375,489.18382142190774,482.4163675078979,484.75331996273405,67961000
2024-04-23,492.3678894042969,492.79633413093177,486.4086505723251,488.5995489497242,64633600
2024-04-24,492.1342468261719,494.0427545951939,489.914137461728,493.2540334865075,55928100
2024-04-25,490.2646484375,491.02415872515365,484.42225246602163,486.0678630419317,69122400
2024-04-26,494.9094543457031,496.48689676510514,492.4167006949994,493.0496210870355,64306100
2024-04-29,496.662109375,497.33398732987405,493.9259228058318,496.6913201679961,46415400
2024-04-30,488.7943420410156,496.1752226900087,488.7943420410156,495.20149000874,77483600
2024-05-01,487.20709228515625,494.8411519887945,486.7396899586627,488.21003563320664,80242800
2024-05-02,491.7641906738281,492.60161619088024,486.4281251448712,490.90730120185356,62550200
2024-05-03,497.8597717285156,499.08665465274976,495.20147091341136,497.73318173027803,72756700
2024-05-06,503.0010681152344,503.039996024656,499.81694342031363,500.25513498697876,47264700
2024-05-07,503.55621337890625,504.9486442034007,502.8843353443803,503.9651645293329,52561300
2024-05-08,503.60479736328125,504.14033844049237,501.6086572944442,501.72550045922026,42047200
2024-05-09,506.5064697265625,506.5454570669787,503.1373929681529,503.7897771689901,43643700
2024-05-10,507.158935546875,508.91164241656554,505.94176974404485,508.10342768254765,52233200
2024-05-13,507.2270202636719,508.9407991411694,506.08776976766853,508.8337028193061,36716400
2024-05-14,509.55426025390625,510.07036706182174,506.88624242560803,507.4217834719146,57535900
2024-05-15,515.8641357421875,516.1562436643347,511.38492968552964,512.0178797101214,59504900
2024-05-16,514.8026733398438,517.5583531460086,514.6565896819933,515.9614174721102,50244800
2024-05-17,515.5428466796875,515.6110151080264,513.4687910457112,514.9196434193897,59187600
2024-05-20,516.1367797851562,517.5973789121299,515.2701433728218,515.6596602461204,37764200
2024-05-21,517.4026489257812,517.5584794564415,515.1728221981522,515.3773274826686,33437000
2024-05-22,515.912841796875,517.4221156794935,513.7413773413039,516.7113097871478,48390000
2024-05-23,512.1444702148438,519.0676954201629,510.93699174891134,518.9605990872589,57211200
2024-05-24,515.5330200195312,516.3412347653415,513.0402667962413,513.9847589456947,41291100
2024-05-28,515.893310546875,516.5749353115505,513.2642204156563,516.3412489766735,36269600
2024-05-29,512.2808227539062,513.4590608844294,511.57001679975457,511.8718716025252,45190300
2024-05-30,508.8824157714844,511.4044095336918,507.6360688600374,510.7422784507473,46377600
2024-05-31,513.5174560546875,513.6440460717812,504.7441141188356,509.8367770177735,90785800
2024-06-03,513.9360961914062,515.4064420460951,508.87267437322015,515.1240809646227,46835700
2024-06-04,514.5106201171875,515.2506664560023,511.17072418863216,512.631323194632,34632700
2024-06-05,520.6256713867188,520.6451650598835,514.84169649016,516.8281493311971,47610400
2024-06-06,520.6158447265625,521.3558910101924,518.6878732006264,520.927446289771,30808500
2024-06-07,519.9829711914062,522.787325920015,518.5515533208824,519.6421291117942,43224500
2024-06-10,521.5896606445312,521.9110090941606,518.5808597177815,519.1748224338155,35686100
2024-06-11,522.8458251953125,522.9042467845098,518.0745108271142,520.0414700499772,36383400
2024-06-12,527.1400146484375,529.8275268910288,526.1078601787983,527.4029415427591,63251300
2024-06-13,528.2013549804688,529.0582445758802,525.4164935113477,528.8829798084458,44760900
2024-06-14,528.5226440429688,528.5518251182958,525.6695550365463,526.6725282080745,40089900
2024-06-17,532.7291870117188,534.1216772051151,527.3834034899254,527.8410888070123,55839500
2024-06-18,534.0826416015625,534.2092316077063,532.3688625324717,532.7875604635906,41376400
2024-06-20,532.6317138671875,535.6697547200665,530.8595134643548,535.0076237066871,70328200
2024-06-21,531.9176635742188,533.0313142277637,530.4621308750893,531.810221745453,64338600
2024-06-24,530.1886596679688,534.3013212499749,530.0714395414016,531.7419157804823,45528700
2024-06-25,532.2302856445312,532.5917242597523,529.8955424418219,531.4096852385123,37936200
2024-06-26,532.8945922851562,533.6076912884868,530.4719636310322,531.1166742934914,38550600
2024-06-27,533.7346801757812,534.3110621107577,532.0153722749866,532.7578061070262,35041500
2024-06-28,531.6343994140625,537.5543137581463,530.3938098387125,534.5064116818106,76144500
2024-07-01,532.728515625,533.2560061424955,529.9737236752046,533.0117876323043,40297800
2024-07-02,536.3135986328125,536.3135986328125,531.0775683576217,531.126400132376,40434800
2024-07-03,538.7069702148438,539.068408833479,535.9619565950238,536.0010100914286,32789900
2024-07-05,541.8134765625,542.213968717536,538.3748605783948,539.0098526062544,41488400
2024-07-08,542.4386596679688,543.3861988920726,541.3738407022457,542.5949332840256,36110500
2024-07-09,542.9661254882812,544.2946598471173,542.6730752067231,543.3959524424528,27289700
2024-07-10,548.3389282226562,548.6808102777995,543.894163387503,544.1872136667199,38701200
2024-07-11,543.61083984375,549.3255886798729,542.9759074999535,548.4561564855596,53054200
2024-07-12,547.0397338867188,550.6346235261244,544.2654447499774,544.7343252522627,53084400
2024-07-15,548.5441284179688,551.7775792240066,546.6880438244344,549.0325654558818,40584300
2024-07-16,551.7970581054688,552.090108393895,549.1008762046278,549.8530882979716,36475300
2024-07-17,544.060302734375,547.5477506768178,543.7379175635831,545.8772743812609,57119000
2024-07-18,539.8792114257812,546.5806130354061,537.7008012722223,545.5939606590898,56270400
2024-07-19,536.2940673828125,541.2663824595259,535.2390267295067,539.644738170822,65509100
2024-07-22,541.8232421875,542.4288993582354,538.277184442637,540.2113760766848,43346700
2024-07-23,540.9733276367188,543.8648365993427,540.484890622907,541.7157018138391,34439600
2024-07-24,528.7135009765625,536.4698829953903,527.7952370228695,536.1670544374522,74515300
2024-07-25,525.958740234375,534.7994982405838,525.0209792890996,528.8307523766035,61158300
2024-07-26,531.8492431640625,534.5356464631268,528.9674531548811,529.7392217162956,53763800
2024-07-29,532.1619262695312,534.3989464184045,530.1690650137424,533.3927971337158,39515800
2024-07-30,529.4657592773438,534.6822931769603,526.0662565076813,533.6272524601584,46853600
2024-07-31,538.0718994140625,540.6996925359946,534.9166158614872,536.284203519186,65663400
2024-08-01,530.452392578125,542.0381046138815,526.9551667505608,539.7913062018092,76428700
2024-08-02,520.576171875,524.5715530952934,516.3755660291246,523.3602388903765,82789100
2024-08-05,505.41510009765625,511.4717311244644,498.4695101090915,499.80785259777787,146267400
2024-08-06,510.0747375488281,517.4989554385519,505.8936885816187,507.2124445147762,84826300
2024-08-07,506.6654968261719,519.2965314666948,506.0696179320819,516.2486294067602,70698300
2024-08-08,518.3782348632812,519.0033889369354,509.77197692780607,511.79405372836936,63276600
2024-08-09,520.6641235351562,522.1489912653111,516.3365783728381,517.5576710131196,45619600
2024-08-12,520.9376831054688,523.3407552909962,518.6713279832952,521.8559471668351,42542100
2024-08-13,529.5047607421875,529.739260585726,523.8780165940644,524.122235093717,52333100
2024-08-14,531.1752319335938,532.3572709257232,527.6291745808618,530.2960214933445,42446900
2024-08-15,540.2797241210938,540.5629961238054,536.1866195717042,536.7922766972661,60846800
2024-08-16,541.4910888671875,542.1846909540823,538.5116347380534,538.6679083622046,44430700
2024-08-19,546.66845703125,546.66845703125,541.0514314058853,541.9013070349608,39121800
2024-08-20,545.779541015625,547.8700657821756,544.4412283435015,546.2191462607274,33732300
2024-08-21,547.655029296875,549.110561836859,541.9012278396601,546.8247103491519,41514600
2024-08-22,543.35693359375,550.1559994238155,542.1456191373768,549.5503421956289,56121500
2024-08-23,549.1303100585938,550.0681307743154,544.4022125993778,546.5904609360616,50639400
2024-08-26,547.8211669921875,550.8690092024209,546.1214157161334,550.1559102385648,35788600
2024-08-27,548.5733642578125,549.0618012606642,545.4083020191189,546.5512279111676,32693900
2024-08-28,545.3888549804688,548.6614193309421,542.2042355425785,548.2315922971716,41066000
2024-08-29,545.4375610351562,550.6443160255352,544.294635177053,547.3522554939839,38715200
2024-08-30,550.644287109375,551.1522806301471,544.255553101835,547.8016102208953,62700100
2024-09-03,539.3126220703125,547.8407131286382,536.8020487007664,547.508549729637,60600100
2024-09-04,538.2088623046875,541.6083655035815,536.7533292597282,537.4762066412244,47224900
2024-09-05,536.899658203125,540.9927622926045,534.4476951362813,538.1500854338868,44264300
2024-09-06,527.8635864257812,538.8436399407501,526.964879098129,537.2220554393132,68493800
2024-09-09,533.7737426757812,535.0437266855093,530.1300214174476,532.054494369654,40445800
2024-09-10,536.0986328125,536.4503527479894,530.8137709847371,535.678584169421,36394600
2024-09-11,541.5984497070312,542.5167136236998,527.4728902611638,536.0107592184578,75248600
2024-09-12,546.1605224609375,546.4633510224045,539.9573366553728,542.1748597619055,51819600
2024-09-13,549.012939453125,550.0093699640063,546.5121445202687,546.7661412876428,39310500
2024-09-16,549.8237915039062,550.0875069413107,546.9517795427174,548.7491943236346,36656100
2024-09-17,550.0485229492188,553.4773606816602,547.8212213158272,552.0315464267048,49321000
2024-09-18,548.4170532226562,555.5384427736924,547.8602279225689,550.7029048507478,59044900
2024-09-19,557.7755737304688,559.6316584337985,554.9426745171918,557.8049085738365,75315500
2024-09-20,556.8113403320312,557.8500005367814,553.7933228326182,556.4096197933483,77503100
2024-09-23,558.2026977539062,558.8494456443765,556.6642942041962,557.8793836152081,44116900
2024-09-24,559.7999877929688,559.8587776289324,556.1744550910837,558.9964868304339,46805700
2024-09-25,558.5652465820312,560.3780425284191,557.4579883539482,559.6431398003925,38428600
2024-09-26,560.7797241210938,563.1412448815947,558.4280714385313,562.8178709578742,48336000
2024-09-27,559.9664916992188,562.6611352170194,558.9376397719122,561.8478858705382,42100900
2024-09-30,562.2103881835938,562.8179029799776,556.6447321030395,558.937595094156,63557400
2024-10-01,557.1739501953125,562.5044480240527,554.6066943100618,561.857759819067,72668800
2024-10-02,557.4090576171875,558.4281611024765,553.8913563966638,556.282242548741,38097800
2024-10-03,556.3900146484375,558.3301388916863,554.106899883147,555.9392527365582,40846500
2024-10-04,561.4461669921875,561.8185225581165,556.6643942780399,560.828843806913,42939100
2024-10-07,556.370361328125,560.446655391967,555.2239297880301,559.7999074826037,49964700
2024-10-08,561.63232421875,562.2300906410503,558.0656412646009,558.9376805045769,37398700
2024-10-09,565.5223999023438,566.0809331902332,561.0247685875196,561.6224751598685,37912200
2024-10-10,564.5327758789062,565.953600014702,562.9257739624676,564.1800368650188,44138100
2024-10-11,567.913330078125,568.6482329129351,564.3171624790748,564.4543586951436,42268000
2024-10-14,572.5578002929688,573.4886890058166,569.0400397275337,569.5201665882303,36217200
2024-10-15,568.1092529296875,573.1261842726946,566.8941634738084,572.8224268603595,54203600
2024-10-16,570.57861328125,571.0979733835155,567.3058791131047,568.1093801464922,30725400
2024-10-17,570.62744140625,574.3215715502484,570.4412636582532,574.1157772582931,34393700
2024-10-18,572.8224487304688,573.6063330690159,570.8528997080355,572.3128969974695,37416800
2024-10-21,571.8817749023438,573.0771881011084,568.912738838732,572.0973176864316,36439000
2024-10-22,571.5780029296875,572.7342428128154,568.697181591541,569.3536780068462,34183800
2024-10-23,566.355224609375,570.0003732214365,562.8570804647936,569.5594196255329,49314600
2024-10-24,567.5801391601562,568.3836400907534,564.9639018539431,568.3052337104026,34979900
2024-10-25,567.3840942382812,572.6950344865168,566.443456997856,569.8044050522926,47268200
2024-10-28,569.13818359375,570.9803448675634,568.8344261393737,570.8529569215461,30174700
2024-10-29,570.0592041015625,571.1762108700161,566.7864107519835,568.1778099310847,42899700
2024-10-30,568.3346557617188,571.5780244818477,567.6291179550885,569.5888588084969,41435800
2024-10-31,557.1935424804688,564.0428273008541,556.9975564307639,563.9742291931302,60182500
2024-11-01,559.545166015625,563.9643910438907,559.1336371976272,559.8195584319851,45667500
2024-11-04,558.3399658203125,560.9758196621659,556.4586313456186,559.6823835212687,38217000
2024-11-05,565.0912475585938,565.1304208425688,559.0356559214524,559.251198693126,39478300
2024-11-06,579.142578125,580.0146771322202,573.6063462638446,577.3396500855225,68182000
2024-11-07,583.6206665039062,584.6397701216673,581.063218798349,581.1416251858423,47233200
2024-11-08,586.148681640625,587.5695056932594,584.1693242787533,584.1693242787533,46444900
2024-11-11,586.7072143554688,588.0888053142032,584.9826328704219,587.7360663213191,37586800
2024-11-12,584.8847045898438,587.2265495486535,582.4056036057904,586.6288429184635,43006100
2024-11-13,585.1688232421875,587.1677373847895,582.9837313260188,585.3451927424278,47388600
2024-11-14,581.4060668945312,585.7763103260314,580.7202054727688,585.296183408181,38904100
2024-11-15,573.9591064453125,578.3195418358689,572.1071369723535,577.8491633593196,75988800
2024-11-18,576.3108520507812,577.6238450144261,573.5574183688442,574.4196493771738,37001700
2024-11-19,578.41748046875,579.142574989824,572.2737337790142,572.9400384688264,49412000
2024-11-20,578.6134033203125,578.8975441726233,572.8615695316089,578.4958236706298,50032600
2024-11-21,581.7196655273438,583.1404896221547,575.6249001169805,581.455141177832,46750300
2024-11-22,583.5226440429688,584.1497754660484,581.2101642027249,581.7098478799927,38226400
2024-11-25,585.5020141601562,588.7649396726674,583.2188992835091,587.451946771504,42441400
2024-11-26,588.5592041015625,589.2255088244219,586.0311216188419,586.746407902425,45621300
2024-11-27,586.7758178710938,588.755115442667,585.2570306878304,588.3730114334577,34000200
2024-11-29,590.4209594726562,591.204843913549,587.3147867247623,587.5891193661275,30177400
2024-12-02,591.4791870117188,592.1552999944694,590.3425038316959,590.8324390421951,31746000
2024-12-03,591.7534790039062,591.9984465923378,590.2151351783115,591.2439870884159,26906600
2024-12-04,595.427978515625,595.6729460981672,592.7725681970518,593.438872844782,42787600
2024-12-05,594.4481811523438,596.2315525489399,594.0954421437544,595.4280516027892,28762200
2024-12-06,595.5750732421875,596.8097196143469,594.8009970944031,595.212525949607,31241500
2024-12-09,592.5079956054688,595.6239761392873,591.9200973185369,595.4574149257465,34742700
2024-12-10,590.6658325195312,593.6054435570935,590.0093361336401,593.184106485161,37234500
2024-12-11,595.2319946289062,596.1824400499527,593.311427437485,593.5858198104879,28677700
2024-12-12,592.1650390625,594.9380289691392,592.1650390625,594.369747252086,31543800
2024-12-13,592.047607421875,594.908812686274,590.6757647272243,594.1935263218123,35904700
2024-12-16,594.5755615234375,595.5456834945226,593.0274092921627,593.8014854078001,43695200
2024-12-17,592.1257934570312,592.9880840930309,590.7540109408761,592.0278303510687,55773500
2024-12-18,574.4784545898438,594.2031909866316,574.0962907751041,591.822113059209,108248700
2024-12-19,574.3020629882812,581.0631932062172,574.0570953688857,579.456191269411,85919500
2024-12-20,581.199951171875,585.7225012446567,571.132257605004,571.9778279294948,125716700
2024-12-23,584.6803588867188,585.2800771480029,577.7686569320756,580.9443313472664,57635800
2024-12-24,591.1790771484375,591.2184422848073,585.4471892507113,586.0272849416975,33160100
2024-12-26,591.218505859375,592.3392722176656,588.0133673077331,589.4094496188982,41219100
2024-12-27,584.9949340820312,587.7183292627742,580.8164691334702,587.4823184826345,64969300
2024-12-30,578.3192138671875,581.7799853973963,574.5733451400716,577.9948115421023,56578800
2024-12-31,576.2152709960938,580.6985158642835,574.583178079053,579.9807622286955,57052700
2025-01-02,574.799560546875,581.1803135593343,570.7292291618253,579.4696102256324,50204000
2025-01-03,581.9865112304688,582.6255346471705,576.5594027877501,577.64092396713,37888500
2025-01-06,585.3390502929688,589.6060270134918,583.608664526265,586.2337670283534,47679400
2025-01-07,578.7223510742188,587.6888410122485,576.903513754268,587.3643786767495,60393100
2025-01-08,579.5678100585938,580.6394897953063,575.3500401020275,578.7911287868388,47304700
2025-01-10,570.7192993164062,576.0874192959229,568.8119506064235,576.0185903209236,73105000
2025-01-13,571.604248046875,571.9581742427216,565.6658729466735,566.0788468496604,47910100
2025-01-14,572.3906860351562,575.1533862250869,568.6152938144415,574.5241441869972,48420600
2025-01-15,582.8025512695312,583.9430001285099,579.2827918470954,580.3937768602567,56900200
2025-01-16,581.6817626953125,584.346110636513,580.9836915331506,584.1691475266347,43319700
2025-01-17,587.521728515625,589.2717368825727,585.5848557638515,586.9121689712896,58070600
2025-01-21,592.8995971679688,592.9094384516549,588.5933154613438,590.5596519481012,42532900
2025-01-22,596.2326049804688,597.5893820777127,595.1707663809229,595.7213382459036,48196000
2025-01-23,599.4869384765625,599.4869384765625,595.3281553014472,595.6034112523917,41152100
2025-01-24,597.73681640625,600.4995770008244,596.5865262707722,599.54587252364,34604700
2025-01-27,589.2816162109375,589.5962372876534,584.6312490621345,584.7983708814467,70361100
2025-01-28,594.344970703125,595.1806398263976,587.1973173488781,590.5105900023588,44433300
2025-01-29,591.6804809570312,593.9614384934404,589.1340487911447,593.5583059073574,37177400
2025-01-30,594.8561401367188,596.3898803192325,590.6088457833347,593.7943615542468,39281300
2025-01-31,591.6904296875,599.693435081772,590.9333707965222,597.2748191495543,66566900
2025-02-03,587.70849609375,590.1860392450765,580.5510025263411,582.6943020815504,65857200
2025-02-04,591.651123046875,592.1623298220667,587.2268651385132,587.7675957701897,33457800
2025-02-05,594.0499267578125,594.1974260072697,588.5049031019603,590.5302274178379,30653100
2025-02-06,596.1145629882812,596.2423796576439,592.4866698522919,595.7901006731433,35771500
2025-02-07,590.6580200195312,597.8941240756534,589.9501076619601,596.6750050236558,50788500
2025-02-10,594.66943359375,595.30851711154,592.5949624942194,593.8632882437039,26048700
2025-02-11,595.1216430664062,595.6623736678141,592.2901133629294,592.408088766588,30056700
2025-02-12,593.2044677734375,594.3744405625547,588.4361250659014,589.1145136580423,45076100
2025-02-13,599.4672241210938,599.6737110792319,593.047165943141,594.3055902381474,40921300
2025-02-14,599.437744140625,600.7060096863363,598.8183432907158,599.6736949390985,26910400
2025-02-18,601.1975708007812,601.1975708007812,598.1399318067746,600.5978525430173,26749000
2025-02-19,602.6133422851562,602.908280775238,599.3000698962699,599.8113366176324,31011100
2025-02-20,600.106201171875,601.3843078099816,596.8027704742943,601.2466498622931,36554000
2025-02-21,589.8419799804688,600.0275889538111,589.3798596850504,599.8899309928074,76519800
2025-02-24,587.1580200195312,592.8800672914438,586.4501075695626,591.8870576091449,50737200
2025-02-25,584.2379150390625,587.8265033006376,579.6366946428752,587.098968367302,58266500
2025-02-26,584.5328369140625,589.488043359785,581.8979531727184,585.8994552001853,43321600
2025-02-27,575.20263671875,587.9543615454245,574.8094053796542,586.8040113591791,74196700
2025-02-28,584.178955078125,584.7098443771037,572.6365684069419,575.7040488167072,88744100
2025-03-03,573.9441528320312,587.2857532860544,570.1392964764723,586.1452445030724,74249200
2025-03-04,567.150390625,575.5368441329807,562.6179996474549,569.952455985737,109648200
2025-03-05,573.2461547851562,575.0355284425119,563.4341535288585,566.9833769883293,71230500
2025-03-06,563.0703125,570.4047092717689,560.5238803180225,565.7936477589768,80094900
2025-03-07,566.2262573242188,567.6715458955733,556.1094773560538,561.2907933786839,81158800
2025-03-10,551.1444702148438,559.9536192631458,546.2384702857362,558.0364891964213,99326600
2025-03-11,546.5628662109375,554.5265648872522,542.7285461144836,549.9843324603625,88102100
2025-03-12,549.4631958007812,553.6318192815521,544.3703918307585,552.7076387923001,69588200
2025-03-13,542.138671875,549.6992388466521,540.4279685563406,549.0896792735167,74079400
2025-03-14,553.3369750976562,554.3398260143258,542.2075022062043,546.7497351697265,62660300
2025-03-17,557.6038818359375,560.1207900872192,552.8846263579363,553.3172227764923,49008700
2025-03-18,551.5770874023438,555.5097605205915,549.6500559715837,555.2934322950165,66041400
2025-03-19,557.584228515625,561.3399385264869,552.1768030039566,553.3566169353411,66556000
2025-03-20,555.9718017578125,560.9663132490421,553.1304311253591,553.8481847501696,62958200
2025-03-21,556.1552734375,557.0526817242638,550.2878724028328,551.5205297947124,83763000
2025-03-24,566.1151733398438,567.1703352751009,562.2890000340255,562.880651498493,58766800
2025-03-25,567.4760131835938,568.4127846067184,565.73055113845,567.3181993393742,38355700
2025-03-26,560.7013549804688,568.3339598573967,559.3207546377017,567.2097618801449,51848300
2025-03-27,559.2122802734375,562.9792883535321,557.101956447335,559.3108687859911,42164200
2025-03-28,547.9507446289062,558.413587192946,547.3689639965595,557.6838635858104,71662700
2025-03-31,551.6289672851562,552.93066066187,539.2826520783074,542.201606334121,95328200
2025-04-01,553.18701171875,555.1297110203275,545.9981756472096,549.715889513425,54609600
2025-04-02,556.687744140625,559.547472787333,547.1124411566806,547.3491017135567,76014500
2025-04-03,529.2538452148438,540.3674444952709,529.2538452148438,537.5471385326381,125986000
2025-04-04,498.26971435546875,518.574043873056,498.0527654446422,516.4045547647906,217965100
2025-04-07,497.3821716308594,515.9114550791749,475.115432610906,482.40291724281104,256611400
2025-04-08,489.591796875,517.6963548854247,482.3733480760591,514.6196468974629,165816600
2025-04-09,541.0084838867188,541.0084838867188,486.20945053098467,486.5940541464612,241867300
2025-04-10,517.3019409179688,526.0981670837639,502.25365007002944,524.7866027854379,162331200
2025-04-11,526.5320434570312,528.9874872153164,512.8544826104954,515.7536950429114,97866300
2025-04-14,531.64013671875,536.7285795544979,526.4531053782949,536.5017296923237,68034000
2025-04-15,530.1510620117188,535.6930840370895,529.3621734315309,532.1824786951643,56892900
2025-04-16,518.3670043945312,530.4273671801482,513.0715122042892,524.3035026067561,83484800
2025-04-17,519.1065063476562,523.800475242003,516.6411916080497,520.3194821276195,79868100
2025-04-21,506.7503662109375,514.4618777265953,501.4055507612705,513.9293312369678,69368100
2025-04-22,519.9349365234375,521.956482797522,511.9867633247528,512.9235950678715,75948100
2025-04-23,527.991455078125,537.8625838932508,526.4728430251603,532.9319549297188,90590700
2025-04-24,539.1051635742188,539.8348871004667,528.0211182344198,529.2734571828396,64150400
2025-04-25,543.0003051757812,543.4045902561826,536.1467190777879,539.0656730072541,61119600
2025-04-28,543.2073974609375,545.8699492792146,537.4583271221219,543.7399439376,47613800
2025-04-29,546.6292724609375,547.7435994540236,540.9393072120234,541.294298062473,47775100
2025-04-30,546.8462524414062,548.7988227140515,534.0069337400583,539.9729835885655,93101500
2025-05-01,550.7216796875,556.2440206119321,550.1201573586014,552.595342895286,63186100
2025-05-02,558.8966674804688,560.4941864598073,554.5774316657111,556.894803218062,60717300
2025-05-05,555.6918334960938,558.788283367358,553.9069479669498,554.7648727126054,38659200
2025-05-06,551.0470581054688,555.5339182387945,549.232620427504,550.1891335164119,48264700
2025-05-07,553.3645629882812,555.9975022415719,548.3254139860352,552.3784371058738,55588000
2025-05-08,557.2202758789062,562.3974366423718,553.9069074354913,557.3977713110521,65130800
2025-05-09,556.5103149414062,559.6264462916283,554.9522191721212,558.6205786168767,37603400
2025-05-12,574.9015502929688,574.9114211824733,569.0340889310521,573.4026196086874,78993600
2025-05-13,578.6981201171875,580.9070323903663,574.7536167184122,575.3156554869938,67947200
2025-05-14,579.4376831054688,580.8083522191259,577.4160770724685,579.6546018902411,66283500
2025-05-15,582.2678833007812,582.770756919371,576.9822030720642,577.4358426248243,71268100
2025-05-16,585.9560546875,586.2518804364249,581.104331840075,583.0469710816421,76052100
2025-05-19,586.596923828125,587.2773530559552,579.9405744991373,579.9405744991373,68168500
2025-05-20,584.6246948242188,585.8080578995526,581.419785763877,584.8614155899625,60614500
2025-05-21,574.7733154296875,584.3584902721909,573.7477661832594,580.2759146876367,95197700
2025-05-22,575.0001831054688,578.4811762683786,573.3434386116112,574.5760959985981,70860400
2025-05-23,571.0753173828125,573.7378691727489,567.6140060747297,567.988738706783,76029000
2025-05-27,582.9483642578125,583.1061179228353,570.4048112020747,577.938827709351,72588500
2025-05-28,579.57568359375,584.5457960298348,578.8459601489828,583.3525621719901,68445500
2025-05-29,581.8635864257812,584.9699071457442,577.9388245287198,584.8318350718904,69973300
2025-05-30,581.2127685546875,582.9286180198035,575.1480700909575,580.7591289651484,90601200
2025-06-02,584.4866943359375,584.5655410710423,576.9428072484826,579.6053591727813,61630500
2025-06-03,587.8197631835938,588.7960181097066,583.6385391723649,584.121791379625,63606200
2025-06-04,587.6619873046875,589.6539808386906,587.2280895107962,588.6777258495218,57314200
2025-06-05,584.8219604492188,590.6894216670538,582.8497086239531,589.3384339818148,92278700
2025-06-06,590.8274536132812,592.4940086999786,588.5790577947733,590.3540722792903,66588700
2025-06-09,591.3599853515625,592.9082102708385,590.1864930975049,591.3994087206146,53016400
2025-06-10,594.7128295898438,595.0973729509094,590.7781968461302,591.8924637491524,66247000
2025-06-11,593.0167236328125,596.6654019118176,590.9557539749433,595.807477097167,73658200
2025-06-12,595.3734741210938,595.3734741210938,591.2021810906274,591.6853731206485,64129000
2025-06-13,588.7171630859375,593.499849631983,587.218232455665,590.1963519379123,89506000
2025-06-16,594.318359375,596.0638215052488,591.8924679557008,592.0700235861916,79984100
2025-06-17,589.2398071289062,593.4012293190596,588.4804709653109,591.8826171802143,82209400
2025-06-18,589.1510009765625,592.8785252065284,588.1944276516227,590.1371267775953,76605000
2025-06-20,587.7673950195312,592.8906208578056,586.3629131433069,591.8224395288368,94051400
2025-06-23,593.5730590820312,593.9587392448562,585.4035696790836,588.5190130228361,87426000
2025-06-24,600.13037109375,601.1885919192599,596.7972471416377,597.7072083922786,67735300
2025-06-25,600.4666748046875,601.940336500435,598.903972841808,601.247995602986,62114800
2025-06-26,605.1646118164062,605.5997923429508,601.7029677445283,602.3161684365299,78548400
2025-06-27,608.1712646484375,609.6350865938839,604.1360202356653,606.1635425121184,86258400
2025-06-30,611.0790405273438,612.4340220516922,608.2998373553096,610.6142201701539,92502500
2025-07-01,610.8812866210938,612.0483479268365,608.7746241554748,609.6053849111585,70030100
2025-07-02,613.6505737304688,613.6901136433279,609.8526292762224,610.4757300098587,66510400
2025-07-03,618.4869995117188,619.4167005776212,615.6088560521965,615.628656191773,51065800
2025-07-07,613.8780517578125,617.1913758193931,611.0988485499288,616.5286747873084,74814500
2025-07-08,613.5418090820312,615.2923708557059,612.7307881009865,614.5406899285775,59024600
2025-07-09,617.2210083007812,617.8737488887257,614.1055045789822,615.945166968477,66113300
2025-07-10,618.9617309570312,620.0002120765442,616.1825277796053,617.3594891460615,57529000
2025-07-11,616.7858276367188,618.0122289852302,614.7187654701638,615.9154666088177,63670200
2025-07-14,617.9627685546875,618.3089087938923,614.9857451789246,616.3308265898004,51898500
2025-07-15,615.322021484375,620.9793073894895,615.2428812967698,620.6430672331502,74317300
2025-07-16,617.3792114257812,617.8836320494379,611.276844692317,616.9044910111767,88987500
2025-07-17,621.1573486328125,621.5134493059918,617.3396644874989,617.557284919235,68885700
2025-07-18,620.7025146484375,622.5717567026577,619.5947932954602,622.4036365954075,65621600
2025-07-21,621.8794555664062,624.6190586454088,621.4541750937276,621.8794555664062,63375000
2025-07-22,621.9683837890625,622.8288447335428,619.3276609031153,622.2057439990875,60046300
2025-07-23,627.259765625,627.259765625,622.8288205336723,624.6288825447934,70511000
2025-07-24,627.4674072265625,629.1784892953694,627.0421268182102,627.6454273719465,71307100
2025-07-25,630.1181030273438,630.5928838363332,627.8829206987424,628.1301809903662,56865400
2025-07-28,629.9598999023438,631.0478210681617,628.5752180855901,630.4939604147171,54917100
2025-07-29,628.2982788085938,631.6708825055948,627.3883778702398,631.3543820995848,60556300
2025-07-30,627.5070190429688,630.6917023127537,624.6189756546709,628.9509803708415,80418900
2025-07-31,625.1531982421875,632.8380075585872,623.857556644127,632.4523273568442,103385200
2025-08-01,614.9066162109375,619.476041722763,612.5032535330552,619.4364414435403,140103600
2025-08-04,624.2530517578125,624.3024917393647,618.7243458354196,618.813325728958,73218000
2025-08-05,621.0880737304688,625.6772386500149,620.168272806011,624.8662177521945,68051400
2025-08-06,625.845458984375,626.4981995520814,621.2463937026511,622.1562946160922,64357500
2025-08-07,625.3212280273438,629.9993730574174,622.2156245224251,629.2674923107387,74205800
2025-08-08,630.197265625,630.6621463802445,626.794961476664,627.1114619051468,64051600
2025-08-11,628.9509887695312,631.9478122276477,627.7047873460086,630.474150672182,58742300
2025-08-12,635.6468505859375,635.8050706066525,629.8114837326607,631.2950454377703,64730800
2025-08-13,637.8228149414062,639.1085564704525,635.6370120856271,637.8425547169825,60092800
2025-08-14,637.882080078125,638.5447207235369,635.300697252298,635.7457174616427,59327500
2025-08-15,636.388671875,639.0096552004113,635.4787708739423,638.9107148606824,68592500
2025-08-18,636.2501831054688,636.9425240091701,635.1424618060598,635.8150025688236,43804900
2025-08-19,632.7984008789062,637.0512656505922,631.4829592777961,636.0721245937336,69750700
2025-08-20,631.1170043945312,632.6500060324975,626.013578858981,632.3929060531275,88890300
2025-08-21,628.5850830078125,630.9785456585483,626.864161086776,629.3071240874224,54805800
2025-08-22,638.2381591796875,639.4151205943501,630.2664897119097,630.7709103705197,84083200
2025-08-25,635.42919921875,638.2183023325629,635.3105191174199,636.9820009718095,51274300
2025-08-26,638.0897827148438,638.4359833484747,634.5391586749303,635.1622594491828,51581600
2025-08-27,639.543701171875,640.2755819843173,637.3578984386413,637.5062787617181,48341100
2025-08-28,641.8085327148438,642.3623933153343,638.267809046051,640.146950913372,61519500
2025-08-29,637.9810180664062,640.7404816664739,636.0919759234915,640.374480883152,74522200
2025-09-02,633.2533569335938,633.4709169972102,627.9619508913343,630.5136938017484,81983500
2025-09-03,636.6853637695312,637.1502445176759,633.4413400681225,635.6270824559713,70820900
2025-09-04,642.00634765625,642.0360478647699,636.4578416280056,637.3578424589464,65219200
2025-09-05,640.14697265625,645.0625384730564,636.2798483910566,644.3404973975818,85178900
2025-09-08,641.719482421875,642.7184234803435,640.1369806181674,641.5117620821245,63133100
2025-09-09,643.2030639648438,643.7272243154101,640.1271005117621,641.8579222981767,66133900
2025-09-10,645.0625,647.3768223058731,643.4997982019892,646.4570213518696,78034500
2025-09-11,650.4231567382812,651.1154976382888,646.4274520986086,647.0109525903231,69934400
2025-09-12,650.20556640625,651.8869485652141,649.701206088218,650.3934866540098,72780100
2025-09-15,653.6671142578125,653.7956944276398,652.114372883025,652.4110731340584,63772400
2025-09-16,652.76708984375,654.5276118800496,651.9857691498868,654.2209512044083,61169000
2025-09-17,651.9561767578125,654.4683196962441,647.1296508296768,652.7770978636573,101952200
2025-09-18,655.00244140625,657.6036246179045,653.0342590569163,654.6365009878455,90459200
2025-09-19,658.2465209960938,659.0895125014193,654.9438659954435,656.8877828567474,97945600
2025-09-22,661.3607177734375,661.8069717744121,656.7290467709187,656.7588293222589,69452200
2025-09-23,657.7605590820312,661.856628548307,656.5406245808955,661.2416672722171,81708900
2025-09-24,655.6677856445312,659.1489540239103,654.2495430702726,659.0497999269948,68082200
2025-09-25,652.6429443359375,653.9917550046746,649.0328388399253,652.5338627083877,89622100
2025-09-26,656.3819580078125,656.9274266555326,652.4743298182361,654.0909412604747,69179200
2025-09-29,658.2266845703125,659.8135740530697,656.4216318338509,658.9010899003678,73499000
2025-09-30,660.7061157226562,661.1722852976668,656.173659297658,657.4828203674869,86288000
2025-10-01,662.9574584960938,663.8698820443607,657.6117327913598,657.7208144097488,72545400
2025-10-02,663.7210693359375,665.0600128657511,661.3011766397112,664.9410037342527,56896000
2025-10-03,663.7112426757812,667.1527012490268,662.6698219114437,664.4848020775174,70494400
2025-10-06,666.0914916992188,666.9841207809839,663.9591941673339,666.1014192164715,54623300
2025-10-07,663.6219482421875,667.4601442579947,662.1838505424819,667.0138297258598,72020100
2025-10-08,667.5791625976562,667.6783772359653,663.919480237528,664.7426772273783,60702200
2025-10-09,665.6452026367188,668.4023890582872,663.7112737749407,667.9957845708525,66501900
2025-10-10,647.6542358398438,668.4122493878771,647.4757221413303,666.6071968358344,159422600
2025-10-13,657.5919189453125,659.664772492732,654.3488290056752,655.2216030747315,79560500
2025-10-14,656.78857421875,660.3590300864076,647.8030207789583,651.7701536094826,88779600
2025-10-15,659.7044067382812,664.7228272522149,653.5156893256119,661.3408732132422,81702600
2025-10-16,655.2117309570312,663.2154294168515,651.710706867285,661.3409444600238,110563300
2025-10-17,658.9308471679688,660.2895852935891,652.7322022395391,654.0810128478913,96500900
2025-10-20,665.7840576171875,666.6866142382812,661.7872027532737,661.8367798071084,60493400
2025-10-21,665.7741088867188,667.4601523988813,664.4748753427003,665.9229005771253,56249000
2025-10-22,662.3128051757812,666.4783066993808,657.8497808005621,666.4783066993808,80564000
2025-10-23,666.2402954101562,667.1825015615415,662.3128121266341,662.6301900162397,65604500
2025-10-24,671.6851806640625,672.8951271271609,670.0983517375236,670.9016937183009,74356500
2025-10-27,679.6094970703125,679.9070199177999,676.5151383891614,677.1201116013259,63339800
2025-10-28,681.4144897460938,683.2492642554724,679.2028328185232,681.4045622297778,61738100
2025-10-29,681.7418823242188,684.0328991417463,677.2590027977353,683.0609104229828,85657100
2025-10-30,674.2440185546875,680.3037996369978,674.2440185546875,678.2805836148408,76335800
2025-10-31,676.4556274414062,679.4508319897004,673.6587916341136,679.4111219213156,87164100
2025-11-03,677.7251586914062,680.1649066224819,674.3530715971103,680.0359699637585,57315000
2025-11-04,669.6917114257812,674.3729598389511,669.0371611161902,670.5545580097922,78427000
2025-11-05,672.012451171875,675.2654684624238,668.6304366940664,669.4337786331213,74402400
2025-11-06,664.8021850585938,671.8140994484131,663.2252231578799,670.9115428502156,85035300
2025-11-07,665.4567260742188,665.5658682287408,655.7769731606511,662.4218719882706,100592400
2025-11-10,675.8407592773438,676.57466917413,669.4834554774103,671.6752576501947,75842900
2025-11-11,677.3878784179688,677.9532020666294,673.1529450781785,674.3629519753922,58953400
2025-11-12,677.7647705078125,679.3318048264125,675.3547447293747,679.1631581075335,62312500
2025-11-13,666.5180053710938,675.265541055433,665.0105359672095,674.9085136071693,103457800
2025-11-14,666.4088745117188,670.1082064558575,657.8200586834998,659.9127066954921,96846700
2025-11-17,660.2002563476562,668.1742314199619,656.7290154076413,664.1971714004484,90456100
2025-11-18,654.6561889648438,659.6547538697382,650.4708329116884,656.6595496130724,114467500
2025-11-19,657.185302734375,661.856623370592,653.3371790986623,655.3505280387882,94703000
2025-11-20,647.1683349609375,670.0090710879778,646.5335791707308,667.3808213360044,165293500
2025-11-21,653.6148681640625,659.0894699034471,645.5020288545189,649.6675301260088,123956200
2025-11-24,663.2351684570312,664.5542570793402,656.1538823239337,657.2448196444445,80437900
2025-11-25,669.4734497070312,670.6536740212097,659.020017057554,663.135941149376,81077100
2025-11-26,674.09521484375,676.0986363282427,671.1595147067713,672.0620713400136,71879600
2025-11-28,677.7747192382812,678.0523870500939,674.9084513312986,675.2654787466182,49212000
2025-12-01,674.6802978515625,677.3779187836101,673.1628406770591,673.232272756968,61201200
2025-12-02,675.9300537109375,678.2012155152329,673.7481184984898,676.316803165018,62953800
2025-12-03,678.2706298828125,679.2822075879724,674.105128319461,674.9779023816353,57238500
2025-12-04,678.7665405273438,679.7384687237238,675.7416137771377,679.6690366334618,61970300
2025-12-05,680.0557861328125,682.7336127271673,678.9549213715281,679.8375623637357,79241000
2025-12-08,678.0127563476562,680.9980334759979,675.9696853695019,680.9484564225444,55231500
2025-12-09,677.4276123046875,679.7583392727543,676.9813582671167,677.5367544682442,58310100
2025-12-10,681.92041015625,683.3088703732143,675.711837383319,676.9515664343469,85671300
2025-12-11,683.5072631835938,683.5866227950731,676.5647802535024,679.5104080599091,86173700
2025-12-12,676.1581420898438,683.2196338188487,673.5893968987631,682.5154459360199,113160300
2025-12-15,675.1365356445312,680.1252340287925,673.6687159286942,680.1053789946951,90811000
2025-12-16,673.2918701171875,675.4837328267965,669.4338188610296,673.6488975485244,122030600
2025-12-17,665.8832397460938,674.8489377460819,665.6848710067972,674.3034691132465,110625200
2025-12-18,670.9114990234375,675.1464323222394,669.3544527925658,672.0322187932205,108650100
2025-12-19,676.9923095703125,677.4896664833268,672.8940327515619,673.0134542661981,103599500
2025-12-22,681.2098388671875,681.7370055876305,676.9922622536055,680.3245290528953,69556700
2025-12-23,684.3233032226562,684.562024812114,680.2548972126992,680.3046207584179,64840000
2025-12-24,686.7305297851562,687.1781631452748,684.164151137988,684.313382495532,39445600
2025-12-26,686.660888671875,688.0037280321676,685.6264081645946,686.989161229118,41613300
2025-12-29,684.2138671875,685.5567672531378,682.4433081832867,683.9055083361335,62559500
2025-12-30,683.3782958984375,684.9200900521846,682.9505762759469,683.8159723723246,47160700
2025-12-31,678.3152465820312,683.726492314561,678.1063955310838,683.5076844111845,74144800
2026-01-02,679.55859375,683.2390468658663,676.2263268834449,682.0852055985325,89377200
2026-01-05,684.0845947265625,685.7855773037328,682.7517121374489,682.910839643419,71927200
2026-01-06,688.1529541015625,688.6602678554459,684.1442890432024,684.2934596862484,69273800
2026-01-07,685.9347534179688,690.2916046822218,685.6761181181482,688.5309418430683,75588300
2026-01-08,685.8651123046875,686.9692300361542,683.8557710289468,685.1787573638412,64019200
2026-01-09,690.4010009765625,691.6344363504869,685.5368360184962,686.9791831428475,80125500
2026-01-12,691.4852294921875,692.410366767912,686.979207477028,687.0289310253164,63976000
2026-01-13,690.1026000976562,692.4103433578374,687.6953490317495,691.813478661017,78309700
2026-01-14,686.7105712890625,688.0633674208381,682.4134005947378,687.347202661372,94676700
2026-01-15,688.5806884765625,691.7737417111902,687.5959315038539,690.8983886882239,77862000
2026-01-16,688.0037231445312,690.5800586110835,686.4519720383781,689.9931507530615,79289200
2026-01-20,673.9981689453125,681.1501633341576,672.9934983300664,677.8874730475171,111623300
2026-01-21,681.77685546875,685.0991655259935,674.5452667925615,676.0572511802958,127844500
2026-01-22,685.3379516601562,687.476610793547,683.2888434897402,686.2033478813381,77112200
2026-01-23,685.5865478515625,687.3074439470811,683.5274830754288,684.5123006998919,63059600
2026-01-26,689.068115234375,690.4607389282814,686.2729717064406,686.8399658941375,60473800
2026-01-27,691.8134765625,692.8480177488461,689.9036431059924,690.5104039402848,55506100
2026-01-28,691.7438354492188,694.1510864943795,690.271678492269,693.3652237572153,61172200
2026-01-29,690.3711547851562,693.375209936545,681.2098793986574,692.7087686795362,97486200
2026-01-30,688.3121337890625,690.540343876794,683.4877957603626,688.1330925763239,101835100
2026-02-02,691.73388671875,693.2458711004026,685.7755608588325,685.9347490634862,79286500
2026-02-03,685.885009765625,693.2757257351432,680.4140840721383,692.529690413304,107904600
2026-02-04,682.5626831054688,687.7948875474046,678.1561081391175,686.7006659106327,105204600
2026-02-05,674.0379638671875,680.0758839506523,672.2176206040476,677.3404209861714,113610800
2026-02-06,686.96923828125,688.6503070282812,677.2508650473027,677.8576866055596,89127600
2026-02-09,690.2816162109375,692.1914496038428,684.7012866666231,685.7755337993461,73885200
2026-02-10,688.4613037109375,692.8579216647231,688.0037135108784,691.276360737094,65185700
2026-02-11,688.3021850585938,693.4547952732178,685.5368515439336,692.7087599208829,76353900
2026-02-12,677.668701171875,691.6742279947084,676.7734344520502,690.5701102294341,118829000
2026-02-13,678.1461181640625,682.6522007204912,673.9384983110481,678.0864377658819,96267500
2026-02-17,679.2402954101562,681.31927396984,672.2077222570326,676.5446598627462,81354700
2026-02-18,682.662109375,685.507036973797,679.2204384959671,680.4041503420104,73570300
2026-02-19,680.8616943359375,682.5527199680946,677.9471901363287,680.2251236342836,58649400
2026-02-20,685.7855834960938,686.4122580979458,678.126274472082,678.7131823752115,100034000
2026-02-23,678.7827758789062,686.3525334522094,676.7734345413753,684.1940214696967,90558100
2026-02-24,683.7164916992188,684.7112054782021,676.4053697086953,678.295350173768,73798700
2026-02-25,689.4859008789062,690.0130676270821,686.4519751919497,686.53156929616,56369500
2026-02-26,685.6561889648438,689.6350440416309,680.7323436648176,689.615191050754,71671000
2026-02-27,682.3637084960938,683.2291046432514,678.0367277603054,679.4790749097389,83308900
2026-03-02,682.7516479492188,684.9797970984218,674.4358553343317,675.1122534180175,87477200
2026-03-03,676.7337036132812,679.0016196644848,666.1200629162043,671.4915420947397,105003100
2026-03-04,681.50830078125,683.4579617719511,676.027417786932,678.026802327329,79182200
2026-03-05,677.7084350585938,681.9061587313661,672.0385544367263,678.4743840881955,106606500
2026-03-06,668.8256225585938,672.5358853430707,666.2194774432897,669.8501461298736,100687000
2026-03-09,674.6845092773438,676.3257505242918,658.888450195908,662.8673051642795,102667700
2026-03-10,673.6002807617188,679.7476047325034,671.1930903760745,674.1374043547928,81505300
2026-03-11,672.7548217773438,676.4849986405864,669.7806371390539,673.9982140650914,68441700
2026-03-12,662.5390625,668.0995392824933,662.3500644519811,667.6120785283837,108882200
2026-03-13,658.7890014648438,668.7859240392634,657.863924887251,665.7321452917186,97200200
2026-03-16,665.493408203125,668.5173163233716,663.5934708305671,664.8468199428278,82023100
2026-03-17,667.2440185546875,670.8747480492216,666.1598145596139,668.8355969918504,87128000
2026-03-18,657.9335327148438,666.1796881508768,657.6948111200146,664.8268919718373,82062600
2026-03-19,656.3121337890625,659.4753162945015,651.7066041735543,653.497076818377,111272500
2026-03-20,646.9034423828125,655.0025723674255,643.063298812559,654.8230422006715,163617500
2026-03-23,653.6959228515625,660.9173090129275,652.2596206790361,656.3790129905765,134802700
2026-03-24,651.5015869140625,655.3417305137531,648.2100787416998,649.6463809650626,96457500
2026-03-25,655.1322021484375,659.1917509309695,652.5588148295345,656.9774239230809,90653800
2026-03-26,643.432373046875,653.1672421520028,643.1630473705688,650.3844333840033,96494400
2026-03-27,632.4606323242188,641.0085567819559,631.4831091918358,640.8489947137006,103649400
2026-03-30,630.3460693359375,638.7245091624994,627.6630399662237,638.4651675144013,99275900
2026-03-31,648.6688842773438,649.865752001465,636.3405988140365,637.2981538716512,152534100
2026-04-01,653.5562744140625,656.8278752918841,651.3220400966815,652.219751792706,97841500
2026-04-02,654.144775390625,656.5086804928782,643.4522901873171,644.7589215344626,68358700
2026-04-06,657.23681640625,658.0247645183308,653.8356054757206,654.1746977251443,39105800
2026-04-07,657.5260009765625,657.9150134208243,649.386996170508,654.9626585699763,69980400
2026-04-08,674.27294921875,675.3402070755335,669.734652974974,674.6519776493207,93606100
2026-04-09,678.162841796875,679.4096297331154,672.0386657215836,673.1059235004034,57134400
2026-04-10,677.7140502929688,680.2774536083281,676.7066358948267,679.5692561407437,42253500
2026-04-13,684.3369750976562,684.536473353906,674.8414790590384,675.669302461078,54185800
2026-04-14,692.675537109375,692.7952238870419,685.8929616905456,685.9229138241225,63480500
2026-04-15,698.1414184570312,698.480571570673,692.4161778504387,693.4734516118131,58240400
2026-04-16,699.8569946289062,700.9741726960574,696.7350934539525,699.2585607342904,49972400
2026-04-17,708.3152465820312,710.5594650064761,703.9464965121796,704.3255249385737,70661900
2026-04-20,706.8988037109375,708.0857482546458,704.3254772575062,706.9587079747221,43546800
2026-04-21,702.2708129882812,709.4523240430285,700.8345107773317,708.4548936431559,58941400
2026-04-22,709.3825073242188,709.6218808832724,706.4001392457644,707.3278031045794,42518500
2026-04-23,706.6295776367188,710.5295037064266,700.4754491270062,707.6768673789517,56174000
2026-04-24,712.10546875,712.6340752101273,707.1881441382454,708.9236633096505,45182000
2026-04-27,713.332275390625,713.7911152864904,710.4696550399041,711.3374146094498,33135900
2026-04-28,709.8612060546875,711.0481506026886,707.4274735730012,709.9908768700561,43117400
2026-04-29,709.7515258789062,710.3699278433978,706.5497524472755,709.1729992133655,41859200
2026-04-30,716.8132934570312,717.9403946619685,708.6244289610544,712.7936806635566,67240900
2026-05-01,718.7982177734375,723.0073446973263,718.6186267345964,719.3966516418469,43049800
2026-05-04,716.1649780273438,720.2644021704073,713.152718877996,718.2196821209096,51950600
2026-05-05,721.9102172851562,723.1769124909786,719.6360467603954,719.9153564929043,36933200
2026-05-06,731.9443359375,732.7023927493656,725.9497697512824,726.288861980811,53288900
2026-05-07,729.7001342773438,734.238430329629,727.8748196364371,733.161188473549,51724600
2026-05-08,735.724609375,736.1834492768152,732.6824588199246,733.0415191543954,47227100
2026-05-11,737.4002685546875,738.8864300819614,734.5576163199453,734.5576163199453,44024000
2026-05-12,736.2831420898438,736.9414802248905,729.9494836014034,734.9964788307154,54185300
2026-05-13,740.4025268554688,741.9983910774667,733.5800764180441,736.5723674930287,44200200
2026-05-14,746.2474975585938,747.6040491923611,741.649357949993,741.7391534739264,45307600
2026-05-15,737.2706298828125,741.5496453663399,736.0637780312098,739.8838927249178,60410800
2026-05-18,736.751953125,739.5147938000424,731.5054597381557,737.9289136337939,47843900
2026-05-19,731.8446044921875,735.7545755811656,729.650306265128,732.8919551385734,54255900
2026-05-20,739.3452758789062,739.9636778498481,732.0042028263388,733.8195334397973,45768000
2026-05-21,740.8114624023438,742.9559620700644,735.1361419849363,736.7419902854853,43332200
2026-05-22,743.7239990234375,747.015507083493,742.566945697205,744.3224328967863,41762000
2026-05-26,748.6613159179688,750.1973368284331,746.4469887578754,748.0827892360243,41123600
2026-05-27,748.5316162109375,749.4492351039673,746.2973210478585,748.9505199197505,42106300
2026-05-28,752.6609497070312,753.2095851254732,747.3047533704411,748.3221518516883,41562600
2026-05-29,754.5361328125,756.1320579864754,752.7507543048832,753.9576670103595,55075700
2026-06-01,756.5908203125,758.3264003155792,752.7507376917755,753.4189990020213,43634900
2026-06-02,757.6182250976562,758.4461093852723,754.805464031348,755.0847737682097,31581900
2026-06-03,752.3018798828125,756.8501599793441,751.6336185743088,756.2018667594974,51402500
2026-06-04,755.1445922851562,756.3614281257201,749.5389775481502,750.1673635570705,49923000
2026-06-05,735.65478515625,750.8855669656407,733.6400171295905,750.3768677170906,93989400
2026-06-08,737.3204345703125,743.4247643242134,736.2931129658897,741.4498108327123,49319100
2026-06-09,735.1560668945312,744.9807928982774,720.7332622187009,741.7191759970133,87683500
2026-06-10,723.56591796875,736.4826536495077,723.4661992814284,731.5054857614351,60341300
2026-06-11,735.8642578125,738.0984921563339,722.5485255148498,726.8873842592473,86330500
2026-06-12,739.843994140625,742.5270843334097,733.1412911200548,738.8066884479139,57079500
2026-06-15,752.890380859375,754.7356026867302,749.8282623277308,749.9179969688896,60176400
2026-06-16,748.4019775390625,753.4988323298886,747.9531216783239,752.6111046530555,67093100
2026-06-17,739.0560302734375,750.217278570044,737.3204502885575,749.3594421826946,85945200
2026-06-18,746.739990234375,748.22998046875,743.8599853515625,747.760009765625,80875700
2026-06-22,744.3900146484375,750.1799926757812,743.1300048828125,747.7000122070312,46628100
2026-06-23,733.5800170898438,739.6300048828125,732.2999877929688,733.8099975585938,66846800
2026-06-24,733.239990234375,739.9500122070312,730.8400268554688,735.1699829101562,57439500
2026-06-25,734.2999877929688,739.3699951171875,729.5999755859375,738.9099731445312,53934400
2026-06-26,728.989990234375,736.530029296875,716.5800170898438,728.9500122070312,71034000
2026-06-29,741.0,741.5599975585938,732.0900268554688,736.530029296875,58035200
2026-06-30,746.77001953125,748.02001953125,740.8900146484375,741.2899780273438,55626000
2026-07-01,745.760009765625,749.4400024414062,742.3800048828125,745.0,47100900
2026-07-02,744.780029296875,751.3099975585938,740.030029296875,747.4000244140625,57447800
2026-07-06,751.280029296875,752.4099731445312,747.4099731445312,748.739990234375,50673300
2026-07-07,747.7100219726562,750.9600219726562,745.2100219726562,750.219970703125,43721500
2026-07-08,745.4000244140625,746.1500244140625,739.510009765625,743.1599731445312,43767400
2026-07-09,751.7100219726562,751.969970703125,745.5900268554688,747.3499755859375,41441700
2026-07-10,754.9500122070312,755.4199829101562,748.0999755859375,752.0499877929688,42191300
2026-07-13,749.1699829101562,753.9099731445312,748.0,752.469970703125,44013600
2026-07-14,751.8300170898438,753.3400268554688,748.6599731445312,750.9099731445312,35143100
2026-07-15,754.8099975585938,755.5800170898438,750.2000122070312,754.239990234375,43844800
2026-07-16,750.719970703125,754.5700073242188,747.8800048828125,752.760009765625,46409800
2026-07-17,743.2899780273438,747.2899780273438,740.7999877929688,742.0800170898438,62651000
2026-07-20,742.0900268554688,748.72998046875,741.510009765625,747.0599975585938,50422300
2026-07-21,748.280029296875,749.0399780273438,744.1799926757812,746.2899780273438,34324300
2026-07-22,747.4099731445312,750.02001953125,746.3699951171875,746.6199951171875,32836200
2026-07-23,738.1799926757812,742.5599975585938,735.2100219726562,739.3699951171875,55437300
2026-07-24,738.9299926757812,743.719970703125,737.2899780273438,738.510009765625,44782000
2026-07-27,739.0900268554688,745.530029296875,735.8699951171875,744.9099731445312,41461200
2026-07-28,740.8599853515625,742.7899780273438,735.97998046875,739.1900024414062,47322200
2026-07-29,729.4600219726562,742.6799926757812,729.0999755859375,739.969970703125,70697200
2026-07-30,741.6900024414062,742.4500122070312,734.5900268554688,736.0499877929688,66811300
2026-07-31,747.030029296875,748.9000244140625,737.6799926757812,744.6799926757812,62445900
2026-08-03,757.6699829101562,758.5800170898438,748.7999877929688,749.4400024414062,59927500
2026-08-04,771.3300170898438,773.4099731445312,760.52001953125,760.6300048828125,69154800
2026-08-05,769.7899780273438,776.8499755859375,769.510009765625,775.8499755859375,44689100
2026-08-06,768.5599975585938,771.8200073242188,767.4600219726562,770.2100219726562,38416900
2026-08-07,773.260009765625,773.9199829101562,769.6099853515625,771.02001953125,43586300
2026-08-10,773.030029296875,775.0499877929688,771.6199951171875,772.5999755859375,39249500
2026-08-11,770.5599975585938,774.6099853515625,769.2000122070312,774.530029296875,36740600
2026-08-12,772.489990234375,774.9000244140625,771.280029296875,774.7100219726562,33179100
2026-08-13,777.8800048828125,779.3699951171875,774.1099853515625,774.8699951171875,35634500
2026-08-14,776.3400268554688,778.7999877929688,775.4299926757812,778.5399780273438,31367900
2026-08-17,772.6699829101562,776.780029296875,772.510009765625,776.1799926757812,34356600
2026-08-18,767.4500122070312,769.5,766.9199829101562,768.7000122070312,43920900
2026-08-19,769.0599975585938,772.469970703125,768.0999755859375,770.3599853515625,40306000
2026-08-20,762.5999755859375,768.1500244140625,762.0399780273438,765.9600219726562,45520300
2026-08-21,765.719970703125,767.8499755859375,764.1699829101562,766.0499877929688,39188700
2026-08-24,763.469970703125,765.219970703125,762.0800170898438,764.780029296875,32430900
2026-08-25,765.9099731445312,766.780029296875,763.0499877929688,766.1599731445312,27422300
2026-08-26,766.0800170898438,767.3499755859375,763.9299926757812,764.72998046875,28751600
2026-08-27,771.0999755859375,772.3599853515625,767.1599731445312,768.5,34557100
2026-08-28,769.3499755859375,775.2999877929688,768.3099975585938,771.760009765625,36744300
2026-08-31,767.0499877929688,768.0,764.719970703125,767.3300170898438,38810800
2026-09-01,761.780029296875,764.6699829101562,759.47998046875,762.010009765625,41054800
2026-09-02,765.3350219726562,766.4299926757812,761.72998046875,762.4500122070312,10114757
